image_filename,file_page_url,image_url,source_category,license,used
Clarabow.jpg,https://commons.wikimedia.org/wiki/File:Clarabow.jpg,https://upload.wikimedia.org/wikipedia/commons/b/b8/Clarabow.jpg,Clara Bow,Public domain,2026-08-27
Gene Tierney - Studio portrait (1941).png,https://commons.wikimedia.org/wiki/File:Gene_Tierney_-_Studio_portrait_%281941%29.png,https://upload.wikimedia.org/wikipedia/commons/4/4d/Gene_Tierney_-_Studio_portrait_%281941%29.png,Gene Tierney,Public domain,2026-09-02
"Brooks ""in the air"" 1927.jpg",https://commons.wikimedia.org/wiki/File:Brooks_%22in_the_air%22_1927.jpg,https://upload.wikimedia.org/wikipedia/commons/5/5f/Brooks_%22in_the_air%22_1927.jpg,Louise Brooks,Public domain,2026-08-31
Brooks MPC 1926.jpg,https://commons.wikimedia.org/wiki/File:Brooks_MPC_1926.jpg,https://upload.wikimedia.org/wikipedia/commons/7/74/Brooks_MPC_1926.jpg,Louise Brooks,Public domain,2026-09-04
Brooks-Louise ca. 1925.jpg,https://commons.wikimedia.org/wiki/File:Brooks-Louise_ca._1925.jpg,https://upload.wikimedia.org/wikipedia/commons/a/ae/Brooks-Louise_ca._1925.jpg,Louise Brooks,Public domain,2026-08-26
Film actress Louise Brooks (SAYRE 13735).jpg,https://commons.wikimedia.org/wiki/File:Film_actress_Louise_Brooks_%28SAYRE_13735%29.jpg,https://upload.wikimedia.org/wikipedia/commons/2/24/Film_actress_Louise_Brooks_%28SAYRE_13735%29.jpg,Louise Brooks,Public domain,2026-09-03
Film actress Louise Brooks (SAYRE 13807).jpg,https://commons.wikimedia.org/wiki/File:Film_actress_Louise_Brooks_%28SAYRE_13807%29.jpg,https://upload.wikimedia.org/wikipedia/commons/2/28/Film_actress_Louise_Brooks_%28SAYRE_13807%29.jpg,Louise Brooks,Public domain,2026-08-26
"LB ""just another blonde"" 1926.jpg",https://commons.wikimedia.org/wiki/File:LB_%22just_another_blonde%22_1926.jpg,https://upload.wikimedia.org/wikipedia/commons/b/b5/LB_%22just_another_blonde%22_1926.jpg,Louise Brooks,Public domain,2026-09-02
"LB ""Picture Goer,"" 1928.jpg",https://commons.wikimedia.org/wiki/File:LB_%22Picture_Goer%2C%22_1928.jpg,https://upload.wikimedia.org/wikipedia/commons/f/fe/LB_%22Picture_Goer%2C%22_1928.jpg,Louise Brooks,Public domain,2026-09-03
LB 1925 Boris 2.jpg,https://commons.wikimedia.org/wiki/File:LB_1925_Boris_2.jpg,https://upload.wikimedia.org/wikipedia/commons/0/04/LB_1925_Boris_2.jpg,Louise Brooks,Public domain,2026-09-03
LB 1926 RICHEE.jpg,https://commons.wikimedia.org/wiki/File:LB_1926_RICHEE.jpg,https://upload.wikimedia.org/wikipedia/commons/3/31/LB_1926_RICHEE.jpg,Louise Brooks,Public domain,2026-09-02
LB 1927 P703-126.jpg,https://commons.wikimedia.org/wiki/File:LB_1927_P703-126.jpg,https://upload.wikimedia.org/wikipedia/commons/6/67/LB_1927_P703-126.jpg,Louise Brooks,Public domain,2026-09-04
LB 1927 P703-153.jpg,https://commons.wikimedia.org/wiki/File:LB_1927_P703-153.jpg,https://upload.wikimedia.org/wikipedia/commons/1/13/LB_1927_P703-153.jpg,Louise Brooks,Public domain,2026-09-02
LB 1927 P703-69.jpg,https://commons.wikimedia.org/wiki/File:LB_1927_P703-69.jpg,https://upload.wikimedia.org/wikipedia/commons/2/21/LB_1927_P703-69.jpg,Louise Brooks,Public domain,2026-08-26
LB 1927 P703-74.jpg,https://commons.wikimedia.org/wiki/File:LB_1927_P703-74.jpg,https://upload.wikimedia.org/wikipedia/commons/8/8c/LB_1927_P703-74.jpg,Louise Brooks,Public domain,2026-09-03
LB 1927 P703-83.jpg,https://commons.wikimedia.org/wiki/File:LB_1927_P703-83.jpg,https://upload.wikimedia.org/wikipedia/commons/e/ec/LB_1927_P703-83.jpg,Louise Brooks,Public domain,2026-09-03
"LB ACJ 1, ca. 1925.jpg",https://commons.wikimedia.org/wiki/File:LB_ACJ_1%2C_ca._1925.jpg,https://upload.wikimedia.org/wikipedia/commons/e/e3/LB_ACJ_1%2C_ca._1925.jpg,Louise Brooks,Public domain,2026-08-26
LB Bangs 1929.jpg,https://commons.wikimedia.org/wiki/File:LB_Bangs_1929.jpg,https://upload.wikimedia.org/wikipedia/commons/9/98/LB_Bangs_1929.jpg,Louise Brooks,Public domain,2026-08-31
"LB cambridge front, ca. 1927.jpg",https://commons.wikimedia.org/wiki/File:LB_cambridge_front%2C_ca._1927.jpg,https://upload.wikimedia.org/wikipedia/commons/2/27/LB_cambridge_front%2C_ca._1927.jpg,Louise Brooks,Public domain,2026-09-05
LB Filmjournalen 1927.png,https://commons.wikimedia.org/wiki/File:LB_Filmjournalen_1927.png,https://upload.wikimedia.org/wikipedia/commons/f/f5/LB_Filmjournalen_1927.png,Louise Brooks,Public domain,2026-09-02
"LB for 1926 MPC cover, 1925 by Nishiyama.jpg",https://commons.wikimedia.org/wiki/File:LB_for_1926_MPC_cover%2C_1925_by_Nishiyama.jpg,https://upload.wikimedia.org/wikipedia/commons/1/1f/LB_for_1926_MPC_cover%2C_1925_by_Nishiyama.jpg,Louise Brooks,Public domain,LOWRES
LB Garden of Girls 1925.jpg,https://commons.wikimedia.org/wiki/File:LB_Garden_of_Girls_1925.jpg,https://upload.wikimedia.org/wikipedia/commons/0/06/LB_Garden_of_Girls_1925.jpg,Louise Brooks,Public domain,2026-09-04
LB MBoris 1925.png,https://commons.wikimedia.org/wiki/File:LB_MBoris_1925.png,https://upload.wikimedia.org/wikipedia/commons/9/90/LB_MBoris_1925.png,Louise Brooks,Public domain,2026-08-31
LB Pajamas 1927.jpg,https://commons.wikimedia.org/wiki/File:LB_Pajamas_1927.jpg,https://upload.wikimedia.org/wikipedia/commons/e/ee/LB_Pajamas_1927.jpg,Louise Brooks,Public domain,2026-08-31
"LB Pandora reward, 1929.jpg",https://commons.wikimedia.org/wiki/File:LB_Pandora_reward%2C_1929.jpg,https://upload.wikimedia.org/wikipedia/commons/d/d6/LB_Pandora_reward%2C_1929.jpg,Louise Brooks,Public domain,2026-08-26
LB phono 1926 back.png,https://commons.wikimedia.org/wiki/File:LB_phono_1926_back.png,https://upload.wikimedia.org/wikipedia/commons/e/ef/LB_phono_1926_back.png,Louise Brooks,Public domain,2026-08-26
LB phono 1926 front.png,https://commons.wikimedia.org/wiki/File:LB_phono_1926_front.png,https://upload.wikimedia.org/wikipedia/commons/c/c9/LB_phono_1926_front.png,Louise Brooks,Public domain,2026-09-05
"LB Smart Set, 1927.jpg",https://commons.wikimedia.org/wiki/File:LB_Smart_Set%2C_1927.jpg,https://upload.wikimedia.org/wikipedia/commons/9/96/LB_Smart_Set%2C_1927.jpg,Louise Brooks,Public domain,2026-08-31
"LB Xmas, ca. 1927.jpg",https://commons.wikimedia.org/wiki/File:LB_Xmas%2C_ca._1927.jpg,https://upload.wikimedia.org/wikipedia/commons/0/00/LB_Xmas%2C_ca._1927.jpg,Louise Brooks,Public domain,LOWRES
"Louise Brooks bob, ca. 1926.jpg",https://commons.wikimedia.org/wiki/File:Louise_Brooks_bob%2C_ca._1926.jpg,https://upload.wikimedia.org/wikipedia/commons/d/da/Louise_Brooks_bob%2C_ca._1926.jpg,Louise Brooks,Public domain,2026-09-02
Louise Brooks by ET Monroe 1926.jpg,https://commons.wikimedia.org/wiki/File:Louise_Brooks_by_ET_Monroe_1926.jpg,https://upload.wikimedia.org/wikipedia/commons/1/16/Louise_Brooks_by_ET_Monroe_1926.jpg,Louise Brooks,Public domain,2026-08-30
Louise Brooks ca. 1925.webp,https://commons.wikimedia.org/wiki/File:Louise_Brooks_ca._1925.webp,https://upload.wikimedia.org/wikipedia/commons/c/cc/Louise_Brooks_ca._1925.webp,Louise Brooks,Public domain,2026-09-02
"Louise Brooks Headdress, ca. 1925.jpg",https://commons.wikimedia.org/wiki/File:Louise_Brooks_Headdress%2C_ca._1925.jpg,https://upload.wikimedia.org/wikipedia/commons/d/dd/Louise_Brooks_Headdress%2C_ca._1925.jpg,Louise Brooks,Public domain,2026-08-27
"Louise Brooks scarf, ca. 1926.jpg",https://commons.wikimedia.org/wiki/File:Louise_Brooks_scarf%2C_ca._1926.jpg,https://upload.wikimedia.org/wikipedia/commons/5/5d/Louise_Brooks_scarf%2C_ca._1926.jpg,Louise Brooks,Public domain,2026-08-26
"Louise Brooks suit, ca. 1926.png",https://commons.wikimedia.org/wiki/File:Louise_Brooks_suit%2C_ca._1926.png,https://upload.wikimedia.org/wikipedia/commons/c/c0/Louise_Brooks_suit%2C_ca._1926.png,Louise Brooks,Public domain,LOWRES
"Louise Brooks, 1926.png",https://commons.wikimedia.org/wiki/File:Louise_Brooks%2C_1926.png,https://upload.wikimedia.org/wikipedia/commons/7/7d/Louise_Brooks%2C_1926.png,Louise Brooks,Public domain,2026-09-03
"Louise Brooks, 1931.jpg",https://commons.wikimedia.org/wiki/File:Louise_Brooks%2C_1931.jpg,https://upload.wikimedia.org/wikipedia/commons/8/86/Louise_Brooks%2C_1931.jpg,Louise Brooks,Public domain,2026-08-28
"Louise Brooks, AV, 1926.jpg",https://commons.wikimedia.org/wiki/File:Louise_Brooks%2C_AV%2C_1926.jpg,https://upload.wikimedia.org/wikipedia/commons/6/62/Louise_Brooks%2C_AV%2C_1926.jpg,Louise Brooks,Public domain,2026-09-06
"Louise Brooks, ca. 1926.jpg",https://commons.wikimedia.org/wiki/File:Louise_Brooks%2C_ca._1926.jpg,https://upload.wikimedia.org/wikipedia/commons/c/c9/Louise_Brooks%2C_ca._1926.jpg,Louise Brooks,Public domain,2026-08-27
"Louise Brooks, Prix de Beaute, 1930.jpg",https://commons.wikimedia.org/wiki/File:Louise_Brooks%2C_Prix_de_Beaute%2C_1930.jpg,https://upload.wikimedia.org/wikipedia/commons/c/cb/Louise_Brooks%2C_Prix_de_Beaute%2C_1930.jpg,Louise Brooks,Public domain,2026-08-27
Louise-Brooks-1926.png,https://commons.wikimedia.org/wiki/File:Louise-Brooks-1926.png,https://upload.wikimedia.org/wikipedia/commons/c/cd/Louise-Brooks-1926.png,Louise Brooks,Public domain,2026-09-01
Louisebrooks.jpg,https://commons.wikimedia.org/wiki/File:Louisebrooks.jpg,https://upload.wikimedia.org/wikipedia/commons/3/36/Louisebrooks.jpg,Louise Brooks,Public domain,2026-08-31
"Love-em-and-Leave-em-3, 1926.jpg",https://commons.wikimedia.org/wiki/File:Love-em-and-Leave-em-3%2C_1926.jpg,https://upload.wikimedia.org/wikipedia/commons/c/cc/Love-em-and-Leave-em-3%2C_1926.jpg,Louise Brooks,Public domain,2026-08-26
"Stanwyck, Barbara ca. 1924.webp",https://commons.wikimedia.org/wiki/File:Stanwyck%2C_Barbara_ca._1924.webp,https://upload.wikimedia.org/wikipedia/commons/9/94/Stanwyck%2C_Barbara_ca._1924.webp,Barbara Stanwyck,Public domain,2026-08-30
Claudette Colbert 1931.jpg,https://commons.wikimedia.org/wiki/File:Claudette_Colbert_1931.jpg,https://upload.wikimedia.org/wikipedia/commons/a/a1/Claudette_Colbert_1931.jpg,Claudette Colbert,Public domain,2026-09-02
Dorothy Lamour - Studio portrait (1937).png,https://commons.wikimedia.org/wiki/File:Dorothy_Lamour_-_Studio_portrait_%281937%29.png,https://upload.wikimedia.org/wikipedia/commons/b/b0/Dorothy_Lamour_-_Studio_portrait_%281937%29.png,Dorothy Lamour,Public domain,2026-09-01
Ginger Rogers - Follow the Fleet (1936) (49681853651).jpg,https://commons.wikimedia.org/wiki/File:Ginger_Rogers_-_Follow_the_Fleet_%281936%29_%2849681853651%29.jpg,https://upload.wikimedia.org/wikipedia/commons/2/23/Ginger_Rogers_-_Follow_the_Fleet_%281936%29_%2849681853651%29.jpg,Ginger Rogers,Public domain,2026-08-31
Maureen O'Hara 1947 2.jpg,https://commons.wikimedia.org/wiki/File:Maureen_O%27Hara_1947_2.jpg,https://upload.wikimedia.org/wikipedia/commons/6/66/Maureen_O%27Hara_1947_2.jpg,Maureen O'Hara,Public domain,2026-09-02
Maureen O'Hara 1947.jpg,https://commons.wikimedia.org/wiki/File:Maureen_O%27Hara_1947.jpg,https://upload.wikimedia.org/wikipedia/commons/1/19/Maureen_O%27Hara_1947.jpg,Maureen O'Hara,Public domain,2026-09-06
Maureen O'Hara 1950.jpg,https://commons.wikimedia.org/wiki/File:Maureen_O%27Hara_1950.jpg,https://upload.wikimedia.org/wikipedia/commons/3/32/Maureen_O%27Hara_1950.jpg,Maureen O'Hara,Public domain,2026-09-01
Maureen O'Hara with sisters Margot and Florrie 1947.jpg,https://commons.wikimedia.org/wiki/File:Maureen_O%27Hara_with_sisters_Margot_and_Florrie_1947.jpg,https://upload.wikimedia.org/wikipedia/commons/d/d7/Maureen_O%27Hara_with_sisters_Margot_and_Florrie_1947.jpg,Maureen O'Hara,Public domain,2026-09-05
Jane Russell (1945).jpg,https://commons.wikimedia.org/wiki/File:Jane_Russell_%281945%29.jpg,https://upload.wikimedia.org/wikipedia/commons/3/34/Jane_Russell_%281945%29.jpg,Jane Russell,Public domain,2026-08-30
Jane Russell 1954.jpg,https://commons.wikimedia.org/wiki/File:Jane_Russell_1954.jpg,https://upload.wikimedia.org/wikipedia/commons/d/d2/Jane_Russell_1954.jpg,Jane Russell,Public domain,2026-09-03
Jane Russell NY Sunday News 1949.jpg,https://commons.wikimedia.org/wiki/File:Jane_Russell_NY_Sunday_News_1949.jpg,https://upload.wikimedia.org/wikipedia/commons/8/82/Jane_Russell_NY_Sunday_News_1949.jpg,Jane Russell,Public domain,2026-09-03
Betty Grable 1943 Yank.jpg,https://commons.wikimedia.org/wiki/File:Betty_Grable_1943_Yank.jpg,https://upload.wikimedia.org/wikipedia/commons/2/21/Betty_Grable_1943_Yank.jpg,Betty Grable,Public domain,2026-09-03
Betty Grable - Studio portrait (1935).png,https://commons.wikimedia.org/wiki/File:Betty_Grable_-_Studio_portrait_%281935%29.png,https://upload.wikimedia.org/wikipedia/commons/1/15/Betty_Grable_-_Studio_portrait_%281935%29.png,Betty Grable,Public domain,2026-08-30
"Betty Grable with Vicki and Jessica, 1950.jpg",https://commons.wikimedia.org/wiki/File:Betty_Grable_with_Vicki_and_Jessica%2C_1950.jpg,https://upload.wikimedia.org/wikipedia/commons/d/d5/Betty_Grable_with_Vicki_and_Jessica%2C_1950.jpg,Betty Grable,Public domain,2026-09-05
Jayne Mansfield (Kiss them for me-1957).jpg,https://commons.wikimedia.org/wiki/File:Jayne_Mansfield_%28Kiss_them_for_me-1957%29.jpg,https://upload.wikimedia.org/wikipedia/commons/5/51/Jayne_Mansfield_%28Kiss_them_for_me-1957%29.jpg,Jayne Mansfield,Public domain,2026-08-30
"Raquel Welch, 1967 photo.jpg",https://commons.wikimedia.org/wiki/File:Raquel_Welch%2C_1967_photo.jpg,https://upload.wikimedia.org/wikipedia/commons/4/4a/Raquel_Welch%2C_1967_photo.jpg,Raquel Welch,Public domain,2026-09-01
Marlene Dietrich 02b.jpg,https://commons.wikimedia.org/wiki/File:Marlene_Dietrich_02b.jpg,https://upload.wikimedia.org/wikipedia/commons/1/1e/Marlene_Dietrich_02b.jpg,Marlene Dietrich,Public domain,2026-09-03
Angel (1937).jpg,https://commons.wikimedia.org/wiki/File:Angel_%281937%29.jpg,https://upload.wikimedia.org/wikipedia/commons/c/cd/Angel_%281937%29.jpg,Marlene Dietrich,Public domain,2026-08-30
Destry-Rides-Again-1939 (original).jpg,https://commons.wikimedia.org/wiki/File:Destry-Rides-Again-1939_%28original%29.jpg,https://upload.wikimedia.org/wikipedia/commons/a/a0/Destry-Rides-Again-1939_%28original%29.jpg,Marlene Dietrich,Public domain,LOWRES
Film actress Marlene Dietrich (SAYRE 23426).jpg,https://commons.wikimedia.org/wiki/File:Film_actress_Marlene_Dietrich_%28SAYRE_23426%29.jpg,https://upload.wikimedia.org/wikipedia/commons/2/2d/Film_actress_Marlene_Dietrich_%28SAYRE_23426%29.jpg,Marlene Dietrich,Public domain,2026-08-30
"Maria Magdalena von Losch (Marlene Dietrich) wordt geboren op 27 december 1901, SFA005001435.jpg",https://commons.wikimedia.org/wiki/File:Maria_Magdalena_von_Losch_%28Marlene_Dietrich%29_wordt_geboren_op_27_december_1901%2C_SFA005001435.jpg,https://upload.wikimedia.org/wikipedia/commons/b/bc/Maria_Magdalena_von_Losch_%28Marlene_Dietrich%29_wordt_geboren_op_27_december_1901%2C_SFA005001435.jpg,Marlene Dietrich,Public domain,2026-08-30
Film actress Doris Day (SAYRE 22189).jpg,https://commons.wikimedia.org/wiki/File:Film_actress_Doris_Day_%28SAYRE_22189%29.jpg,https://upload.wikimedia.org/wikipedia/commons/4/4e/Film_actress_Doris_Day_%28SAYRE_22189%29.jpg,Doris Day,Public domain,2026-09-02
With Six You Get Eggroll (1968) publicity photo of Doris Day (2).jpg,https://commons.wikimedia.org/wiki/File:With_Six_You_Get_Eggroll_%281968%29_publicity_photo_of_Doris_Day_%282%29.jpg,https://upload.wikimedia.org/wikipedia/commons/e/e6/With_Six_You_Get_Eggroll_%281968%29_publicity_photo_of_Doris_Day_%282%29.jpg,Doris Day,Public domain,2026-09-05
Baby Gumm in costume.webp,https://commons.wikimedia.org/wiki/File:Baby_Gumm_in_costume.webp,https://upload.wikimedia.org/wikipedia/commons/0/0e/Baby_Gumm_in_costume.webp,Judy Garland,Public domain,2026-09-04
Portrait photo of Garland circa 1936.png,https://commons.wikimedia.org/wiki/File:Portrait_photo_of_Garland_circa_1936.png,https://upload.wikimedia.org/wikipedia/commons/c/ca/Portrait_photo_of_Garland_circa_1936.png,Judy Garland,Public domain,2026-09-02
"Elda Furry, stage actress (SAYRE 125).jpg",https://commons.wikimedia.org/wiki/File:Elda_Furry%2C_stage_actress_%28SAYRE_125%29.jpg,https://upload.wikimedia.org/wikipedia/commons/e/e7/Elda_Furry%2C_stage_actress_%28SAYRE_125%29.jpg,Hedda Hopper,Public domain,2026-09-02
"Elda Furry, stage actress (SAYRE 900).jpg",https://commons.wikimedia.org/wiki/File:Elda_Furry%2C_stage_actress_%28SAYRE_900%29.jpg,https://upload.wikimedia.org/wikipedia/commons/5/5d/Elda_Furry%2C_stage_actress_%28SAYRE_900%29.jpg,Hedda Hopper,Public domain,2026-09-04
Cary Grant 1940s publicity photo.jpg,https://commons.wikimedia.org/wiki/File:Cary_Grant_1940s_publicity_photo.jpg,https://upload.wikimedia.org/wikipedia/commons/2/22/Cary_Grant_1940s_publicity_photo.jpg,Cary Grant,Public domain,2026-09-05
Cary Grant Publicity Photo 1940s.jpg,https://commons.wikimedia.org/wiki/File:Cary_Grant_Publicity_Photo_1940s.jpg,https://upload.wikimedia.org/wikipedia/commons/c/c6/Cary_Grant_Publicity_Photo_1940s.jpg,Cary Grant,Public domain,2026-09-02
Clark Gable 1949.jpg,https://commons.wikimedia.org/wiki/File:Clark_Gable_1949.jpg,https://upload.wikimedia.org/wikipedia/commons/d/dc/Clark_Gable_1949.jpg,Clark Gable,Public domain,2026-08-30
Gary Cooper - The Lives of a Bengal Lancer (1935) (43762352275).jpg,https://commons.wikimedia.org/wiki/File:Gary_Cooper_-_The_Lives_of_a_Bengal_Lancer_%281935%29_%2843762352275%29.jpg,https://upload.wikimedia.org/wikipedia/commons/0/0e/Gary_Cooper_-_The_Lives_of_a_Bengal_Lancer_%281935%29_%2843762352275%29.jpg,Gary Cooper,Public domain,2026-09-06
"Tyrone Power and Annabella, 1943.jpg",https://commons.wikimedia.org/wiki/File:Tyrone_Power_and_Annabella%2C_1943.jpg,https://upload.wikimedia.org/wikipedia/commons/3/34/Tyrone_Power_and_Annabella%2C_1943.jpg,Tyrone Power,Public domain,2026-08-30
"Rock Hudson, August 1954.jpg",https://commons.wikimedia.org/wiki/File:Rock_Hudson%2C_August_1954.jpg,https://upload.wikimedia.org/wikipedia/commons/3/3c/Rock_Hudson%2C_August_1954.jpg,Rock Hudson,Public domain,2026-09-04
Frank Sinatra (1957).jpg,https://commons.wikimedia.org/wiki/File:Frank_Sinatra_%281957%29.jpg,https://upload.wikimedia.org/wikipedia/commons/4/41/Frank_Sinatra_%281957%29.jpg,Frank Sinatra,Public domain,2026-08-30
Steve-McQueen-1965-1.jpg,https://commons.wikimedia.org/wiki/File:Steve-McQueen-1965-1.jpg,https://upload.wikimedia.org/wikipedia/commons/c/c0/Steve-McQueen-1965-1.jpg,Steve McQueen,Public domain,2026-09-05
Renée Adorée 32653u.tif,https://commons.wikimedia.org/wiki/File:Ren%C3%A9e_Ador%C3%A9e_32653u.tif,https://upload.wikimedia.org/wikipedia/commons/1/12/Ren%C3%A9e_Ador%C3%A9e_32653u.tif,Black and white portrait photographs of actresses,Public domain,2026-09-21
Alice Terry by Alfred Cheney Johnston.jpg,https://commons.wikimedia.org/wiki/File:Alice_Terry_by_Alfred_Cheney_Johnston.jpg,https://upload.wikimedia.org/wikipedia/commons/6/6c/Alice_Terry_by_Alfred_Cheney_Johnston.jpg,Black and white portrait photographs of actresses,Public domain,2026-08-30
Ann Little - Dec 1919 EH.jpg,https://commons.wikimedia.org/wiki/File:Ann_Little_-_Dec_1919_EH.jpg,https://upload.wikimedia.org/wikipedia/commons/c/c4/Ann_Little_-_Dec_1919_EH.jpg,Black and white portrait photographs of actresses,Public domain,LOWRES
Arshalouis Aivazian in MotorPsycho.jpg,https://commons.wikimedia.org/wiki/File:Arshalouis_Aivazian_in_MotorPsycho.jpg,https://upload.wikimedia.org/wikipedia/commons/9/90/Arshalouis_Aivazian_in_MotorPsycho.jpg,Black and white portrait photographs of actresses,Public domain,2026-09-03
Barbara Mujica por Annemarie Heinrich.jpg,https://commons.wikimedia.org/wiki/File:Barbara_Mujica_por_Annemarie_Heinrich.jpg,https://upload.wikimedia.org/wikipedia/commons/9/91/Barbara_Mujica_por_Annemarie_Heinrich.jpg,Black and white portrait photographs of actresses,Public domain,2026-08-31
Bebe Daniels - Cadmium Orange.jpg,https://commons.wikimedia.org/wiki/File:Bebe_Daniels_-_Cadmium_Orange.jpg,https://upload.wikimedia.org/wikipedia/commons/6/68/Bebe_Daniels_-_Cadmium_Orange.jpg,Black and white portrait photographs of actresses,Public domain,2026-08-28
"Bebe Daniels by National Photo Company, 1925.jpg",https://commons.wikimedia.org/wiki/File:Bebe_Daniels_by_National_Photo_Company%2C_1925.jpg,https://upload.wikimedia.org/wikipedia/commons/9/92/Bebe_Daniels_by_National_Photo_Company%2C_1925.jpg,Black and white portrait photographs of actresses,Public domain,2026-08-27
Billie Dove - Cobalt Blue.jpg,https://commons.wikimedia.org/wiki/File:Billie_Dove_-_Cobalt_Blue.jpg,https://upload.wikimedia.org/wikipedia/commons/0/0e/Billie_Dove_-_Cobalt_Blue.jpg,Black and white portrait photographs of actresses,Public domain,2026-09-04
"Bárbara Mujica by Annemarie Heinrich, 1965.jpg",https://commons.wikimedia.org/wiki/File:B%C3%A1rbara_Mujica_by_Annemarie_Heinrich%2C_1965.jpg,https://upload.wikimedia.org/wikipedia/commons/b/ba/B%C3%A1rbara_Mujica_by_Annemarie_Heinrich%2C_1965.jpg,Black and white portrait photographs of actresses,Public domain,LOWRES
Clara Kimball Young 1916.jpg,https://commons.wikimedia.org/wiki/File:Clara_Kimball_Young_1916.jpg,https://upload.wikimedia.org/wikipedia/commons/9/9f/Clara_Kimball_Young_1916.jpg,Black and white portrait photographs of actresses,Public domain,2026-09-02
Clara Bow 1927.jpg,https://commons.wikimedia.org/wiki/File:Clara_Bow_1927.jpg,https://upload.wikimedia.org/wikipedia/commons/a/a9/Clara_Bow_1927.jpg,Black and white portrait photographs of actresses,Public domain,2026-08-28
Clara Bow by Eugene Robert Richee.jpg,https://commons.wikimedia.org/wiki/File:Clara_Bow_by_Eugene_Robert_Richee.jpg,https://upload.wikimedia.org/wikipedia/commons/7/7e/Clara_Bow_by_Eugene_Robert_Richee.jpg,Black and white portrait photographs of actresses,Public domain,2026-08-31
Corinne Griffith - Cobalt Violet.jpg,https://commons.wikimedia.org/wiki/File:Corinne_Griffith_-_Cobalt_Violet.jpg,https://upload.wikimedia.org/wikipedia/commons/c/c2/Corinne_Griffith_-_Cobalt_Violet.jpg,Black and white portrait photographs of actresses,Public domain,2026-09-05
Violadana.jpg,https://commons.wikimedia.org/wiki/File:Violadana.jpg,https://upload.wikimedia.org/wikipedia/commons/f/f8/Violadana.jpg,Black and white portrait photographs of actresses,Public domain,2026-09-04
"Dolores, Ziegfeld girl, by Alfred Cheney Johnston, ca. 1920.jpg",https://commons.wikimedia.org/wiki/File:Dolores%2C_Ziegfeld_girl%2C_by_Alfred_Cheney_Johnston%2C_ca._1920.jpg,https://upload.wikimedia.org/wikipedia/commons/8/8d/Dolores%2C_Ziegfeld_girl%2C_by_Alfred_Cheney_Johnston%2C_ca._1920.jpg,Black and white portrait photographs of actresses,Public domain,2026-08-30
Dorothy Dalton smiling.jpg,https://commons.wikimedia.org/wiki/File:Dorothy_Dalton_smiling.jpg,https://upload.wikimedia.org/wikipedia/commons/0/0b/Dorothy_Dalton_smiling.jpg,Black and white portrait photographs of actresses,Public domain,2026-09-05
Dorothy Dalton The Blue Book of the Screen.jpg,https://commons.wikimedia.org/wiki/File:Dorothy_Dalton_The_Blue_Book_of_the_Screen.jpg,https://upload.wikimedia.org/wikipedia/commons/4/4d/Dorothy_Dalton_The_Blue_Book_of_the_Screen.jpg,Black and white portrait photographs of actresses,Public domain,2026-09-01
Dorothy Dalton Who's Who on the Screen corp.jpg,https://commons.wikimedia.org/wiki/File:Dorothy_Dalton_Who%27s_Who_on_the_Screen_corp.jpg,https://upload.wikimedia.org/wikipedia/commons/4/49/Dorothy_Dalton_Who%27s_Who_on_the_Screen_corp.jpg,Black and white portrait photographs of actresses,Public domain,2026-09-01
Dorothy Dalton.jpg,https://commons.wikimedia.org/wiki/File:Dorothy_Dalton.jpg,https://upload.wikimedia.org/wikipedia/commons/8/8a/Dorothy_Dalton.jpg,Black and white portrait photographs of actresses,Public domain,2026-08-30
Dorothy Davenport 001.jpg,https://commons.wikimedia.org/wiki/File:Dorothy_Davenport_001.jpg,https://upload.wikimedia.org/wikipedia/commons/0/06/Dorothy_Davenport_001.jpg,Black and white portrait photographs of actresses,Public domain,2026-08-31
Dorothy Gish holding flowers.jpg,https://commons.wikimedia.org/wiki/File:Dorothy_Gish_holding_flowers.jpg,https://upload.wikimedia.org/wikipedia/commons/8/8a/Dorothy_Gish_holding_flowers.jpg,Black and white portrait photographs of actresses,Public domain,2026-08-28
Dorothy Green by Pach.jpg,https://commons.wikimedia.org/wiki/File:Dorothy_Green_by_Pach.jpg,https://upload.wikimedia.org/wikipedia/commons/8/8d/Dorothy_Green_by_Pach.jpg,Black and white portrait photographs of actresses,Public domain,2026-09-05
"Dorothy Vernon - Camera! Yearbook, 1919.jpg",https://commons.wikimedia.org/wiki/File:Dorothy_Vernon_-_Camera%21_Yearbook%2C_1919.jpg,https://upload.wikimedia.org/wikipedia/commons/1/10/Dorothy_Vernon_-_Camera%21_Yearbook%2C_1919.jpg,Black and white portrait photographs of actresses,Public domain,LOWRES
Elisabeth Bergner.jpg,https://commons.wikimedia.org/wiki/File:Elisabeth_Bergner.jpg,https://upload.wikimedia.org/wikipedia/commons/a/ac/Elisabeth_Bergner.jpg,Black and white portrait photographs of actresses,Public domain,2026-09-04
"Elizabeth Taylor (National Velvet costume test - Nov. 8, 1943 - retouch).jpg",https://commons.wikimedia.org/wiki/File:Elizabeth_Taylor_%28National_Velvet_costume_test_-_Nov._8%2C_1943_-_retouch%29.jpg,https://upload.wikimedia.org/wikipedia/commons/2/20/Elizabeth_Taylor_%28National_Velvet_costume_test_-_Nov._8%2C_1943_-_retouch%29.jpg,Black and white portrait photographs of actresses,Public domain,2026-08-29
"Elizabeth Taylor (National Velvet costume test - Nov. 8, 1943).jpg",https://commons.wikimedia.org/wiki/File:Elizabeth_Taylor_%28National_Velvet_costume_test_-_Nov._8%2C_1943%29.jpg,https://upload.wikimedia.org/wikipedia/commons/8/81/Elizabeth_Taylor_%28National_Velvet_costume_test_-_Nov._8%2C_1943%29.jpg,Black and white portrait photographs of actresses,Public domain,2026-08-30
Elsa Segerberg.jpg,https://commons.wikimedia.org/wiki/File:Elsa_Segerberg.jpg,https://upload.wikimedia.org/wikipedia/commons/4/44/Elsa_Segerberg.jpg,Black and white portrait photographs of actresses,Public domain,2026-08-30
Erna Schøyen NFB.13325.jpg,https://commons.wikimedia.org/wiki/File:Erna_Sch%C3%B8yen_NFB.13325.jpg,https://upload.wikimedia.org/wikipedia/commons/e/e4/Erna_Sch%C3%B8yen_NFB.13325.jpg,Black and white portrait photographs of actresses,Public domain,2026-09-02
Ester Sore (1942) Syvar.jpg,https://commons.wikimedia.org/wiki/File:Ester_Sore_%281942%29_Syvar.jpg,https://upload.wikimedia.org/wikipedia/commons/a/a9/Ester_Sore_%281942%29_Syvar.jpg,Black and white portrait photographs of actresses,Public domain,LOWRES
"Ethel Barrymore by Burr McIntosh, 1901.jpg",https://commons.wikimedia.org/wiki/File:Ethel_Barrymore_by_Burr_McIntosh%2C_1901.jpg,https://upload.wikimedia.org/wikipedia/commons/b/b7/Ethel_Barrymore_by_Burr_McIntosh%2C_1901.jpg,Black and white portrait photographs of actresses,Public domain,2026-08-31
"Eva Duarte by Annemarie Heinrich, 1944 (later Eva Péron).jpg",https://commons.wikimedia.org/wiki/File:Eva_Duarte_by_Annemarie_Heinrich%2C_1944_%28later_Eva_P%C3%A9ron%29.jpg,https://upload.wikimedia.org/wikipedia/commons/0/02/Eva_Duarte_by_Annemarie_Heinrich%2C_1944_%28later_Eva_P%C3%A9ron%29.jpg,Black and white portrait photographs of actresses,Public domain,2026-09-03
Evelyn Brent - Van Dyke Brown.jpg,https://commons.wikimedia.org/wiki/File:Evelyn_Brent_-_Van_Dyke_Brown.jpg,https://upload.wikimedia.org/wikipedia/commons/e/e2/Evelyn_Brent_-_Van_Dyke_Brown.jpg,Black and white portrait photographs of actresses,Public domain,2026-09-04
Fran Allison 1952.jpg,https://commons.wikimedia.org/wiki/File:Fran_Allison_1952.jpg,https://upload.wikimedia.org/wikipedia/commons/9/9f/Fran_Allison_1952.jpg,Black and white portrait photographs of actresses,Public domain,2026-09-03
"Geraldine Farrar, 1920.jpg",https://commons.wikimedia.org/wiki/File:Geraldine_Farrar%2C_1920.jpg,https://upload.wikimedia.org/wikipedia/commons/d/db/Geraldine_Farrar%2C_1920.jpg,Black and white portrait photographs of actresses,Public domain,2026-09-02
Geraldine Farrar8.jpg,https://commons.wikimedia.org/wiki/File:Geraldine_Farrar8.jpg,https://upload.wikimedia.org/wikipedia/commons/a/a2/Geraldine_Farrar8.jpg,Black and white portrait photographs of actresses,Public domain,2026-08-30
Gloria Swanson - Purple.jpg,https://commons.wikimedia.org/wiki/File:Gloria_Swanson_-_Purple.jpg,https://upload.wikimedia.org/wikipedia/commons/2/25/Gloria_Swanson_-_Purple.jpg,Black and white portrait photographs of actresses,Public domain,2026-09-04
Gloria Swanson circa 1918.jpg,https://commons.wikimedia.org/wiki/File:Gloria_Swanson_circa_1918.jpg,https://upload.wikimedia.org/wikipedia/commons/c/cd/Gloria_Swanson_circa_1918.jpg,Black and white portrait photographs of actresses,Public domain,2026-09-03
Betty Hutton Annie Get Your Gun.jpg,https://commons.wikimedia.org/wiki/File:Betty_Hutton_Annie_Get_Your_Gun.jpg,https://upload.wikimedia.org/wikipedia/commons/5/5f/Betty_Hutton_Annie_Get_Your_Gun.jpg,Black and white portrait photographs of actresses,Public domain,2026-08-29
Jean Arthur - publicity.JPG,https://commons.wikimedia.org/wiki/File:Jean_Arthur_-_publicity.JPG,https://upload.wikimedia.org/wikipedia/commons/4/48/Jean_Arthur_-_publicity.JPG,Black and white portrait photographs of actresses,Public domain,LOWRES
Joancrawford1crop.jpg,https://commons.wikimedia.org/wiki/File:Joancrawford1crop.jpg,https://upload.wikimedia.org/wikipedia/commons/8/8e/Joancrawford1crop.jpg,Black and white portrait photographs of actresses,Public domain,LOWRES
Mia Farrow circa 1969.jpg,https://commons.wikimedia.org/wiki/File:Mia_Farrow_circa_1969.jpg,https://upload.wikimedia.org/wikipedia/commons/7/71/Mia_Farrow_circa_1969.jpg,Black and white portrait photographs of actresses,Public domain,2026-08-29
Judy Garland The Harvey Girls MGM Publicity still.jpeg,https://commons.wikimedia.org/wiki/File:Judy_Garland_The_Harvey_Girls_MGM_Publicity_still.jpeg,https://upload.wikimedia.org/wikipedia/commons/4/4f/Judy_Garland_The_Harvey_Girls_MGM_Publicity_still.jpeg,Black and white portrait photographs of actresses,Public domain,2026-08-29
Kagawa-Kyoko-4.jpg,https://commons.wikimedia.org/wiki/File:Kagawa-Kyoko-4.jpg,https://upload.wikimedia.org/wikipedia/commons/9/9f/Kagawa-Kyoko-4.jpg,Black and white portrait photographs of actresses,Public domain,2026-08-28
Katherine Tupper Marshall.jpg,https://commons.wikimedia.org/wiki/File:Katherine_Tupper_Marshall.jpg,https://upload.wikimedia.org/wikipedia/commons/5/59/Katherine_Tupper_Marshall.jpg,Black and white portrait photographs of actresses,Public domain,2026-09-05
LaudovaMarieMaloch.jpg,https://commons.wikimedia.org/wiki/File:LaudovaMarieMaloch.jpg,https://upload.wikimedia.org/wikipedia/commons/a/a5/LaudovaMarieMaloch.jpg,Black and white portrait photographs of actresses,Public domain,LOWRES
Lilián del Río.jpg,https://commons.wikimedia.org/wiki/File:Lili%C3%A1n_del_R%C3%ADo.jpg,https://upload.wikimedia.org/wikipedia/commons/b/b5/Lili%C3%A1n_del_R%C3%ADo.jpg,Black and white portrait photographs of actresses,Public domain,2026-09-05
Lillebil Ibsen.jpg,https://commons.wikimedia.org/wiki/File:Lillebil_Ibsen.jpg,https://upload.wikimedia.org/wikipedia/commons/2/21/Lillebil_Ibsen.jpg,Black and white portrait photographs of actresses,Public domain,LOWRES
Lillebil Krohn married Lillebil Ibsen 2 NFB-09091.jpg,https://commons.wikimedia.org/wiki/File:Lillebil_Krohn_married_Lillebil_Ibsen_2_NFB-09091.jpg,https://upload.wikimedia.org/wikipedia/commons/7/7b/Lillebil_Krohn_married_Lillebil_Ibsen_2_NFB-09091.jpg,Black and white portrait photographs of actresses,Public domain,2026-09-02
Lillebil Krohn married Lillebil Ibsen NFB-09085.jpg,https://commons.wikimedia.org/wiki/File:Lillebil_Krohn_married_Lillebil_Ibsen_NFB-09085.jpg,https://upload.wikimedia.org/wikipedia/commons/e/e3/Lillebil_Krohn_married_Lillebil_Ibsen_NFB-09085.jpg,Black and white portrait photographs of actresses,Public domain,2026-09-03
Lillian Diana Gish.jpg,https://commons.wikimedia.org/wiki/File:Lillian_Diana_Gish.jpg,https://upload.wikimedia.org/wikipedia/commons/3/3a/Lillian_Diana_Gish.jpg,Black and white portrait photographs of actresses,Public domain,2026-08-28
"Lillian Gish - Camera! Yearbook, 1919.jpg",https://commons.wikimedia.org/wiki/File:Lillian_Gish_-_Camera%21_Yearbook%2C_1919.jpg,https://upload.wikimedia.org/wikipedia/commons/3/33/Lillian_Gish_-_Camera%21_Yearbook%2C_1919.jpg,Black and white portrait photographs of actresses,Public domain,2026-08-29
Lupe Velez - Chrome Yellow.jpg,https://commons.wikimedia.org/wiki/File:Lupe_Velez_-_Chrome_Yellow.jpg,https://upload.wikimedia.org/wikipedia/commons/9/9c/Lupe_Velez_-_Chrome_Yellow.jpg,Black and white portrait photographs of actresses,Public domain,2026-09-06
"L’occhio (Eliza Christian Galve) by Annemarie Heinrich, 1949.jpg",https://commons.wikimedia.org/wiki/File:L%E2%80%99occhio_%28Eliza_Christian_Galve%29_by_Annemarie_Heinrich%2C_1949.jpg,https://upload.wikimedia.org/wikipedia/commons/e/e7/L%E2%80%99occhio_%28Eliza_Christian_Galve%29_by_Annemarie_Heinrich%2C_1949.jpg,Black and white portrait photographs of actresses,Public domain,2026-09-02
Marcelineday.jpg,https://commons.wikimedia.org/wiki/File:Marcelineday.jpg,https://upload.wikimedia.org/wikipedia/commons/4/4d/Marcelineday.jpg,Black and white portrait photographs of actresses,Public domain,2026-09-04
Maria Bogda.jpg,https://commons.wikimedia.org/wiki/File:Maria_Bogda.jpg,https://upload.wikimedia.org/wikipedia/commons/2/24/Maria_Bogda.jpg,Black and white portrait photographs of actresses,Public domain,2026-08-29
Marian Seldes.jpg,https://commons.wikimedia.org/wiki/File:Marian_Seldes.jpg,https://upload.wikimedia.org/wikipedia/commons/7/7f/Marian_Seldes.jpg,Black and white portrait photographs of actresses,Public domain,2026-09-02
Marion Davies - Emerald Green.jpg,https://commons.wikimedia.org/wiki/File:Marion_Davies_-_Emerald_Green.jpg,https://upload.wikimedia.org/wikipedia/commons/9/9f/Marion_Davies_-_Emerald_Green.jpg,Black and white portrait photographs of actresses,Public domain,2026-09-03
"Mary Anderson, 1914.jpg",https://commons.wikimedia.org/wiki/File:Mary_Anderson%2C_1914.jpg,https://upload.wikimedia.org/wikipedia/commons/6/6f/Mary_Anderson%2C_1914.jpg,Black and white portrait photographs of actresses,Public domain,2026-09-02
Mary Brian - Ultramarine Blue.jpg,https://commons.wikimedia.org/wiki/File:Mary_Brian_-_Ultramarine_Blue.jpg,https://upload.wikimedia.org/wikipedia/commons/8/8e/Mary_Brian_-_Ultramarine_Blue.jpg,Black and white portrait photographs of actresses,Public domain,2026-09-04
Mary Pickford - White.jpg,https://commons.wikimedia.org/wiki/File:Mary_Pickford_-_White.jpg,https://upload.wikimedia.org/wikipedia/commons/f/ff/Mary_Pickford_-_White.jpg,Black and white portrait photographs of actresses,Public domain,2026-08-27
Mary Pickford and mirror image cph.3b05765.jpg,https://commons.wikimedia.org/wiki/File:Mary_Pickford_and_mirror_image_cph.3b05765.jpg,https://upload.wikimedia.org/wikipedia/commons/f/fe/Mary_Pickford_and_mirror_image_cph.3b05765.jpg,Black and white portrait photographs of actresses,Public domain,2026-08-31
"Mary Pickford by Moody, ca. 1914.jpg",https://commons.wikimedia.org/wiki/File:Mary_Pickford_by_Moody%2C_ca._1914.jpg,https://upload.wikimedia.org/wikipedia/commons/1/17/Mary_Pickford_by_Moody%2C_ca._1914.jpg,Black and white portrait photographs of actresses,Public domain,2026-09-05
"Mary Pickford by Nelson Evans, 1921.jpg",https://commons.wikimedia.org/wiki/File:Mary_Pickford_by_Nelson_Evans%2C_1921.jpg,https://upload.wikimedia.org/wikipedia/commons/c/cb/Mary_Pickford_by_Nelson_Evans%2C_1921.jpg,Black and white portrait photographs of actresses,Public domain,2026-09-05
Mary Pickford cph.3a03527.jpg,https://commons.wikimedia.org/wiki/File:Mary_Pickford_cph.3a03527.jpg,https://upload.wikimedia.org/wikipedia/commons/9/93/Mary_Pickford_cph.3a03527.jpg,Black and white portrait photographs of actresses,Public domain,2026-09-01
Mary Pickford cph.3b05767.jpg,https://commons.wikimedia.org/wiki/File:Mary_Pickford_cph.3b05767.jpg,https://upload.wikimedia.org/wikipedia/commons/9/92/Mary_Pickford_cph.3b05767.jpg,Black and white portrait photographs of actresses,Public domain,2026-08-29
"Mary Pickford double portrait by Moody N.Y., 1914.jpg",https://commons.wikimedia.org/wiki/File:Mary_Pickford_double_portrait_by_Moody_N.Y.%2C_1914.jpg,https://upload.wikimedia.org/wikipedia/commons/1/10/Mary_Pickford_double_portrait_by_Moody_N.Y.%2C_1914.jpg,Black and white portrait photographs of actresses,Public domain,2026-09-05
"Mary Pickford, standing, hand on hip cph.3b05766.jpg",https://commons.wikimedia.org/wiki/File:Mary_Pickford%2C_standing%2C_hand_on_hip_cph.3b05766.jpg,https://upload.wikimedia.org/wikipedia/commons/8/88/Mary_Pickford%2C_standing%2C_hand_on_hip_cph.3b05766.jpg,Black and white portrait photographs of actresses,Public domain,2026-09-01
"María Vaner by Annemarie Heinrich, 1959.jpg",https://commons.wikimedia.org/wiki/File:Mar%C3%ADa_Vaner_by_Annemarie_Heinrich%2C_1959.jpg,https://upload.wikimedia.org/wikipedia/commons/0/06/Mar%C3%ADa_Vaner_by_Annemarie_Heinrich%2C_1959.jpg,Black and white portrait photographs of actresses,Public domain,2026-09-03
Léontine Massart.jpg,https://commons.wikimedia.org/wiki/File:L%C3%A9ontine_Massart.jpg,https://upload.wikimedia.org/wikipedia/commons/1/1a/L%C3%A9ontine_Massart.jpg,Black and white portrait photographs of actresses,Public domain,LOWRES
Maude Adams 2.jpg,https://commons.wikimedia.org/wiki/File:Maude_Adams_2.jpg,https://upload.wikimedia.org/wikipedia/commons/8/83/Maude_Adams_2.jpg,Black and white portrait photographs of actresses,Public domain,2026-09-03
Mildred Davis by Nelson Evans.jpg,https://commons.wikimedia.org/wiki/File:Mildred_Davis_by_Nelson_Evans.jpg,https://upload.wikimedia.org/wikipedia/commons/3/35/Mildred_Davis_by_Nelson_Evans.jpg,Black and white portrait photographs of actresses,Public domain,2026-08-28
"Milka Marković sa ordenom Sv. Save, 1910.jpg",https://commons.wikimedia.org/wiki/File:Milka_Markovi%C4%87_sa_ordenom_Sv._Save%2C_1910.jpg,https://upload.wikimedia.org/wikipedia/commons/3/37/Milka_Markovi%C4%87_sa_ordenom_Sv._Save%2C_1910.jpg,Black and white portrait photographs of actresses,Public domain,2026-08-31
Nancy Carroll - Willow Green.jpg,https://commons.wikimedia.org/wiki/File:Nancy_Carroll_-_Willow_Green.jpg,https://upload.wikimedia.org/wikipedia/commons/1/1f/Nancy_Carroll_-_Willow_Green.jpg,Black and white portrait photographs of actresses,Public domain,2026-09-03
Lillian Gish as Princess Alexandra.jpg,https://commons.wikimedia.org/wiki/File:Lillian_Gish_as_Princess_Alexandra.jpg,https://upload.wikimedia.org/wikipedia/commons/0/0a/Lillian_Gish_as_Princess_Alexandra.jpg,Black and white portrait photographs of actresses,Public domain,2026-08-29
MaryPickfordWithGuitarBain.jpg,https://commons.wikimedia.org/wiki/File:MaryPickfordWithGuitarBain.jpg,https://upload.wikimedia.org/wikipedia/commons/d/d7/MaryPickfordWithGuitarBain.jpg,Black and white portrait photographs of actresses,Public domain,2026-09-05
Portrait of Argentine actress Eva Duarte.jpg,https://commons.wikimedia.org/wiki/File:Portrait_of_Argentine_actress_Eva_Duarte.jpg,https://upload.wikimedia.org/wikipedia/commons/c/cc/Portrait_of_Argentine_actress_Eva_Duarte.jpg,Black and white portrait photographs of actresses,Public domain,2026-08-30
Ruth Roland.jpg,https://commons.wikimedia.org/wiki/File:Ruth_Roland.jpg,https://upload.wikimedia.org/wikipedia/commons/e/e7/Ruth_Roland.jpg,Black and white portrait photographs of actresses,Public domain,2026-09-03
Stacia Napierkowska 001.jpg,https://commons.wikimedia.org/wiki/File:Stacia_Napierkowska_001.jpg,https://upload.wikimedia.org/wikipedia/commons/8/80/Stacia_Napierkowska_001.jpg,Black and white portrait photographs of actresses,Public domain,LOWRES
Sylviac 21.png,https://commons.wikimedia.org/wiki/File:Sylviac_21.png,https://upload.wikimedia.org/wikipedia/commons/7/70/Sylviac_21.png,Black and white portrait photographs of actresses,Public domain,2026-09-04
Teruko Akatsuki 3.jpg,https://commons.wikimedia.org/wiki/File:Teruko_Akatsuki_3.jpg,https://upload.wikimedia.org/wikipedia/commons/4/41/Teruko_Akatsuki_3.jpg,Black and white portrait photographs of actresses,Public domain,LOWRES
Truus van Aalten - Alexander Binder - EYE FOT168482.jpg,https://commons.wikimedia.org/wiki/File:Truus_van_Aalten_-_Alexander_Binder_-_EYE_FOT168482.jpg,https://upload.wikimedia.org/wikipedia/commons/a/a2/Truus_van_Aalten_-_Alexander_Binder_-_EYE_FOT168482.jpg,Black and white portrait photographs of actresses,Public domain,2026-08-30
Vilma Banky - Cerulean Blue.jpg,https://commons.wikimedia.org/wiki/File:Vilma_Banky_-_Cerulean_Blue.jpg,https://upload.wikimedia.org/wikipedia/commons/1/11/Vilma_Banky_-_Cerulean_Blue.jpg,Black and white portrait photographs of actresses,Public domain,2026-09-03
VioletMacMillan.jpg,https://commons.wikimedia.org/wiki/File:VioletMacMillan.jpg,https://upload.wikimedia.org/wikipedia/commons/f/f2/VioletMacMillan.jpg,Black and white portrait photographs of actresses,Public domain,2026-09-02
ZaSu Pitts.jpg,https://commons.wikimedia.org/wiki/File:ZaSu_Pitts.jpg,https://upload.wikimedia.org/wikipedia/commons/1/16/ZaSu_Pitts.jpg,Black and white portrait photographs of actresses,Public domain,2026-09-02
Mona Maris - Portrait - 1920s.jpg,https://commons.wikimedia.org/wiki/File:Mona_Maris_-_Portrait_-_1920s.jpg,https://upload.wikimedia.org/wikipedia/commons/e/e2/Mona_Maris_-_Portrait_-_1920s.jpg,Black and white portrait photographs of actresses,Public domain,2026-09-03
Szaflarska 1-N-2618a.jpg,https://commons.wikimedia.org/wiki/File:Szaflarska_1-N-2618a.jpg,https://upload.wikimedia.org/wikipedia/commons/3/31/Szaflarska_1-N-2618a.jpg,Black and white portrait photographs of actresses,Public domain,2026-09-06
1966 Original Press Photo William Shatner as Captain Kirk in Star Trek B4 Show.jpg,https://commons.wikimedia.org/wiki/File:1966_Original_Press_Photo_William_Shatner_as_Captain_Kirk_in_Star_Trek_B4_Show.jpg,https://upload.wikimedia.org/wikipedia/commons/9/91/1966_Original_Press_Photo_William_Shatner_as_Captain_Kirk_in_Star_Trek_B4_Show.jpg,Black and white portrait photographs of actors,Public domain,LOWRES
A Kolozsvári Nemzeti Színház társulata 1919-ben.jpg,https://commons.wikimedia.org/wiki/File:A_Kolozsv%C3%A1ri_Nemzeti_Sz%C3%ADnh%C3%A1z_t%C3%A1rsulata_1919-ben.jpg,https://upload.wikimedia.org/wikipedia/commons/9/96/A_Kolozsv%C3%A1ri_Nemzeti_Sz%C3%ADnh%C3%A1z_t%C3%A1rsulata_1919-ben.jpg,Black and white portrait photographs of actors,Public domain,2026-09-05
Adolf von Sonnenthal 1906.jpg,https://commons.wikimedia.org/wiki/File:Adolf_von_Sonnenthal_1906.jpg,https://upload.wikimedia.org/wikipedia/commons/8/82/Adolf_von_Sonnenthal_1906.jpg,Black and white portrait photographs of actors,Public domain,2026-09-05
Al St. John in The Blue Book of the Screen.jpg,https://commons.wikimedia.org/wiki/File:Al_St._John_in_The_Blue_Book_of_the_Screen.jpg,https://upload.wikimedia.org/wikipedia/commons/1/1a/Al_St._John_in_The_Blue_Book_of_the_Screen.jpg,Black and white portrait photographs of actors,Public domain,2026-08-30
Al St. John in Who's Who on the Screen.jpg,https://commons.wikimedia.org/wiki/File:Al_St._John_in_Who%27s_Who_on_the_Screen.jpg,https://upload.wikimedia.org/wikipedia/commons/0/0d/Al_St._John_in_Who%27s_Who_on_the_Screen.jpg,Black and white portrait photographs of actors,Public domain,2026-08-29
Ambrosio Radrizzani.jpg,https://commons.wikimedia.org/wiki/File:Ambrosio_Radrizzani.jpg,https://upload.wikimedia.org/wikipedia/commons/6/63/Ambrosio_Radrizzani.jpg,Black and white portrait photographs of actors,Public domain,2026-09-01
Antonio Moreno.jpg,https://commons.wikimedia.org/wiki/File:Antonio_Moreno.jpg,https://upload.wikimedia.org/wikipedia/commons/5/56/Antonio_Moreno.jpg,Black and white portrait photographs of actors,Public domain,2026-08-27
Bernhard Baumeister 1906.jpg,https://commons.wikimedia.org/wiki/File:Bernhard_Baumeister_1906.jpg,https://upload.wikimedia.org/wikipedia/commons/c/cc/Bernhard_Baumeister_1906.jpg,Black and white portrait photographs of actors,Public domain,2026-08-27
Bill Hart - Who's Who on the Screen.jpg,https://commons.wikimedia.org/wiki/File:Bill_Hart_-_Who%27s_Who_on_the_Screen.jpg,https://upload.wikimedia.org/wikipedia/commons/6/68/Bill_Hart_-_Who%27s_Who_on_the_Screen.jpg,Black and white portrait photographs of actors,Public domain,2026-09-02
Bill Hart's Liberty Speech Face.jpg,https://commons.wikimedia.org/wiki/File:Bill_Hart%27s_Liberty_Speech_Face.jpg,https://upload.wikimedia.org/wikipedia/commons/c/c7/Bill_Hart%27s_Liberty_Speech_Face.jpg,Black and white portrait photographs of actors,Public domain,2026-09-02
Bill Robinson.jpg,https://commons.wikimedia.org/wiki/File:Bill_Robinson.jpg,https://upload.wikimedia.org/wikipedia/commons/5/5d/Bill_Robinson.jpg,Black and white portrait photographs of actors,Public domain,2026-09-05
"Bobby Vernon - Camera! Yearbook, 1919.jpg",https://commons.wikimedia.org/wiki/File:Bobby_Vernon_-_Camera%21_Yearbook%2C_1919.jpg,https://upload.wikimedia.org/wikipedia/commons/5/52/Bobby_Vernon_-_Camera%21_Yearbook%2C_1919.jpg,Black and white portrait photographs of actors,Public domain,2026-09-04
Carlos Serafino.jpg,https://commons.wikimedia.org/wiki/File:Carlos_Serafino.jpg,https://upload.wikimedia.org/wikipedia/commons/7/73/Carlos_Serafino.jpg,Black and white portrait photographs of actors,Public domain,2026-09-03
Charles Buddy Rogers by Richee.jpg,https://commons.wikimedia.org/wiki/File:Charles_Buddy_Rogers_by_Richee.jpg,https://upload.wikimedia.org/wikipedia/commons/8/86/Charles_Buddy_Rogers_by_Richee.jpg,Black and white portrait photographs of actors,Public domain,2026-08-31
Charles Parrott directing.jpg,https://commons.wikimedia.org/wiki/File:Charles_Parrott_directing.jpg,https://upload.wikimedia.org/wikipedia/commons/2/29/Charles_Parrott_directing.jpg,Black and white portrait photographs of actors,Public domain,2026-08-29
Charles Ray - Who's Who on the Screen.jpg,https://commons.wikimedia.org/wiki/File:Charles_Ray_-_Who%27s_Who_on_the_Screen.jpg,https://upload.wikimedia.org/wikipedia/commons/3/33/Charles_Ray_-_Who%27s_Who_on_the_Screen.jpg,Black and white portrait photographs of actors,Public domain,2026-09-04
"Dick Powell - Radio Mirror, June 1936.jpg",https://commons.wikimedia.org/wiki/File:Dick_Powell_-_Radio_Mirror%2C_June_1936.jpg,https://upload.wikimedia.org/wikipedia/commons/7/72/Dick_Powell_-_Radio_Mirror%2C_June_1936.jpg,Black and white portrait photographs of actors,Public domain,2026-08-29
"Dick Powell - Radio Mirror, May 1934.jpg",https://commons.wikimedia.org/wiki/File:Dick_Powell_-_Radio_Mirror%2C_May_1934.jpg,https://upload.wikimedia.org/wikipedia/commons/9/9f/Dick_Powell_-_Radio_Mirror%2C_May_1934.jpg,Black and white portrait photographs of actors,Public domain,2026-09-03
"Eddie Quillan - Cine-Mundial, February 1931.jpg",https://commons.wikimedia.org/wiki/File:Eddie_Quillan_-_Cine-Mundial%2C_February_1931.jpg,https://upload.wikimedia.org/wikipedia/commons/d/d5/Eddie_Quillan_-_Cine-Mundial%2C_February_1931.jpg,Black and white portrait photographs of actors,Public domain,2026-08-31
"Elmo Lincoln - Pictures and the Picturegoer, January 1924.jpg",https://commons.wikimedia.org/wiki/File:Elmo_Lincoln_-_Pictures_and_the_Picturegoer%2C_January_1924.jpg,https://upload.wikimedia.org/wikipedia/commons/6/63/Elmo_Lincoln_-_Pictures_and_the_Picturegoer%2C_January_1924.jpg,Black and white portrait photographs of actors,Public domain,2026-09-04
Fassy galim.JPG,https://commons.wikimedia.org/wiki/File:Fassy_galim.JPG,https://upload.wikimedia.org/wikipedia/commons/7/70/Fassy_galim.JPG,Black and white portrait photographs of actors,Public domain,2026-08-31
Julio Desnoyers - Valentino As I Knew Him.jpg,https://commons.wikimedia.org/wiki/File:Julio_Desnoyers_-_Valentino_As_I_Knew_Him.jpg,https://upload.wikimedia.org/wikipedia/commons/2/23/Julio_Desnoyers_-_Valentino_As_I_Knew_Him.jpg,Black and white portrait photographs of actors,Public domain,2026-09-03
Julio Desnoyers - Valentino.jpg,https://commons.wikimedia.org/wiki/File:Julio_Desnoyers_-_Valentino.jpg,https://upload.wikimedia.org/wikipedia/commons/9/9a/Julio_Desnoyers_-_Valentino.jpg,Black and white portrait photographs of actors,Public domain,2026-09-02
Francis X Bushman.jpg,https://commons.wikimedia.org/wiki/File:Francis_X_Bushman.jpg,https://upload.wikimedia.org/wikipedia/commons/7/7a/Francis_X_Bushman.jpg,Black and white portrait photographs of actors,Public domain,2026-09-02
František Kubr 1937.JPG,https://commons.wikimedia.org/wiki/File:Franti%C5%A1ek_Kubr_1937.JPG,https://upload.wikimedia.org/wikipedia/commons/7/77/Franti%C5%A1ek_Kubr_1937.JPG,Black and white portrait photographs of actors,Public domain,2026-09-04
Georgmalmsten.jpg,https://commons.wikimedia.org/wiki/File:Georgmalmsten.jpg,https://upload.wikimedia.org/wikipedia/commons/e/ed/Georgmalmsten.jpg,Black and white portrait photographs of actors,Public domain,2026-08-30
Groucho Marx.jpg,https://commons.wikimedia.org/wiki/File:Groucho_Marx.jpg,https://upload.wikimedia.org/wikipedia/commons/3/38/Groucho_Marx.jpg,Black and white portrait photographs of actors,Public domain,LOWRES
Harold Lloyd - 1930.jpg,https://commons.wikimedia.org/wiki/File:Harold_Lloyd_-_1930.jpg,https://upload.wikimedia.org/wikipedia/commons/8/85/Harold_Lloyd_-_1930.jpg,Black and white portrait photographs of actors,Public domain,2026-08-28
Harry Langdon.jpg,https://commons.wikimedia.org/wiki/File:Harry_Langdon.jpg,https://upload.wikimedia.org/wikipedia/commons/3/3e/Harry_Langdon.jpg,Black and white portrait photographs of actors,Public domain,LOWRES
Ivan Moskvin 1912.jpg,https://commons.wikimedia.org/wiki/File:Ivan_Moskvin_1912.jpg,https://upload.wikimedia.org/wikipedia/commons/7/76/Ivan_Moskvin_1912.jpg,Black and white portrait photographs of actors,Public domain,2026-09-02
Ivor Novello.jpg,https://commons.wikimedia.org/wiki/File:Ivor_Novello.jpg,https://upload.wikimedia.org/wikipedia/commons/e/ef/Ivor_Novello.jpg,Black and white portrait photographs of actors,Public domain,2026-08-29
Jerzy Afanasjew.jpg,https://commons.wikimedia.org/wiki/File:Jerzy_Afanasjew.jpg,https://upload.wikimedia.org/wikipedia/commons/e/e6/Jerzy_Afanasjew.jpg,Black and white portrait photographs of actors,Public domain,2026-09-03
Josef Swickard - 1921 MPSD.jpg,https://commons.wikimedia.org/wiki/File:Josef_Swickard_-_1921_MPSD.jpg,https://upload.wikimedia.org/wikipedia/commons/a/a9/Josef_Swickard_-_1921_MPSD.jpg,Black and white portrait photographs of actors,Public domain,2026-09-02
Josef Swickard.jpg,https://commons.wikimedia.org/wiki/File:Josef_Swickard.jpg,https://upload.wikimedia.org/wikipedia/commons/8/83/Josef_Swickard.jpg,Black and white portrait photographs of actors,Public domain,2026-08-31
Iivarikainulainen.jpg,https://commons.wikimedia.org/wiki/File:Iivarikainulainen.jpg,https://upload.wikimedia.org/wikipedia/commons/7/76/Iivarikainulainen.jpg,Black and white portrait photographs of actors,Public domain,2026-08-30
Leonard Nimoy Spock 1966.JPG,https://commons.wikimedia.org/wiki/File:Leonard_Nimoy_Spock_1966.JPG,https://upload.wikimedia.org/wikipedia/commons/1/1d/Leonard_Nimoy_Spock_1966.JPG,Black and white portrait photographs of actors,Public domain,2026-09-03
Lew Cody.jpg,https://commons.wikimedia.org/wiki/File:Lew_Cody.jpg,https://upload.wikimedia.org/wikipedia/commons/4/4b/Lew_Cody.jpg,Black and white portrait photographs of actors,Public domain,2026-08-30
Martin Ljung 1964.jpg,https://commons.wikimedia.org/wiki/File:Martin_Ljung_1964.jpg,https://upload.wikimedia.org/wikipedia/commons/4/47/Martin_Ljung_1964.jpg,Black and white portrait photographs of actors,Public domain,2026-09-03
Native-Son-Canada-Lee-1941-2.jpg,https://commons.wikimedia.org/wiki/File:Native-Son-Canada-Lee-1941-2.jpg,https://upload.wikimedia.org/wikipedia/commons/c/ce/Native-Son-Canada-Lee-1941-2.jpg,Black and white portrait photographs of actors,Public domain,2026-09-02
Native-Son-Canada-Lee-1941-3.jpg,https://commons.wikimedia.org/wiki/File:Native-Son-Canada-Lee-1941-3.jpg,https://upload.wikimedia.org/wikipedia/commons/c/cc/Native-Son-Canada-Lee-1941-3.jpg,Black and white portrait photographs of actors,Public domain,2026-09-03
Neil Hamilton by Russell Ball.jpg,https://commons.wikimedia.org/wiki/File:Neil_Hamilton_by_Russell_Ball.jpg,https://upload.wikimedia.org/wikipedia/commons/6/66/Neil_Hamilton_by_Russell_Ball.jpg,Black and white portrait photographs of actors,Public domain,2026-09-04
"Neil Hamilton, 1930.jpg",https://commons.wikimedia.org/wiki/File:Neil_Hamilton%2C_1930.jpg,https://upload.wikimedia.org/wikipedia/commons/2/24/Neil_Hamilton%2C_1930.jpg,Black and white portrait photographs of actors,Public domain,2026-09-02
"Noble Johnson, c1915.jpg",https://commons.wikimedia.org/wiki/File:Noble_Johnson%2C_c1915.jpg,https://upload.wikimedia.org/wikipedia/commons/8/8f/Noble_Johnson%2C_c1915.jpg,Black and white portrait photographs of actors,Public domain,2026-09-02
Paul Wegener (1874–1948) 1932.jpg,https://commons.wikimedia.org/wiki/File:Paul_Wegener_%281874%E2%80%931948%29_1932.jpg,https://upload.wikimedia.org/wikipedia/commons/c/c5/Paul_Wegener_%281874%E2%80%931948%29_1932.jpg,Black and white portrait photographs of actors,Public domain,2026-09-01
"Pedro de Cordoba, 1916.jpg",https://commons.wikimedia.org/wiki/File:Pedro_de_Cordoba%2C_1916.jpg,https://upload.wikimedia.org/wikipedia/commons/3/3b/Pedro_de_Cordoba%2C_1916.jpg,Black and white portrait photographs of actors,Public domain,2026-09-03
Phillips Holmes.jpg,https://commons.wikimedia.org/wiki/File:Phillips_Holmes.jpg,https://upload.wikimedia.org/wikipedia/commons/a/a8/Phillips_Holmes.jpg,Black and white portrait photographs of actors,Public domain,2026-08-31
Portrait of Rudolph Valentino - Valentino.jpg,https://commons.wikimedia.org/wiki/File:Portrait_of_Rudolph_Valentino_-_Valentino.jpg,https://upload.wikimedia.org/wikipedia/commons/7/7c/Portrait_of_Rudolph_Valentino_-_Valentino.jpg,Black and white portrait photographs of actors,Public domain,2026-09-01
Ramon Novarro in The Blue Book of the Screen.jpg,https://commons.wikimedia.org/wiki/File:Ramon_Novarro_in_The_Blue_Book_of_the_Screen.jpg,https://upload.wikimedia.org/wikipedia/commons/7/7a/Ramon_Novarro_in_The_Blue_Book_of_the_Screen.jpg,Black and white portrait photographs of actors,Public domain,2026-08-31
Reinohelismaa.jpg,https://commons.wikimedia.org/wiki/File:Reinohelismaa.jpg,https://upload.wikimedia.org/wikipedia/commons/4/48/Reinohelismaa.jpg,Black and white portrait photographs of actors,Public domain,2026-09-03
Robert Blake Baretta 1977.JPG,https://commons.wikimedia.org/wiki/File:Robert_Blake_Baretta_1977.JPG,https://upload.wikimedia.org/wikipedia/commons/a/a2/Robert_Blake_Baretta_1977.JPG,Black and white portrait photographs of actors,Public domain,LOWRES
"Ronald Colman, 1924.jpg",https://commons.wikimedia.org/wiki/File:Ronald_Colman%2C_1924.jpg,https://upload.wikimedia.org/wikipedia/commons/9/91/Ronald_Colman%2C_1924.jpg,Black and white portrait photographs of actors,Public domain,2026-09-04
Rudolph Valentino in the Blue Book of the Screen 01.jpg,https://commons.wikimedia.org/wiki/File:Rudolph_Valentino_in_the_Blue_Book_of_the_Screen_01.jpg,https://upload.wikimedia.org/wikipedia/commons/9/91/Rudolph_Valentino_in_the_Blue_Book_of_the_Screen_01.jpg,Black and white portrait photographs of actors,Public domain,2026-09-03
Sibirjakov-Sobakin.jpg,https://commons.wikimedia.org/wiki/File:Sibirjakov-Sobakin.jpg,https://upload.wikimedia.org/wikipedia/commons/8/85/Sibirjakov-Sobakin.jpg,Black and white portrait photographs of actors,Public domain,2026-09-05
Tapiorautavaara.jpg,https://commons.wikimedia.org/wiki/File:Tapiorautavaara.jpg,https://upload.wikimedia.org/wikipedia/commons/0/08/Tapiorautavaara.jpg,Black and white portrait photographs of actors,Public domain,2026-09-05
Wallace Reid by Nelson Evans.jpg,https://commons.wikimedia.org/wiki/File:Wallace_Reid_by_Nelson_Evans.jpg,https://upload.wikimedia.org/wikipedia/commons/7/7a/Wallace_Reid_by_Nelson_Evans.jpg,Black and white portrait photographs of actors,Public domain,2026-09-01
Wallace Reid Portrait in Who's Who on the Screen.jpg,https://commons.wikimedia.org/wiki/File:Wallace_Reid_Portrait_in_Who%27s_Who_on_the_Screen.jpg,https://upload.wikimedia.org/wikipedia/commons/0/0e/Wallace_Reid_Portrait_in_Who%27s_Who_on_the_Screen.jpg,Black and white portrait photographs of actors,Public domain,2026-09-04
Wallace Reid Profile.jpg,https://commons.wikimedia.org/wiki/File:Wallace_Reid_Profile.jpg,https://upload.wikimedia.org/wikipedia/commons/1/1e/Wallace_Reid_Profile.jpg,Black and white portrait photographs of actors,Public domain,2026-09-04
Wallace Reid Smoking a Pipe.jpg,https://commons.wikimedia.org/wiki/File:Wallace_Reid_Smoking_a_Pipe.jpg,https://upload.wikimedia.org/wikipedia/commons/8/88/Wallace_Reid_Smoking_a_Pipe.jpg,Black and white portrait photographs of actors,Public domain,2026-09-02
Wallace Reid with his son and dog.jpg,https://commons.wikimedia.org/wiki/File:Wallace_Reid_with_his_son_and_dog.jpg,https://upload.wikimedia.org/wikipedia/commons/7/78/Wallace_Reid_with_his_son_and_dog.jpg,Black and white portrait photographs of actors,Public domain,2026-09-02
"Wallace Reid, 1916.jpg",https://commons.wikimedia.org/wiki/File:Wallace_Reid%2C_1916.jpg,https://upload.wikimedia.org/wikipedia/commons/f/f8/Wallace_Reid%2C_1916.jpg,Black and white portrait photographs of actors,Public domain,2026-09-05
"Wallace Reid, November 1914.jpg",https://commons.wikimedia.org/wiki/File:Wallace_Reid%2C_November_1914.jpg,https://upload.wikimedia.org/wikipedia/commons/9/92/Wallace_Reid%2C_November_1914.jpg,Black and white portrait photographs of actors,Public domain,2026-08-27
William Gillette cph.3a03734.jpg,https://commons.wikimedia.org/wiki/File:William_Gillette_cph.3a03734.jpg,https://upload.wikimedia.org/wikipedia/commons/1/1a/William_Gillette_cph.3a03734.jpg,Black and white portrait photographs of actors,Public domain,2026-08-27
William Powell by Hurrell.jpg,https://commons.wikimedia.org/wiki/File:William_Powell_by_Hurrell.jpg,https://upload.wikimedia.org/wikipedia/commons/b/bc/William_Powell_by_Hurrell.jpg,Black and white portrait photographs of actors,Public domain,LOWRES
Yale Boss.jpg,https://commons.wikimedia.org/wiki/File:Yale_Boss.jpg,https://upload.wikimedia.org/wikipedia/commons/5/54/Yale_Boss.jpg,Black and white portrait photographs of actors,Public domain,2026-09-03
Эммануил Нэлин.jpg,https://commons.wikimedia.org/wiki/File:%D0%AD%D0%BC%D0%BC%D0%B0%D0%BD%D1%83%D0%B8%D0%BB_%D0%9D%D1%8D%D0%BB%D0%B8%D0%BD.jpg,https://upload.wikimedia.org/wikipedia/commons/d/da/%D0%AD%D0%BC%D0%BC%D0%B0%D0%BD%D1%83%D0%B8%D0%BB_%D0%9D%D1%8D%D0%BB%D0%B8%D0%BD.jpg,Black and white portrait photographs of actors,Public domain,2026-09-03
Cheryl Crane (5 April 1958).jpg,https://commons.wikimedia.org/wiki/File:Cheryl_Crane_%285_April_1958%29.jpg,https://upload.wikimedia.org/wikipedia/commons/9/91/Cheryl_Crane_%285_April_1958%29.jpg,Cheryl Crane,Public domain,2026-09-01
Biograph Ad 1912.png,https://commons.wikimedia.org/wiki/File:Biograph_Ad_1912.png,https://upload.wikimedia.org/wikipedia/commons/9/92/Biograph_Ad_1912.png,The School Teacher and the Waif,Public domain,2026-08-31
Donnadelfiume.jpg,https://commons.wikimedia.org/wiki/File:Donnadelfiume.jpg,https://upload.wikimedia.org/wikipedia/commons/f/fb/Donnadelfiume.jpg,Sophia Loren in films,Public domain,2026-09-04
La-ciociara2.jpg,https://commons.wikimedia.org/wiki/File:La-ciociara2.jpg,https://upload.wikimedia.org/wikipedia/commons/1/19/La-ciociara2.jpg,Sophia Loren in films,Public domain,2026-08-29
"A young Sophia Loren, aged 15, at a beauty contest in Naples, Italy.jpg",https://commons.wikimedia.org/wiki/File:A_young_Sophia_Loren%2C_aged_15%2C_at_a_beauty_contest_in_Naples%2C_Italy.jpg,https://upload.wikimedia.org/wikipedia/commons/6/67/A_young_Sophia_Loren%2C_aged_15%2C_at_a_beauty_contest_in_Naples%2C_Italy.jpg,Sophia Loren smiling,Public domain,LOWRES
"Sophia Loren (third from left) in publicity images from the Miss Italia contest, 1950.jpg",https://commons.wikimedia.org/wiki/File:Sophia_Loren_%28third_from_left%29_in_publicity_images_from_the_Miss_Italia_contest%2C_1950.jpg,https://upload.wikimedia.org/wikipedia/commons/b/b5/Sophia_Loren_%28third_from_left%29_in_publicity_images_from_the_Miss_Italia_contest%2C_1950.jpg,Sophia Loren smiling,Public domain,2026-09-04
Garbo - Ninotchka - Clarence Bull.JPG,https://commons.wikimedia.org/wiki/File:Garbo_-_Ninotchka_-_Clarence_Bull.JPG,https://upload.wikimedia.org/wikipedia/commons/9/97/Garbo_-_Ninotchka_-_Clarence_Bull.JPG,Black and white portrait photographs of Greta Garbo,Public domain,2026-08-28
Garbo Publicity 1930s.jpg,https://commons.wikimedia.org/wiki/File:Garbo_Publicity_1930s.jpg,https://upload.wikimedia.org/wikipedia/commons/f/f7/Garbo_Publicity_1930s.jpg,Black and white portrait photographs of Greta Garbo,Public domain,LOWRES
Greta Garbo 1925 by Genthe-retouched.jpg,https://commons.wikimedia.org/wiki/File:Greta_Garbo_1925_by_Genthe-retouched.jpg,https://upload.wikimedia.org/wikipedia/commons/a/aa/Greta_Garbo_1925_by_Genthe-retouched.jpg,Black and white portrait photographs of Greta Garbo,Public domain,LOWRES
"Greta Garbo by Arnold Genthe, 1925, BW.jpg",https://commons.wikimedia.org/wiki/File:Greta_Garbo_by_Arnold_Genthe%2C_1925%2C_BW.jpg,https://upload.wikimedia.org/wikipedia/commons/a/ac/Greta_Garbo_by_Arnold_Genthe%2C_1925%2C_BW.jpg,Black and white portrait photographs of Greta Garbo,Public domain,2026-09-02
Greta Garbo portrait.JPG,https://commons.wikimedia.org/wiki/File:Greta_Garbo_portrait.JPG,https://upload.wikimedia.org/wikipedia/commons/0/09/Greta_Garbo_portrait.JPG,Black and white portrait photographs of Greta Garbo,Public domain,2026-09-02
Greta Garbo 1924 2.jpg,https://commons.wikimedia.org/wiki/File:Greta_Garbo_1924_2.jpg,https://upload.wikimedia.org/wikipedia/commons/5/52/Greta_Garbo_1924_2.jpg,Black and white portrait photographs of Greta Garbo,Public domain,2026-08-31
Greta Garbo - Alexander Binder - EYE FOT57148.jpg,https://commons.wikimedia.org/wiki/File:Greta_Garbo_-_Alexander_Binder_-_EYE_FOT57148.jpg,https://upload.wikimedia.org/wikipedia/commons/4/4d/Greta_Garbo_-_Alexander_Binder_-_EYE_FOT57148.jpg,Black and white portrait photographs of Greta Garbo,Public domain,2026-08-29
Greta Garbo - Ivory Black.jpg,https://commons.wikimedia.org/wiki/File:Greta_Garbo_-_Ivory_Black.jpg,https://upload.wikimedia.org/wikipedia/commons/f/fd/Greta_Garbo_-_Ivory_Black.jpg,Black and white portrait photographs of Greta Garbo,Public domain,2026-08-26
Greta Garbo 1924 1.jpg,https://commons.wikimedia.org/wiki/File:Greta_Garbo_1924_1.jpg,https://upload.wikimedia.org/wikipedia/commons/1/14/Greta_Garbo_1924_1.jpg,Black and white portrait photographs of Greta Garbo,Public domain,2026-08-26
Greta Garbo 1925 by Genthe.jpg,https://commons.wikimedia.org/wiki/File:Greta_Garbo_1925_by_Genthe.jpg,https://upload.wikimedia.org/wikipedia/commons/e/e8/Greta_Garbo_1925_by_Genthe.jpg,Black and white portrait photographs of Greta Garbo,Public domain,LOWRES
Greta Garbo cph.3b32516.jpg,https://commons.wikimedia.org/wiki/File:Greta_Garbo_cph.3b32516.jpg,https://upload.wikimedia.org/wikipedia/commons/6/6a/Greta_Garbo_cph.3b32516.jpg,Black and white portrait photographs of Greta Garbo,Public domain,2026-09-01
Greta Garbo in 1931 by Clarence Sinclair Bull.jpg,https://commons.wikimedia.org/wiki/File:Greta_Garbo_in_1931_by_Clarence_Sinclair_Bull.jpg,https://upload.wikimedia.org/wikipedia/commons/f/fc/Greta_Garbo_in_1931_by_Clarence_Sinclair_Bull.jpg,Black and white portrait photographs of Greta Garbo,Public domain,2026-08-27
Greta Garbo Majalah STAR Edisi 8 Tahun 1972.png,https://commons.wikimedia.org/wiki/File:Greta_Garbo_Majalah_STAR_Edisi_8_Tahun_1972.png,https://upload.wikimedia.org/wikipedia/commons/3/3d/Greta_Garbo_Majalah_STAR_Edisi_8_Tahun_1972.png,Black and white portrait photographs of Greta Garbo,Public domain,2026-09-06
Greta garbo v ross verlag.jpg,https://commons.wikimedia.org/wiki/File:Greta_garbo_v_ross_verlag.jpg,https://upload.wikimedia.org/wikipedia/commons/f/fc/Greta_garbo_v_ross_verlag.jpg,Black and white portrait photographs of Greta Garbo,Public domain,2026-09-04
Greta Garbo (1941).tif,https://commons.wikimedia.org/wiki/File:Greta_Garbo_%281941%29.tif,https://upload.wikimedia.org/wikipedia/commons/2/2a/Greta_Garbo_%281941%29.tif,Greta Garbo in 1941,Public domain,2026-09-21
RH Louise Garbo2.jpg,https://commons.wikimedia.org/wiki/File:RH_Louise_Garbo2.jpg,https://upload.wikimedia.org/wikipedia/commons/3/3d/RH_Louise_Garbo2.jpg,Black and white portrait photographs of Greta Garbo,Public domain,2026-08-31
Greta Garbo - 1939.jpg,https://commons.wikimedia.org/wiki/File:Greta_Garbo_-_1939.jpg,https://upload.wikimedia.org/wikipedia/commons/7/7d/Greta_Garbo_-_1939.jpg,Black and white portrait photographs of Greta Garbo,Public domain,LOWRES
Greta Garbo - Ninotchka 1939.JPG,https://commons.wikimedia.org/wiki/File:Greta_Garbo_-_Ninotchka_1939.JPG,https://upload.wikimedia.org/wikipedia/commons/0/07/Greta_Garbo_-_Ninotchka_1939.JPG,Black and white portrait photographs of Greta Garbo,Public domain,LOWRES
Greta Garbo Ross-Verlag 0515.jpg,https://commons.wikimedia.org/wiki/File:Greta_Garbo_Ross-Verlag_0515.jpg,https://upload.wikimedia.org/wikipedia/commons/a/a1/Greta_Garbo_Ross-Verlag_0515.jpg,Greta Garbo postcards published by Ross-Verlag,Public domain,
Kim Novak (1967).tif,https://commons.wikimedia.org/wiki/File:Kim_Novak_%281967%29.tif,https://upload.wikimedia.org/wikipedia/commons/0/03/Kim_Novak_%281967%29.tif,Portrait photographs of Kim Novak,Public domain,2026-09-21
Kim Novak - Publicity still (1959).png,https://commons.wikimedia.org/wiki/File:Kim_Novak_-_Publicity_still_%281959%29.png,https://upload.wikimedia.org/wikipedia/commons/4/42/Kim_Novak_-_Publicity_still_%281959%29.png,Portrait photographs of Kim Novak,Public domain,2026-09-05
Liza Minnelli (1971).tif,https://commons.wikimedia.org/wiki/File:Liza_Minnelli_%281971%29.tif,https://upload.wikimedia.org/wikipedia/commons/2/25/Liza_Minnelli_%281971%29.tif,Liza Minnelli,Public domain,2026-09-21
Gina Lollobrigida - Publicity still (1956).png,https://commons.wikimedia.org/wiki/File:Gina_Lollobrigida_-_Publicity_still_%281956%29.png,https://upload.wikimedia.org/wikipedia/commons/e/ea/Gina_Lollobrigida_-_Publicity_still_%281956%29.png,Portrait photographs of Gina Lollobrigida,Public domain,2026-09-02
Irene Papas 1956 2.jpg,https://commons.wikimedia.org/wiki/File:Irene_Papas_1956_2.jpg,https://upload.wikimedia.org/wikipedia/commons/6/61/Irene_Papas_1956_2.jpg,Irene Papas,Public domain,2026-08-28
Irene Papas 1956.jpg,https://commons.wikimedia.org/wiki/File:Irene_Papas_1956.jpg,https://upload.wikimedia.org/wikipedia/commons/c/ca/Irene_Papas_1956.jpg,Irene Papas,Public domain,LOWRES
Antônio Carlos Jobim (cropped) bw.jpg,https://commons.wikimedia.org/wiki/File:Ant%C3%B4nio_Carlos_Jobim_%28cropped%29_bw.jpg,https://upload.wikimedia.org/wikipedia/commons/9/9d/Ant%C3%B4nio_Carlos_Jobim_%28cropped%29_bw.jpg,Antônio Carlos Jobim,Public domain,2026-09-02
Antônio Carlos Jobim (cropped).jpg,https://commons.wikimedia.org/wiki/File:Ant%C3%B4nio_Carlos_Jobim_%28cropped%29.jpg,https://upload.wikimedia.org/wikipedia/commons/e/ed/Ant%C3%B4nio_Carlos_Jobim_%28cropped%29.jpg,Antônio Carlos Jobim,Public domain,2026-09-01
Correio da Manhã AN 422.jpg,https://commons.wikimedia.org/wiki/File:Correio_da_Manh%C3%A3_AN_422.jpg,https://upload.wikimedia.org/wikipedia/commons/3/34/Correio_da_Manh%C3%A3_AN_422.jpg,Antônio Carlos Jobim,Public domain,2026-09-04
Frank Sinatra Jr performing in Once Upon A Tour 1972.jpg,https://commons.wikimedia.org/wiki/File:Frank_Sinatra_Jr_performing_in_Once_Upon_A_Tour_1972.jpg,https://upload.wikimedia.org/wikipedia/commons/9/90/Frank_Sinatra_Jr_performing_in_Once_Upon_A_Tour_1972.jpg,"Frank Sinatra, Jr.",Public domain,2026-09-05
Nancy Sinatra 1967.JPG,https://commons.wikimedia.org/wiki/File:Nancy_Sinatra_1967.JPG,https://upload.wikimedia.org/wikipedia/commons/9/95/Nancy_Sinatra_1967.JPG,Nancy Sinatra,Public domain,2026-09-01
Geraldine Farrar as Elisabeth by Reutlinger.jpg,https://commons.wikimedia.org/wiki/File:Geraldine_Farrar_as_Elisabeth_by_Reutlinger.jpg,https://upload.wikimedia.org/wikipedia/commons/1/1b/Geraldine_Farrar_as_Elisabeth_by_Reutlinger.jpg,Black and white portrait photographs of actresses in theatrical costumes,Public domain,2026-09-06
"Alice Verlet (Musical Advance, 1914) 01.png",https://commons.wikimedia.org/wiki/File:Alice_Verlet_%28Musical_Advance%2C_1914%29_01.png,https://upload.wikimedia.org/wikipedia/commons/c/ca/Alice_Verlet_%28Musical_Advance%2C_1914%29_01.png,Black and white portrait photographs of actresses in theatrical costumes,Public domain,2026-08-28
"Alice Wilson, stage actress (SAYRE 11557).jpg",https://commons.wikimedia.org/wiki/File:Alice_Wilson%2C_stage_actress_%28SAYRE_11557%29.jpg,https://upload.wikimedia.org/wikipedia/commons/2/24/Alice_Wilson%2C_stage_actress_%28SAYRE_11557%29.jpg,Black and white portrait photographs of actresses in theatrical costumes,Public domain,2026-09-05
Blanche Walsh cph.3b03448.jpg,https://commons.wikimedia.org/wiki/File:Blanche_Walsh_cph.3b03448.jpg,https://upload.wikimedia.org/wikipedia/commons/1/1e/Blanche_Walsh_cph.3b03448.jpg,Black and white portrait photographs of actresses in theatrical costumes,Public domain,2026-08-28
"Constance Purdy (Musical Advance, 1915).png",https://commons.wikimedia.org/wiki/File:Constance_Purdy_%28Musical_Advance%2C_1915%29.png,https://upload.wikimedia.org/wikipedia/commons/0/01/Constance_Purdy_%28Musical_Advance%2C_1915%29.png,Black and white portrait photographs of actresses in theatrical costumes,Public domain,LOWRES
"Eugenie Ormonde, stage actress and singer (SAYRE 7313).jpg",https://commons.wikimedia.org/wiki/File:Eugenie_Ormonde%2C_stage_actress_and_singer_%28SAYRE_7313%29.jpg,https://upload.wikimedia.org/wikipedia/commons/a/a0/Eugenie_Ormonde%2C_stage_actress_and_singer_%28SAYRE_7313%29.jpg,Black and white portrait photographs of actresses in theatrical costumes,Public domain,2026-09-03
"Eva Earle French, stage actress (SAYRE 2102).jpg",https://commons.wikimedia.org/wiki/File:Eva_Earle_French%2C_stage_actress_%28SAYRE_2102%29.jpg,https://upload.wikimedia.org/wikipedia/commons/5/51/Eva_Earle_French%2C_stage_actress_%28SAYRE_2102%29.jpg,Black and white portrait photographs of actresses in theatrical costumes,Public domain,2026-08-31
"Frieda Hempel (Musical Advance, 1915).png",https://commons.wikimedia.org/wiki/File:Frieda_Hempel_%28Musical_Advance%2C_1915%29.png,https://upload.wikimedia.org/wikipedia/commons/6/64/Frieda_Hempel_%28Musical_Advance%2C_1915%29.png,Black and white portrait photographs of actresses in theatrical costumes,Public domain,2026-09-05
"Geraldine Farrar (Musical Advance, 1914) 03.png",https://commons.wikimedia.org/wiki/File:Geraldine_Farrar_%28Musical_Advance%2C_1914%29_03.png,https://upload.wikimedia.org/wikipedia/commons/8/89/Geraldine_Farrar_%28Musical_Advance%2C_1914%29_03.png,Black and white portrait photographs of actresses in theatrical costumes,Public domain,2026-09-04
"Geraldine Farrar (Musical Advance, 1914) 04.png",https://commons.wikimedia.org/wiki/File:Geraldine_Farrar_%28Musical_Advance%2C_1914%29_04.png,https://upload.wikimedia.org/wikipedia/commons/3/36/Geraldine_Farrar_%28Musical_Advance%2C_1914%29_04.png,Black and white portrait photographs of actresses in theatrical costumes,Public domain,2026-09-04
"Júlia Osváth (Jules Massenet- Manon, 1941).jpg",https://commons.wikimedia.org/wiki/File:J%C3%BAlia_Osv%C3%A1th_%28Jules_Massenet-_Manon%2C_1941%29.jpg,https://upload.wikimedia.org/wikipedia/commons/e/e6/J%C3%BAlia_Osv%C3%A1th_%28Jules_Massenet-_Manon%2C_1941%29.jpg,Black and white portrait photographs of actresses in theatrical costumes,Public domain,LOWRES
"La Varina (Musical Advance, 1915).png",https://commons.wikimedia.org/wiki/File:La_Varina_%28Musical_Advance%2C_1915%29.png,https://upload.wikimedia.org/wikipedia/commons/d/d9/La_Varina_%28Musical_Advance%2C_1915%29.png,Black and white portrait photographs of actresses in theatrical costumes,Public domain,2026-09-01
Les Folies amoureuses au château de Pourtalès en 1911 (3).jpg,https://commons.wikimedia.org/wiki/File:Les_Folies_amoureuses_au_ch%C3%A2teau_de_Pourtal%C3%A8s_en_1911_%283%29.jpg,https://upload.wikimedia.org/wikipedia/commons/c/cc/Les_Folies_amoureuses_au_ch%C3%A2teau_de_Pourtal%C3%A8s_en_1911_%283%29.jpg,Black and white portrait photographs of actresses in theatrical costumes,Public domain,LOWRES
Lillian Lawrence as Hamlet cph.3b21751.jpg,https://commons.wikimedia.org/wiki/File:Lillian_Lawrence_as_Hamlet_cph.3b21751.jpg,https://upload.wikimedia.org/wikipedia/commons/8/8f/Lillian_Lawrence_as_Hamlet_cph.3b21751.jpg,Black and white portrait photographs of actresses in theatrical costumes,Public domain,2026-09-03
L’attrice Tina di Lorenzo.jpg,https://commons.wikimedia.org/wiki/File:L%E2%80%99attrice_Tina_di_Lorenzo.jpg,https://upload.wikimedia.org/wikipedia/commons/a/a8/L%E2%80%99attrice_Tina_di_Lorenzo.jpg,Black and white portrait photographs of actresses in theatrical costumes,Public domain,2026-09-03
Mary Miles Minter by Witzel.jpg,https://commons.wikimedia.org/wiki/File:Mary_Miles_Minter_by_Witzel.jpg,https://upload.wikimedia.org/wikipedia/commons/d/d8/Mary_Miles_Minter_by_Witzel.jpg,Black and white portrait photographs of actresses in theatrical costumes,Public domain,LOWRES
"Milka Marković kao Ofelija, 1906.jpg",https://commons.wikimedia.org/wiki/File:Milka_Markovi%C4%87_kao_Ofelija%2C_1906.jpg,https://upload.wikimedia.org/wikipedia/commons/e/e8/Milka_Markovi%C4%87_kao_Ofelija%2C_1906.jpg,Black and white portrait photographs of actresses in theatrical costumes,Public domain,2026-09-03
"Pearl Adams (Musical Advance, 1915) 01.png",https://commons.wikimedia.org/wiki/File:Pearl_Adams_%28Musical_Advance%2C_1915%29_01.png,https://upload.wikimedia.org/wikipedia/commons/7/76/Pearl_Adams_%28Musical_Advance%2C_1915%29_01.png,Black and white portrait photographs of actresses in theatrical costumes,Public domain,2026-09-04
Regina Zuckerberg portrait from Das weise ziegele score.jpg,https://commons.wikimedia.org/wiki/File:Regina_Zuckerberg_portrait_from_Das_weise_ziegele_score.jpg,https://upload.wikimedia.org/wikipedia/commons/1/11/Regina_Zuckerberg_portrait_from_Das_weise_ziegele_score.jpg,Black and white portrait photographs of actresses in theatrical costumes,Public domain,2026-09-02
"Sarame Rainoldi (Musical Advance, 1915).png",https://commons.wikimedia.org/wiki/File:Sarame_Rainoldi_%28Musical_Advance%2C_1915%29.png,https://upload.wikimedia.org/wikipedia/commons/a/ae/Sarame_Rainoldi_%28Musical_Advance%2C_1915%29.png,Black and white portrait photographs of actresses in theatrical costumes,Public domain,2026-08-27
Truus van Aalten - Alexander Binder - EYE FOT168448.jpg,https://commons.wikimedia.org/wiki/File:Truus_van_Aalten_-_Alexander_Binder_-_EYE_FOT168448.jpg,https://upload.wikimedia.org/wikipedia/commons/d/d6/Truus_van_Aalten_-_Alexander_Binder_-_EYE_FOT168448.jpg,Black and white portrait photographs of actresses in theatrical costumes,Public domain,2026-09-01
Vilma Tihanyi as Turandot (1927).jpg,https://commons.wikimedia.org/wiki/File:Vilma_Tihanyi_as_Turandot_%281927%29.jpg,https://upload.wikimedia.org/wikipedia/commons/1/18/Vilma_Tihanyi_as_Turandot_%281927%29.jpg,Black and white portrait photographs of actresses in theatrical costumes,Public domain,2026-08-31
Yoshiko Kusabue.jpg,https://commons.wikimedia.org/wiki/File:Yoshiko_Kusabue.jpg,https://upload.wikimedia.org/wikipedia/commons/e/e7/Yoshiko_Kusabue.jpg,Black and white portrait photographs of actresses in theatrical costumes,Public domain,2026-09-05
Anna May Wong 3.jpg,https://commons.wikimedia.org/wiki/File:Anna_May_Wong_3.jpg,https://upload.wikimedia.org/wikipedia/commons/c/c9/Anna_May_Wong_3.jpg,Photographs of Anna May Wong by Carl Van Vechten,Public domain,2026-09-05
"Anna May Wong by Carl Van Vechten, 1932.jpg",https://commons.wikimedia.org/wiki/File:Anna_May_Wong_by_Carl_Van_Vechten%2C_1932.jpg,https://upload.wikimedia.org/wikipedia/commons/e/e5/Anna_May_Wong_by_Carl_Van_Vechten%2C_1932.jpg,Photographs of Anna May Wong by Carl Van Vechten,Public domain,2026-09-02
Annamaywongnew.jpg,https://commons.wikimedia.org/wiki/File:Annamaywongnew.jpg,https://upload.wikimedia.org/wikipedia/commons/0/02/Annamaywongnew.jpg,Photographs of Anna May Wong by Carl Van Vechten,Public domain,2026-08-28
Enrico Caruso in costume cph.3b09167.jpg,https://commons.wikimedia.org/wiki/File:Enrico_Caruso_in_costume_cph.3b09167.jpg,https://upload.wikimedia.org/wikipedia/commons/9/90/Enrico_Caruso_in_costume_cph.3b09167.jpg,Black and white portrait photographs of actors in theatrical costumes,Public domain,2026-09-01
Danilo kot Julij Cezar.jpg,https://commons.wikimedia.org/wiki/File:Danilo_kot_Julij_Cezar.jpg,https://upload.wikimedia.org/wikipedia/commons/4/4f/Danilo_kot_Julij_Cezar.jpg,Black and white portrait photographs of actors in theatrical costumes,Public domain,2026-08-31
Matheson Lang LCCN2014718633.jpg,https://commons.wikimedia.org/wiki/File:Matheson_Lang_LCCN2014718633.jpg,https://upload.wikimedia.org/wikipedia/commons/3/31/Matheson_Lang_LCCN2014718633.jpg,Black and white portrait photographs of actors in theatrical costumes,Public domain,2026-08-31
Odissea Bekim Fehmiu.jpg,https://commons.wikimedia.org/wiki/File:Odissea_Bekim_Fehmiu.jpg,https://upload.wikimedia.org/wikipedia/commons/4/42/Odissea_Bekim_Fehmiu.jpg,Black and white portrait photographs of actors in theatrical costumes,Public domain,2026-08-31
MarilynMonroe - YankArmyWeekly.jpg,https://commons.wikimedia.org/wiki/File:MarilynMonroe_-_YankArmyWeekly.jpg,https://upload.wikimedia.org/wikipedia/commons/3/32/MarilynMonroe_-_YankArmyWeekly.jpg,Marilyn Monroe in 1945,Public domain,2026-09-05
Ray Anthony Marilyn Monroe 1952.jpg,https://commons.wikimedia.org/wiki/File:Ray_Anthony_Marilyn_Monroe_1952.jpg,https://upload.wikimedia.org/wikipedia/commons/1/1e/Ray_Anthony_Marilyn_Monroe_1952.jpg,Marilyn Monroe in 1952,Public domain,LOWRES
Marilyn Monroe in How to Marry a Millionaire.jpg,https://commons.wikimedia.org/wiki/File:Marilyn_Monroe_in_How_to_Marry_a_Millionaire.jpg,https://upload.wikimedia.org/wikipedia/commons/2/2a/Marilyn_Monroe_in_How_to_Marry_a_Millionaire.jpg,Marilyn Monroe in 1953,Public domain,2026-08-28
"Marilyn Monroe ""Prince & the Showgirl"" 1957 promo portrait.jpg",https://commons.wikimedia.org/wiki/File:Marilyn_Monroe_%22Prince_%26_the_Showgirl%22_1957_promo_portrait.jpg,https://upload.wikimedia.org/wikipedia/commons/6/6c/Marilyn_Monroe_%22Prince_%26_the_Showgirl%22_1957_promo_portrait.jpg,Marilyn Monroe in 1957,Public domain,LOWRES
Marilyn Monroe April in Paris Ball 1957.jpg,https://commons.wikimedia.org/wiki/File:Marilyn_Monroe_April_in_Paris_Ball_1957.jpg,https://upload.wikimedia.org/wikipedia/commons/9/9f/Marilyn_Monroe_April_in_Paris_Ball_1957.jpg,Marilyn Monroe in 1957,Public domain,LOWRES
"Marilyn Monroe by Zinn Arthur, 1959.jpg",https://commons.wikimedia.org/wiki/File:Marilyn_Monroe_by_Zinn_Arthur%2C_1959.jpg,https://upload.wikimedia.org/wikipedia/commons/7/74/Marilyn_Monroe_by_Zinn_Arthur%2C_1959.jpg,Marilyn Monroe in 1959,Public domain,2026-09-02
Marilyn Monroe in Some Like It Hot trailer.jpg,https://commons.wikimedia.org/wiki/File:Marilyn_Monroe_in_Some_Like_It_Hot_trailer.jpg,https://upload.wikimedia.org/wikipedia/commons/9/99/Marilyn_Monroe_in_Some_Like_It_Hot_trailer.jpg,Marilyn Monroe in 1959,Public domain,LOWRES
Marilyn Monroe (1961).jpg,https://commons.wikimedia.org/wiki/File:Marilyn_Monroe_%281961%29.jpg,https://upload.wikimedia.org/wikipedia/commons/9/91/Marilyn_Monroe_%281961%29.jpg,Marilyn Monroe in 1961,Public domain,2026-08-27
Marilyn Monroe 1961.jpg,https://commons.wikimedia.org/wiki/File:Marilyn_Monroe_1961.jpg,https://upload.wikimedia.org/wikipedia/commons/8/83/Marilyn_Monroe_1961.jpg,Marilyn Monroe in 1961,Public domain,2026-09-03
JFK and Marilyn Monroe 1962 larger.jpg,https://commons.wikimedia.org/wiki/File:JFK_and_Marilyn_Monroe_1962_larger.jpg,https://upload.wikimedia.org/wikipedia/commons/b/bb/JFK_and_Marilyn_Monroe_1962_larger.jpg,Marilyn Monroe in 1962,Public domain,2026-09-05
Monroe and James Dougherty.jpg,https://commons.wikimedia.org/wiki/File:Monroe_and_James_Dougherty.jpg,https://upload.wikimedia.org/wikipedia/commons/1/1f/Monroe_and_James_Dougherty.jpg,Files of Marilyn Monroe with unknown dates,Public domain,2026-09-05
Marilyn monroe as an infant brightened.jpg,https://commons.wikimedia.org/wiki/File:Marilyn_monroe_as_an_infant_brightened.jpg,https://upload.wikimedia.org/wikipedia/commons/0/01/Marilyn_monroe_as_an_infant_brightened.jpg,Files of Marilyn Monroe with unknown dates,Public domain,2026-08-31
Grace Kelly 1954.jpg,https://commons.wikimedia.org/wiki/File:Grace_Kelly_1954.jpg,https://upload.wikimedia.org/wikipedia/commons/b/b8/Grace_Kelly_1954.jpg,Grace Kelly in 1954,Public domain,2026-09-02
Grace Kelly bw 1954.jpg,https://commons.wikimedia.org/wiki/File:Grace_Kelly_bw_1954.jpg,https://upload.wikimedia.org/wikipedia/commons/6/62/Grace_Kelly_bw_1954.jpg,Grace Kelly in 1954,Public domain,2026-09-01
Grace Kelly MGM Parade 1956.JPG,https://commons.wikimedia.org/wiki/File:Grace_Kelly_MGM_Parade_1956.JPG,https://upload.wikimedia.org/wikipedia/commons/a/a9/Grace_Kelly_MGM_Parade_1956.JPG,Grace Kelly in 1956,Public domain,2026-09-04
Hepburn Kelly Publicity Photo 1956.jpg,https://commons.wikimedia.org/wiki/File:Hepburn_Kelly_Publicity_Photo_1956.jpg,https://upload.wikimedia.org/wikipedia/commons/f/fe/Hepburn_Kelly_Publicity_Photo_1956.jpg,Grace Kelly in 1956,Public domain,2026-09-03
Lana Turner c. 1926.jpg,https://commons.wikimedia.org/wiki/File:Lana_Turner_c._1926.jpg,https://upload.wikimedia.org/wikipedia/commons/b/b3/Lana_Turner_c._1926.jpg,Lana Turner in 1926,Public domain,2026-08-27
Lana Turner 1937 MGM portrait (crop).jpg,https://commons.wikimedia.org/wiki/File:Lana_Turner_1937_MGM_portrait_%28crop%29.jpg,https://upload.wikimedia.org/wikipedia/commons/2/29/Lana_Turner_1937_MGM_portrait_%28crop%29.jpg,Lana Turner in 1937,Public domain,LOWRES
Lana Turner 1937 MGM portrait.jpg,https://commons.wikimedia.org/wiki/File:Lana_Turner_1937_MGM_portrait.jpg,https://upload.wikimedia.org/wikipedia/commons/c/cf/Lana_Turner_1937_MGM_portrait.jpg,Lana Turner in 1937,Public domain,2026-08-27
Lana Turner - Dr. Kildare publicity portrait.jpg,https://commons.wikimedia.org/wiki/File:Lana_Turner_-_Dr._Kildare_publicity_portrait.jpg,https://upload.wikimedia.org/wikipedia/commons/3/3b/Lana_Turner_-_Dr._Kildare_publicity_portrait.jpg,Lana Turner in 1939,Public domain,LOWRES
Lana Turner Ziegfeld Girl (1941).jpg,https://commons.wikimedia.org/wiki/File:Lana_Turner_Ziegfeld_Girl_%281941%29.jpg,https://upload.wikimedia.org/wikipedia/commons/0/02/Lana_Turner_Ziegfeld_Girl_%281941%29.jpg,Lana Turner in 1941,Public domain,LOWRES
Lana Turner Ziegfeld Girl 1941.jpg,https://commons.wikimedia.org/wiki/File:Lana_Turner_Ziegfeld_Girl_1941.jpg,https://upload.wikimedia.org/wikipedia/commons/3/3a/Lana_Turner_Ziegfeld_Girl_1941.jpg,Lana Turner in 1941,Public domain,2026-08-29
Lana Turner 1942 portrait.jpg,https://commons.wikimedia.org/wiki/File:Lana_Turner_1942_portrait.jpg,https://upload.wikimedia.org/wikipedia/commons/5/56/Lana_Turner_1942_portrait.jpg,Lana Turner in 1942,Public domain,2026-08-29
Lana Turner circa 1942.jpg,https://commons.wikimedia.org/wiki/File:Lana_Turner_circa_1942.jpg,https://upload.wikimedia.org/wikipedia/commons/6/61/Lana_Turner_circa_1942.jpg,Lana Turner in 1942,Public domain,2026-08-27
Lana Turner 1943.png,https://commons.wikimedia.org/wiki/File:Lana_Turner_1943.png,https://upload.wikimedia.org/wikipedia/commons/e/e7/Lana_Turner_1943.png,Lana Turner in 1943,Public domain,2026-08-29
Lana-Turner-OW-Almanac-1944.jpg,https://commons.wikimedia.org/wiki/File:Lana-Turner-OW-Almanac-1944.jpg,https://upload.wikimedia.org/wikipedia/commons/a/a6/Lana-Turner-OW-Almanac-1944.jpg,Lana Turner in 1944,Public domain,2026-08-27
Lana Turner - Keep Your Powder Dry headshot (2) (cropped).jpg,https://commons.wikimedia.org/wiki/File:Lana_Turner_-_Keep_Your_Powder_Dry_headshot_%282%29_%28cropped%29.jpg,https://upload.wikimedia.org/wikipedia/commons/6/62/Lana_Turner_-_Keep_Your_Powder_Dry_headshot_%282%29_%28cropped%29.jpg,Lana Turner in 1945,Public domain,2026-08-27
1948 Lana Turner on The Three Musketeers movie set.png,https://commons.wikimedia.org/wiki/File:1948_Lana_Turner_on_The_Three_Musketeers_movie_set.png,https://upload.wikimedia.org/wikipedia/commons/1/16/1948_Lana_Turner_on_The_Three_Musketeers_movie_set.png,Lana Turner in 1948,Public domain,2026-08-29
"Lana Turner, MGM 1950.jpg",https://commons.wikimedia.org/wiki/File:Lana_Turner%2C_MGM_1950.jpg,https://upload.wikimedia.org/wikipedia/commons/0/06/Lana_Turner%2C_MGM_1950.jpg,Lana Turner in 1950,Public domain,2026-08-28
Eiganotomo-2-1951-page2.jpg,https://commons.wikimedia.org/wiki/File:Eiganotomo-2-1951-page2.jpg,https://upload.wikimedia.org/wikipedia/commons/6/6e/Eiganotomo-2-1951-page2.jpg,Lana Turner in 1951,Public domain,2026-08-27
Lana Turner The Rains of Ranchipur 1955.jpg,https://commons.wikimedia.org/wiki/File:Lana_Turner_The_Rains_of_Ranchipur_1955.jpg,https://upload.wikimedia.org/wikipedia/commons/8/81/Lana_Turner_The_Rains_of_Ranchipur_1955.jpg,Lana Turner in 1955,Public domain,2026-08-27
Lana Turner 4 April 1958.jpg,https://commons.wikimedia.org/wiki/File:Lana_Turner_4_April_1958.jpg,https://upload.wikimedia.org/wikipedia/commons/6/66/Lana_Turner_4_April_1958.jpg,Lana Turner in 1958,Public domain,LOWRES
LG18 1958 Wire Photo LANA TURNER Hollywood Star CRYING Daughter Arrested Murder.png,https://commons.wikimedia.org/wiki/File:LG18_1958_Wire_Photo_LANA_TURNER_Hollywood_Star_CRYING_Daughter_Arrested_Murder.png,https://upload.wikimedia.org/wikipedia/commons/7/7c/LG18_1958_Wire_Photo_LANA_TURNER_Hollywood_Star_CRYING_Daughter_Arrested_Murder.png,Lana Turner in 1958,Public domain,LOWRES
Lana Turner 1960.jpg,https://commons.wikimedia.org/wiki/File:Lana_Turner_1960.jpg,https://upload.wikimedia.org/wikipedia/commons/9/9d/Lana_Turner_1960.jpg,Lana Turner in 1960,Public domain,2026-08-29
Lana Turner - Madame X publicity photo.jpg,https://commons.wikimedia.org/wiki/File:Lana_Turner_-_Madame_X_publicity_photo.jpg,https://upload.wikimedia.org/wikipedia/commons/archive/3/36/20180622214645%21Lana_Turner_-_Madame_X_publicity_photo.jpg,Lana Turner in 1966,Public domain,GONE
Lana Turner 1972.jpg,https://commons.wikimedia.org/wiki/File:Lana_Turner_1972.jpg,https://upload.wikimedia.org/wikipedia/commons/9/90/Lana_Turner_1972.jpg,Lana Turner in 1972,Public domain,2026-08-29
Judson-Hayworth-1942.jpg,https://commons.wikimedia.org/wiki/File:Judson-Hayworth-1942.jpg,https://upload.wikimedia.org/wikipedia/commons/0/04/Judson-Hayworth-1942.jpg,Rita Hayworth in 1942,Public domain,2026-08-27
Rita Hayworth - Stardom (March 1942).png,https://commons.wikimedia.org/wiki/File:Rita_Hayworth_-_Stardom_%28March_1942%29.png,https://upload.wikimedia.org/wikipedia/commons/1/1e/Rita_Hayworth_-_Stardom_%28March_1942%29.png,Rita Hayworth in 1942,Public domain,2026-08-30
Rita Hayworth 1942.jpg,https://commons.wikimedia.org/wiki/File:Rita_Hayworth_1942.jpg,https://upload.wikimedia.org/wikipedia/commons/a/a0/Rita_Hayworth_1942.jpg,Rita Hayworth in 1942,Public domain,2026-09-05
Gilda (1946).jpg,https://commons.wikimedia.org/wiki/File:Gilda_%281946%29.jpg,https://upload.wikimedia.org/wikipedia/commons/8/82/Gilda_%281946%29.jpg,Rita Hayworth in 1946,Public domain,2026-08-30
Gilda 1946.jpg,https://commons.wikimedia.org/wiki/File:Gilda_1946.jpg,https://upload.wikimedia.org/wikipedia/commons/d/df/Gilda_1946.jpg,Rita Hayworth in 1946,Public domain,2026-09-05
Hayworth-Haymes-1953.jpg,https://commons.wikimedia.org/wiki/File:Hayworth-Haymes-1953.jpg,https://upload.wikimedia.org/wikipedia/commons/d/d7/Hayworth-Haymes-1953.jpg,Rita Hayworth in 1953,Public domain,2026-08-30
Hayworth-Hill-1958-cropped.jpg,https://commons.wikimedia.org/wiki/File:Hayworth-Hill-1958-cropped.jpg,https://upload.wikimedia.org/wikipedia/commons/8/81/Hayworth-Hill-1958-cropped.jpg,Rita Hayworth in 1958,Public domain,2026-09-01
Ava Gardner 1951 by Virgil Apger.jpg,https://commons.wikimedia.org/wiki/File:Ava_Gardner_1951_by_Virgil_Apger.jpg,https://upload.wikimedia.org/wikipedia/commons/3/32/Ava_Gardner_1951_by_Virgil_Apger.jpg,Ava Gardner in 1951,Public domain,2026-09-02
Ava-Gardner-in-Stockholm-1954-391767746470.jpg,https://commons.wikimedia.org/wiki/File:Ava-Gardner-in-Stockholm-1954-391767746470.jpg,https://upload.wikimedia.org/wikipedia/commons/e/e5/Ava-Gardner-in-Stockholm-1954-391767746470.jpg,Ava Gardner in 1954,Public domain,LOWRES
Ava Gardner c. 1955 - United Artists.jpg,https://commons.wikimedia.org/wiki/File:Ava_Gardner_c._1955_-_United_Artists.jpg,https://upload.wikimedia.org/wikipedia/commons/b/b2/Ava_Gardner_c._1955_-_United_Artists.jpg,Ava Gardner in 1955,Public domain,LOWRES
Film actress Clara Bow (SAYRE 10626).jpg,https://commons.wikimedia.org/wiki/File:Film_actress_Clara_Bow_%28SAYRE_10626%29.jpg,https://upload.wikimedia.org/wikipedia/commons/a/ae/Film_actress_Clara_Bow_%28SAYRE_10626%29.jpg,Clara Bow in 1924,Public domain,2026-09-02
Film actress Clara Bow (SAYRE 10691).jpg,https://commons.wikimedia.org/wiki/File:Film_actress_Clara_Bow_%28SAYRE_10691%29.jpg,https://upload.wikimedia.org/wikipedia/commons/1/10/Film_actress_Clara_Bow_%28SAYRE_10691%29.jpg,Clara Bow in 1924,Public domain,2026-09-06
"Clara Bow, 1928.png",https://commons.wikimedia.org/wiki/File:Clara_Bow%2C_1928.png,https://upload.wikimedia.org/wikipedia/commons/b/bd/Clara_Bow%2C_1928.png,Clara Bow in 1928,Public domain,2026-09-05
"Clara Bow, film actress (SAYRE 4377).jpg",https://commons.wikimedia.org/wiki/File:Clara_Bow%2C_film_actress_%28SAYRE_4377%29.jpg,https://upload.wikimedia.org/wikipedia/commons/6/69/Clara_Bow%2C_film_actress_%28SAYRE_4377%29.jpg,Clara Bow in 1928,Public domain,2026-09-02
"Lillian Gish, head-and-shoulders portrait, facing right, leaning on large pottery vase LCCN2005687253.jpg",https://commons.wikimedia.org/wiki/File:Lillian_Gish%2C_head-and-shoulders_portrait%2C_facing_right%2C_leaning_on_large_pottery_vase_LCCN2005687253.jpg,https://upload.wikimedia.org/wikipedia/commons/0/07/Lillian_Gish%2C_head-and-shoulders_portrait%2C_facing_right%2C_leaning_on_large_pottery_vase_LCCN2005687253.jpg,Lillian Gish in 1915,Public domain,2026-09-02
Publicity still for Birth of a Nation (1915) 02.jpg,https://commons.wikimedia.org/wiki/File:Publicity_still_for_Birth_of_a_Nation_%281915%29_02.jpg,https://upload.wikimedia.org/wikipedia/commons/f/fe/Publicity_still_for_Birth_of_a_Nation_%281915%29_02.jpg,Lillian Gish in 1915,Public domain,2026-08-29
Publicity still for Birth of a Nation (1915) 03.jpg,https://commons.wikimedia.org/wiki/File:Publicity_still_for_Birth_of_a_Nation_%281915%29_03.jpg,https://upload.wikimedia.org/wikipedia/commons/6/61/Publicity_still_for_Birth_of_a_Nation_%281915%29_03.jpg,Lillian Gish in 1915,Public domain,2026-08-29
Film actress Lillian Gish (SAYRE 2511).jpg,https://commons.wikimedia.org/wiki/File:Film_actress_Lillian_Gish_%28SAYRE_2511%29.jpg,https://upload.wikimedia.org/wikipedia/commons/9/94/Film_actress_Lillian_Gish_%28SAYRE_2511%29.jpg,Lillian Gish in 1919,Public domain,2026-08-27
"Lillian Gish, silent film actress (SAYRE 2720).jpg",https://commons.wikimedia.org/wiki/File:Lillian_Gish%2C_silent_film_actress_%28SAYRE_2720%29.jpg,https://upload.wikimedia.org/wikipedia/commons/6/66/Lillian_Gish%2C_silent_film_actress_%28SAYRE_2720%29.jpg,Lillian Gish in 1924,Public domain,2026-08-29
Lillian-Gish-Uncle-Vanya-1930.jpg,https://commons.wikimedia.org/wiki/File:Lillian-Gish-Uncle-Vanya-1930.jpg,https://upload.wikimedia.org/wikipedia/commons/4/48/Lillian-Gish-Uncle-Vanya-1930.jpg,Lillian Gish in 1930,Public domain,2026-09-02
"Mary Pickford, head-and-shoulders portrait, facing left) - Moody, N.Y LCCN2011645194.jpg",https://commons.wikimedia.org/wiki/File:Mary_Pickford%2C_head-and-shoulders_portrait%2C_facing_left%29_-_Moody%2C_N.Y_LCCN2011645194.jpg,https://upload.wikimedia.org/wikipedia/commons/a/a5/Mary_Pickford%2C_head-and-shoulders_portrait%2C_facing_left%29_-_Moody%2C_N.Y_LCCN2011645194.jpg,Mary Pickford in 1910,Public domain,2026-09-01
"Mary Pickford, half-length portrait, facing left LCCN96524649.jpg",https://commons.wikimedia.org/wiki/File:Mary_Pickford%2C_half-length_portrait%2C_facing_left_LCCN96524649.jpg,https://upload.wikimedia.org/wikipedia/commons/d/d5/Mary_Pickford%2C_half-length_portrait%2C_facing_left_LCCN96524649.jpg,Mary Pickford in 1914,Public domain,2026-09-01
"Mary Pickford, full-length portrait, facing left LCCN96500366.jpg",https://commons.wikimedia.org/wiki/File:Mary_Pickford%2C_full-length_portrait%2C_facing_left_LCCN96500366.jpg,https://upload.wikimedia.org/wikipedia/commons/5/50/Mary_Pickford%2C_full-length_portrait%2C_facing_left_LCCN96500366.jpg,Mary Pickford in 1915,Public domain,2026-08-31
"Mary Pickford, silent film actress (SAYRE 7499).jpg",https://commons.wikimedia.org/wiki/File:Mary_Pickford%2C_silent_film_actress_%28SAYRE_7499%29.jpg,https://upload.wikimedia.org/wikipedia/commons/2/24/Mary_Pickford%2C_silent_film_actress_%28SAYRE_7499%29.jpg,Mary Pickford in 1916,Public domain,2026-08-30
Pickford Moody 1916.jpg,https://commons.wikimedia.org/wiki/File:Pickford_Moody_1916.jpg,https://upload.wikimedia.org/wikipedia/commons/6/61/Pickford_Moody_1916.jpg,Mary Pickford in 1916,Public domain,2026-09-02
"New York Dramatic Mirror, 1917-01-13 cover.jpg",https://commons.wikimedia.org/wiki/File:New_York_Dramatic_Mirror%2C_1917-01-13_cover.jpg,https://upload.wikimedia.org/wikipedia/commons/c/c6/New_York_Dramatic_Mirror%2C_1917-01-13_cover.jpg,Mary Pickford in 1917,Public domain,2026-09-04
Daddy-Long-Legs (1919).jpg,https://commons.wikimedia.org/wiki/File:Daddy-Long-Legs_%281919%29.jpg,https://upload.wikimedia.org/wikipedia/commons/7/7f/Daddy-Long-Legs_%281919%29.jpg,Mary Pickford in 1919,Public domain,2026-09-03
Mary Pickford 1920 - Abbe.jpg,https://commons.wikimedia.org/wiki/File:Mary_Pickford_1920_-_Abbe.jpg,https://upload.wikimedia.org/wikipedia/commons/0/0f/Mary_Pickford_1920_-_Abbe.jpg,Mary Pickford in 1920,Public domain,2026-09-01
The Love Light (1921) - 3.jpg,https://commons.wikimedia.org/wiki/File:The_Love_Light_%281921%29_-_3.jpg,https://upload.wikimedia.org/wikipedia/commons/a/a7/The_Love_Light_%281921%29_-_3.jpg,Mary Pickford in 1921,Public domain,2026-09-04
"Mary Pickford, three-quarter length portrait, seated, facing left LCCN90710968.jpg",https://commons.wikimedia.org/wiki/File:Mary_Pickford%2C_three-quarter_length_portrait%2C_seated%2C_facing_left_LCCN90710968.jpg,https://upload.wikimedia.org/wikipedia/commons/3/3c/Mary_Pickford%2C_three-quarter_length_portrait%2C_seated%2C_facing_left_LCCN90710968.jpg,Mary Pickford in 1921,Public domain,2026-08-28
Tess of the Storm Country (SAYRE 14688).jpg,https://commons.wikimedia.org/wiki/File:Tess_of_the_Storm_Country_%28SAYRE_14688%29.jpg,https://upload.wikimedia.org/wikipedia/commons/b/b3/Tess_of_the_Storm_Country_%28SAYRE_14688%29.jpg,Mary Pickford in 1922,Public domain,2026-08-28
"Mary Pickford, silent film actress (SAYRE 7809).jpg",https://commons.wikimedia.org/wiki/File:Mary_Pickford%2C_silent_film_actress_%28SAYRE_7809%29.jpg,https://upload.wikimedia.org/wikipedia/commons/9/96/Mary_Pickford%2C_silent_film_actress_%28SAYRE_7809%29.jpg,Mary Pickford in 1924,Public domain,2026-09-01
Dorothy Vernon of Haddon Hall (SAYRE 14083).jpg,https://commons.wikimedia.org/wiki/File:Dorothy_Vernon_of_Haddon_Hall_%28SAYRE_14083%29.jpg,https://upload.wikimedia.org/wikipedia/commons/5/5d/Dorothy_Vernon_of_Haddon_Hall_%28SAYRE_14083%29.jpg,Mary Pickford in 1924,Public domain,2026-09-05
"Mary Pickford, silent film actress (SAYRE 1017).jpg",https://commons.wikimedia.org/wiki/File:Mary_Pickford%2C_silent_film_actress_%28SAYRE_1017%29.jpg,https://upload.wikimedia.org/wikipedia/commons/1/1c/Mary_Pickford%2C_silent_film_actress_%28SAYRE_1017%29.jpg,Mary Pickford in 1925,Public domain,2026-09-03
"De Amerikaanse acteur Douglas Fairbanks(1883-1939) en zijn tweede vrouw Mary Pickford, SFA005001674.jpg",https://commons.wikimedia.org/wiki/File:De_Amerikaanse_acteur_Douglas_Fairbanks%281883-1939%29_en_zijn_tweede_vrouw_Mary_Pickford%2C_SFA005001674.jpg,https://upload.wikimedia.org/wikipedia/commons/f/f7/De_Amerikaanse_acteur_Douglas_Fairbanks%281883-1939%29_en_zijn_tweede_vrouw_Mary_Pickford%2C_SFA005001674.jpg,Mary Pickford in 1928,Public domain,2026-09-02
Douglas Fairbanks Mary Pickford 1928.jpg,https://commons.wikimedia.org/wiki/File:Douglas_Fairbanks_Mary_Pickford_1928.jpg,https://upload.wikimedia.org/wikipedia/commons/d/d8/Douglas_Fairbanks_Mary_Pickford_1928.jpg,Mary Pickford in 1928,Public domain,2026-09-01
"E. D. Merrill and Mary Pickford, 1928.jpg",https://commons.wikimedia.org/wiki/File:E._D._Merrill_and_Mary_Pickford%2C_1928.jpg,https://upload.wikimedia.org/wikipedia/commons/0/02/E._D._Merrill_and_Mary_Pickford%2C_1928.jpg,Mary Pickford in 1928,Public domain,2026-09-05
Mary Pickford posing with statuette at the Oscars 1930.jpg,https://commons.wikimedia.org/wiki/File:Mary_Pickford_posing_with_statuette_at_the_Oscars_1930.jpg,https://upload.wikimedia.org/wikipedia/commons/8/83/Mary_Pickford_posing_with_statuette_at_the_Oscars_1930.jpg,Mary Pickford in 1930,Public domain,2026-09-01
"Anders Randolf, film actor (SAYRE 8117).jpg",https://commons.wikimedia.org/wiki/File:Anders_Randolf%2C_film_actor_%28SAYRE_8117%29.jpg,https://upload.wikimedia.org/wikipedia/commons/c/cf/Anders_Randolf%2C_film_actor_%28SAYRE_8117%29.jpg,Dorothy Vernon of Haddon Hall (film),Public domain,2026-09-01
Film actor Howard Gaye (SAYRE 461).jpg,https://commons.wikimedia.org/wiki/File:Film_actor_Howard_Gaye_%28SAYRE_461%29.jpg,https://upload.wikimedia.org/wikipedia/commons/1/11/Film_actor_Howard_Gaye_%28SAYRE_461%29.jpg,Dorothy Vernon of Haddon Hall (film),Public domain,2026-09-01
Silent film actor Allen Forrest (SAYRE 205).jpg,https://commons.wikimedia.org/wiki/File:Silent_film_actor_Allen_Forrest_%28SAYRE_205%29.jpg,https://upload.wikimedia.org/wikipedia/commons/5/5c/Silent_film_actor_Allen_Forrest_%28SAYRE_205%29.jpg,Dorothy Vernon of Haddon Hall (film),Public domain,2026-08-30
Silent film actor Courtenay Foote (SAYRE 846).jpg,https://commons.wikimedia.org/wiki/File:Silent_film_actor_Courtenay_Foote_%28SAYRE_846%29.jpg,https://upload.wikimedia.org/wikipedia/commons/8/8c/Silent_film_actor_Courtenay_Foote_%28SAYRE_846%29.jpg,Dorothy Vernon of Haddon Hall (film),Public domain,2026-09-03
Silent film actress Clare Eames (SAYRE 23212).jpg,https://commons.wikimedia.org/wiki/File:Silent_film_actress_Clare_Eames_%28SAYRE_23212%29.jpg,https://upload.wikimedia.org/wikipedia/commons/5/5e/Silent_film_actress_Clare_Eames_%28SAYRE_23212%29.jpg,Dorothy Vernon of Haddon Hall (film),Public domain,2026-09-04
Garrison's Finish publicityphotos 1922.jpg,https://commons.wikimedia.org/wiki/File:Garrison%27s_Finish_publicityphotos_1922.jpg,https://upload.wikimedia.org/wikipedia/commons/9/94/Garrison%27s_Finish_publicityphotos_1922.jpg,Garrison's Finish,Public domain,2026-08-27
Hedy Lamarr in a 1940 MGM publicity still.jpg,https://commons.wikimedia.org/wiki/File:Hedy_Lamarr_in_a_1940_MGM_publicity_still.jpg,https://upload.wikimedia.org/wikipedia/commons/f/f0/Hedy_Lamarr_in_a_1940_MGM_publicity_still.jpg,Hedy Lamarr in 1940,Public domain,2026-09-03
Hedy Lamarr in Let's Live a Little (1948).jpg,https://commons.wikimedia.org/wiki/File:Hedy_Lamarr_in_Let%27s_Live_a_Little_%281948%29.jpg,https://upload.wikimedia.org/wikipedia/commons/9/97/Hedy_Lamarr_in_Let%27s_Live_a_Little_%281948%29.jpg,Hedy Lamarr in 1948,Public domain,2026-09-02
Veronica Lake - Studio portrait (1941).png,https://commons.wikimedia.org/wiki/File:Veronica_Lake_-_Studio_portrait_%281941%29.png,https://upload.wikimedia.org/wikipedia/commons/e/e9/Veronica_Lake_-_Studio_portrait_%281941%29.png,Veronica Lake in 1941,Public domain,2026-08-29
"Veronica Lake by A. L. Whitey Schafer, 1943.jpg",https://commons.wikimedia.org/wiki/File:Veronica_Lake_by_A._L._Whitey_Schafer%2C_1943.jpg,https://upload.wikimedia.org/wikipedia/commons/3/3b/Veronica_Lake_by_A._L._Whitey_Schafer%2C_1943.jpg,Veronica Lake in 1943,Public domain,2026-09-03
Veronica Lake still 2.jpg,https://commons.wikimedia.org/wiki/File:Veronica_Lake_still_2.jpg,https://upload.wikimedia.org/wikipedia/commons/f/ff/Veronica_Lake_still_2.jpg,Files of Veronica Lake with unknown dates,Public domain,2026-08-30
Veronica Lake still.jpg,https://commons.wikimedia.org/wiki/File:Veronica_Lake_still.jpg,https://upload.wikimedia.org/wikipedia/commons/9/9b/Veronica_Lake_still.jpg,Files of Veronica Lake with unknown dates,Public domain,2026-09-03
Gene Tierney 1946.jpg,https://commons.wikimedia.org/wiki/File:Gene_Tierney_1946.jpg,https://upload.wikimedia.org/wikipedia/commons/4/4e/Gene_Tierney_1946.jpg,Gene Tierney in 1946,Public domain,2026-09-04
Carole Lombard wearing swimsuit 1927.jpg,https://commons.wikimedia.org/wiki/File:Carole_Lombard_wearing_swimsuit_1927.jpg,https://upload.wikimedia.org/wikipedia/commons/3/3f/Carole_Lombard_wearing_swimsuit_1927.jpg,Carole Lombard in 1927,Public domain,2026-08-28
"Carole Lombard with Sennett girls, May 1927.jpg",https://commons.wikimedia.org/wiki/File:Carole_Lombard_with_Sennett_girls%2C_May_1927.jpg,https://upload.wikimedia.org/wikipedia/commons/b/ba/Carole_Lombard_with_Sennett_girls%2C_May_1927.jpg,Carole Lombard in 1927,Public domain,2026-08-27
Carole Lombard The Girl From Nowhere 1928.jpg,https://commons.wikimedia.org/wiki/File:Carole_Lombard_The_Girl_From_Nowhere_1928.jpg,https://upload.wikimedia.org/wikipedia/commons/4/4c/Carole_Lombard_The_Girl_From_Nowhere_1928.jpg,Carole Lombard in 1928,Public domain,2026-08-28
Carole Lombard by Edwin Bower Hesser 1929.jpg,https://commons.wikimedia.org/wiki/File:Carole_Lombard_by_Edwin_Bower_Hesser_1929.jpg,https://upload.wikimedia.org/wikipedia/commons/3/3e/Carole_Lombard_by_Edwin_Bower_Hesser_1929.jpg,Carole Lombard in 1929,Public domain,LOWRES
Carole Lombard by William E. Thomas 1929.jpg,https://commons.wikimedia.org/wiki/File:Carole_Lombard_by_William_E._Thomas_1929.jpg,https://upload.wikimedia.org/wikipedia/commons/4/4c/Carole_Lombard_by_William_E._Thomas_1929.jpg,Carole Lombard in 1929,Public domain,2026-08-28
Carole Lombard wearing jumper 1929.jpg,https://commons.wikimedia.org/wiki/File:Carole_Lombard_wearing_jumper_1929.jpg,https://upload.wikimedia.org/wikipedia/commons/a/a1/Carole_Lombard_wearing_jumper_1929.jpg,Carole Lombard in 1929,Public domain,2026-08-31
Carole Lombard 1930.jpg,https://commons.wikimedia.org/wiki/File:Carole_Lombard_1930.jpg,https://upload.wikimedia.org/wikipedia/commons/e/e8/Carole_Lombard_1930.jpg,Carole Lombard in 1930,Public domain,2026-08-28
Carole Lombard 1931 portrait.jpg,https://commons.wikimedia.org/wiki/File:Carole_Lombard_1931_portrait.jpg,https://upload.wikimedia.org/wikipedia/commons/9/94/Carole_Lombard_1931_portrait.jpg,Carole Lombard in 1931,Public domain,LOWRES
Carole Lombard.jpg,https://commons.wikimedia.org/wiki/File:Carole_Lombard.jpg,https://upload.wikimedia.org/wikipedia/commons/2/24/Carole_Lombard.jpg,Carole Lombard in 1933,Public domain,2026-08-28
"Carole Lombard presents a black satin gown designed by Travis Banton, 1936.jpg",https://commons.wikimedia.org/wiki/File:Carole_Lombard_presents_a_black_satin_gown_designed_by_Travis_Banton%2C_1936.jpg,https://upload.wikimedia.org/wikipedia/commons/e/ee/Carole_Lombard_presents_a_black_satin_gown_designed_by_Travis_Banton%2C_1936.jpg,Carole Lombard in 1936,Public domain,2026-08-31
Carole Lombard 1939.JPG,https://commons.wikimedia.org/wiki/File:Carole_Lombard_1939.JPG,https://upload.wikimedia.org/wikipedia/commons/2/2b/Carole_Lombard_1939.JPG,Carole Lombard in 1939,Public domain,LOWRES
Elizabeth Taylor 1948.jpg,https://commons.wikimedia.org/wiki/File:Elizabeth_Taylor_1948.jpg,https://upload.wikimedia.org/wikipedia/commons/5/54/Elizabeth_Taylor_1948.jpg,Elizabeth Taylor in 1948,Public domain,2026-08-29
"Elizabeth Taylor by Bob Beerman, 1950 or before.jpg",https://commons.wikimedia.org/wiki/File:Elizabeth_Taylor_by_Bob_Beerman%2C_1950_or_before.jpg,https://upload.wikimedia.org/wikipedia/commons/6/61/Elizabeth_Taylor_by_Bob_Beerman%2C_1950_or_before.jpg,Elizabeth Taylor in 1950,Public domain,2026-09-01
Elizabeth Taylor - 1952 portrait.jpg,https://commons.wikimedia.org/wiki/File:Elizabeth_Taylor_-_1952_portrait.jpg,https://upload.wikimedia.org/wikipedia/commons/9/99/Elizabeth_Taylor_-_1952_portrait.jpg,Elizabeth Taylor in 1952,Public domain,2026-09-03
Elizabeth Taylor 1953.JPG,https://commons.wikimedia.org/wiki/File:Elizabeth_Taylor_1953.JPG,https://upload.wikimedia.org/wikipedia/commons/a/a8/Elizabeth_Taylor_1953.JPG,Elizabeth Taylor in 1953,Public domain,2026-09-02
Elizabeth Taylor 1954.jpg,https://commons.wikimedia.org/wiki/File:Elizabeth_Taylor_1954.jpg,https://upload.wikimedia.org/wikipedia/commons/6/6c/Elizabeth_Taylor_1954.jpg,Elizabeth Taylor in 1954,Public domain,2026-09-03
"Liz Taylor by Virgil Apger, 1955.jpg",https://commons.wikimedia.org/wiki/File:Liz_Taylor_by_Virgil_Apger%2C_1955.jpg,https://upload.wikimedia.org/wikipedia/commons/3/3e/Liz_Taylor_by_Virgil_Apger%2C_1955.jpg,Elizabeth Taylor in 1955,Public domain,LOWRES
Liz Taylor March 1961.jpg,https://commons.wikimedia.org/wiki/File:Liz_Taylor_March_1961.jpg,https://upload.wikimedia.org/wikipedia/commons/2/2e/Liz_Taylor_March_1961.jpg,Elizabeth Taylor in 1961,Public domain,2026-09-03
"Sophia Loren, 1955 (5129858198).jpg",https://commons.wikimedia.org/wiki/File:Sophia_Loren%2C_1955_%285129858198%29.jpg,https://upload.wikimedia.org/wikipedia/commons/4/44/Sophia_Loren%2C_1955_%285129858198%29.jpg,Sophia Loren in 1955,Public domain,LOWRES
Sophia Loren (1957).jpg,https://commons.wikimedia.org/wiki/File:Sophia_Loren_%281957%29.jpg,https://upload.wikimedia.org/wikipedia/commons/d/d6/Sophia_Loren_%281957%29.jpg,Sophia Loren in 1957,Public domain,2026-09-04
Sophia Loren Coppa Volpi 1958.jpg,https://commons.wikimedia.org/wiki/File:Sophia_Loren_Coppa_Volpi_1958.jpg,https://upload.wikimedia.org/wikipedia/commons/d/d9/Sophia_Loren_Coppa_Volpi_1958.jpg,Sophia Loren in 1958,Public domain,LOWRES
Audrey Hepburn 1954.jpg,https://commons.wikimedia.org/wiki/File:Audrey_Hepburn_1954.jpg,https://upload.wikimedia.org/wikipedia/commons/e/e5/Audrey_Hepburn_1954.jpg,Audrey Hepburn in 1954,Public domain,2026-08-30
Hepburn Oscar Promo 1954.jpg,https://commons.wikimedia.org/wiki/File:Hepburn_Oscar_Promo_1954.jpg,https://upload.wikimedia.org/wikipedia/commons/7/7d/Hepburn_Oscar_Promo_1954.jpg,Audrey Hepburn in 1954,Public domain,2026-08-30
Audrey Hepburn 1959 colourised.jpg,https://commons.wikimedia.org/wiki/File:Audrey_Hepburn_1959_colourised.jpg,https://upload.wikimedia.org/wikipedia/commons/b/b9/Audrey_Hepburn_1959_colourised.jpg,Audrey Hepburn in 1959,Public domain,2026-08-30
Audrey Hepburn 1959.jpg,https://commons.wikimedia.org/wiki/File:Audrey_Hepburn_1959.jpg,https://upload.wikimedia.org/wikipedia/commons/9/98/Audrey_Hepburn_1959.jpg,Audrey Hepburn in 1959,Public domain,2026-08-27
My Fair Lady (1964).jpg,https://commons.wikimedia.org/wiki/File:My_Fair_Lady_%281964%29.jpg,https://upload.wikimedia.org/wikipedia/commons/8/81/My_Fair_Lady_%281964%29.jpg,Audrey Hepburn in 1964,Public domain,2026-08-30
Bette Davis 1938.jpg,https://commons.wikimedia.org/wiki/File:Bette_Davis_1938.jpg,https://upload.wikimedia.org/wikipedia/commons/5/54/Bette_Davis_1938.jpg,Bette Davis in 1938,Public domain,2026-08-27
Jezebel-1938-Bette-Davis.jpg,https://commons.wikimedia.org/wiki/File:Jezebel-1938-Bette-Davis.jpg,https://upload.wikimedia.org/wikipedia/commons/b/b7/Jezebel-1938-Bette-Davis.jpg,Bette Davis in 1938,Public domain,2026-08-27
Bette Davis - Publicity still (1939).png,https://commons.wikimedia.org/wiki/File:Bette_Davis_-_Publicity_still_%281939%29.png,https://upload.wikimedia.org/wikipedia/commons/8/89/Bette_Davis_-_Publicity_still_%281939%29.png,Bette Davis in 1939,Public domain,2026-08-27
Orry-Kelly and Bette Davis (1939).jpg,https://commons.wikimedia.org/wiki/File:Orry-Kelly_and_Bette_Davis_%281939%29.jpg,https://upload.wikimedia.org/wikipedia/commons/c/c4/Orry-Kelly_and_Bette_Davis_%281939%29.jpg,Bette Davis in 1939,Public domain,2026-08-27
Tracy Davis Publicity Photo Academy Award 1939.jpg,https://commons.wikimedia.org/wiki/File:Tracy_Davis_Publicity_Photo_Academy_Award_1939.jpg,https://upload.wikimedia.org/wikipedia/commons/a/ab/Tracy_Davis_Publicity_Photo_Academy_Award_1939.jpg,Bette Davis in 1939,Public domain,2026-08-27
Bette Davis Alfred Hitchcock Presents 1959.jpg,https://commons.wikimedia.org/wiki/File:Bette_Davis_Alfred_Hitchcock_Presents_1959.jpg,https://upload.wikimedia.org/wikipedia/commons/b/b6/Bette_Davis_Alfred_Hitchcock_Presents_1959.jpg,Bette Davis in 1959,Public domain,2026-08-27
Joan Crawford - Studio portrait (1925).png,https://commons.wikimedia.org/wiki/File:Joan_Crawford_-_Studio_portrait_%281925%29.png,https://upload.wikimedia.org/wikipedia/commons/3/39/Joan_Crawford_-_Studio_portrait_%281925%29.png,Joan Crawford in 1925,Public domain,2026-08-29
Film actress Joan Crawford (SAYRE 22605).jpg,https://commons.wikimedia.org/wiki/File:Film_actress_Joan_Crawford_%28SAYRE_22605%29.jpg,https://upload.wikimedia.org/wikipedia/commons/a/a4/Film_actress_Joan_Crawford_%28SAYRE_22605%29.jpg,Joan Crawford in 1926,Public domain,2026-08-29
"1927 Detail, Joan Crawford 3 (cropped).jpg",https://commons.wikimedia.org/wiki/File:1927_Detail%2C_Joan_Crawford_3_%28cropped%29.jpg,https://upload.wikimedia.org/wikipedia/commons/f/f5/1927_Detail%2C_Joan_Crawford_3_%28cropped%29.jpg,Joan Crawford in 1927,Public domain,2026-08-29
Joan Crawford LCCN2014705797.tif,https://commons.wikimedia.org/wiki/File:Joan_Crawford_LCCN2014705797.tif,https://upload.wikimedia.org/wikipedia/commons/5/53/Joan_Crawford_LCCN2014705797.tif,Joan Crawford in 1927,Public domain,2026-09-21
Joan Crawford LOC 18989608550.jpg,https://commons.wikimedia.org/wiki/File:Joan_Crawford_LOC_18989608550.jpg,https://upload.wikimedia.org/wikipedia/commons/7/76/Joan_Crawford_LOC_18989608550.jpg,Joan Crawford in 1927,Public domain,LOWRES
Joan Crawford LOC 23409071762.jpg,https://commons.wikimedia.org/wiki/File:Joan_Crawford_LOC_23409071762.jpg,https://upload.wikimedia.org/wikipedia/commons/3/3e/Joan_Crawford_LOC_23409071762.jpg,Joan Crawford in 1927,Public domain,LOWRES
Joancrawford2crop.jpg,https://commons.wikimedia.org/wiki/File:Joancrawford2crop.jpg,https://upload.wikimedia.org/wikipedia/commons/7/73/Joancrawford2crop.jpg,Joan Crawford in 1927,Public domain,2026-08-29
Joancrawford3crop.jpg,https://commons.wikimedia.org/wiki/File:Joancrawford3crop.jpg,https://upload.wikimedia.org/wikipedia/commons/f/f0/Joancrawford3crop.jpg,Joan Crawford in 1927,Public domain,2026-08-29
Crawford-Gilbert-1928.JPG,https://commons.wikimedia.org/wiki/File:Crawford-Gilbert-1928.JPG,https://upload.wikimedia.org/wikipedia/commons/e/e7/Crawford-Gilbert-1928.JPG,Joan Crawford in 1928,Public domain,LOWRES
Joan Crawford La Pantalla July 1928.jpg,https://commons.wikimedia.org/wiki/File:Joan_Crawford_La_Pantalla_July_1928.jpg,https://upload.wikimedia.org/wikipedia/commons/8/8f/Joan_Crawford_La_Pantalla_July_1928.jpg,Joan Crawford in 1928,Public domain,2026-08-29
"Joan Crawford, full-length portrait, standing, facing front) - MGMP LCCN2004665026.jpg",https://commons.wikimedia.org/wiki/File:Joan_Crawford%2C_full-length_portrait%2C_standing%2C_facing_front%29_-_MGMP_LCCN2004665026.jpg,https://upload.wikimedia.org/wikipedia/commons/8/89/Joan_Crawford%2C_full-length_portrait%2C_standing%2C_facing_front%29_-_MGMP_LCCN2004665026.jpg,Joan Crawford in 1928,Public domain,2026-09-01
Joan Crawford in Rain.jpg,https://commons.wikimedia.org/wiki/File:Joan_Crawford_in_Rain.jpg,https://upload.wikimedia.org/wikipedia/commons/a/ad/Joan_Crawford_in_Rain.jpg,Joan Crawford in 1932,Public domain,2026-08-29
Dancing Lady (1933).jpg,https://commons.wikimedia.org/wiki/File:Dancing_Lady_%281933%29.jpg,https://upload.wikimedia.org/wikipedia/commons/e/ea/Dancing_Lady_%281933%29.jpg,Joan Crawford in 1933,Public domain,2026-09-02
Forsaking All Others (1934).jpg,https://commons.wikimedia.org/wiki/File:Forsaking_All_Others_%281934%29.jpg,https://upload.wikimedia.org/wikipedia/commons/7/7d/Forsaking_All_Others_%281934%29.jpg,Joan Crawford in 1934,Public domain,2026-08-29
Sadie McKee (1934).jpg,https://commons.wikimedia.org/wiki/File:Sadie_McKee_%281934%29.jpg,https://upload.wikimedia.org/wikipedia/commons/6/63/Sadie_McKee_%281934%29.jpg,Joan Crawford in 1934,Public domain,LOWRES
Joan Crawford 1946 by Paul Hesse.jpg,https://commons.wikimedia.org/wiki/File:Joan_Crawford_1946_by_Paul_Hesse.jpg,https://upload.wikimedia.org/wikipedia/commons/3/33/Joan_Crawford_1946_by_Paul_Hesse.jpg,Joan Crawford in 1946,Public domain,2026-08-29
"Joan Crawford Warner Bros contract on September 18, 1951.jpg",https://commons.wikimedia.org/wiki/File:Joan_Crawford_Warner_Bros_contract_on_September_18%2C_1951.jpg,https://upload.wikimedia.org/wikipedia/commons/d/d0/Joan_Crawford_Warner_Bros_contract_on_September_18%2C_1951.jpg,Joan Crawford in 1951,Public domain,2026-08-29
"Bel-Air Drive-in Ad - 15 January 1964, Fontana, CA.jpg",https://commons.wikimedia.org/wiki/File:Bel-Air_Drive-in_Ad_-_15_January_1964%2C_Fontana%2C_CA.jpg,https://upload.wikimedia.org/wikipedia/commons/4/42/Bel-Air_Drive-in_Ad_-_15_January_1964%2C_Fontana%2C_CA.jpg,Joan Crawford in 1964,Public domain,2026-09-02
"Greta Lovisa Gustafsson - Greta Garbo - 1905 - 1990 Zweeds actrice, SFA005001758.jpg",https://commons.wikimedia.org/wiki/File:Greta_Lovisa_Gustafsson_-_Greta_Garbo_-_1905_-_1990_Zweeds_actrice%2C_SFA005001758.jpg,https://upload.wikimedia.org/wikipedia/commons/5/5c/Greta_Lovisa_Gustafsson_-_Greta_Garbo_-_1905_-_1990_Zweeds_actrice%2C_SFA005001758.jpg,Greta Garbo in 1915,Public domain,2026-08-26
Portrait photograph of Greta Garbo LOC agc.7a10217.jpg,https://commons.wikimedia.org/wiki/File:Portrait_photograph_of_Greta_Garbo_LOC_agc.7a10217.jpg,https://upload.wikimedia.org/wikipedia/commons/6/60/Portrait_photograph_of_Greta_Garbo_LOC_agc.7a10217.jpg,Greta Garbo in 1925,Public domain,2026-09-01
Portrait photograph of Greta Garbo LOC agc.7a10218.jpg,https://commons.wikimedia.org/wiki/File:Portrait_photograph_of_Greta_Garbo_LOC_agc.7a10218.jpg,https://upload.wikimedia.org/wikipedia/commons/0/0d/Portrait_photograph_of_Greta_Garbo_LOC_agc.7a10218.jpg,Greta Garbo in 1925,Public domain,2026-08-27
Portrait photograph of Greta Garbo LOC agc.7a10219.jpg,https://commons.wikimedia.org/wiki/File:Portrait_photograph_of_Greta_Garbo_LOC_agc.7a10219.jpg,https://upload.wikimedia.org/wikipedia/commons/7/7e/Portrait_photograph_of_Greta_Garbo_LOC_agc.7a10219.jpg,Greta Garbo in 1925,Public domain,2026-08-26
Portrait photograph of Greta Garbo LOC agc.7a10220.jpg,https://commons.wikimedia.org/wiki/File:Portrait_photograph_of_Greta_Garbo_LOC_agc.7a10220.jpg,https://upload.wikimedia.org/wikipedia/commons/4/4f/Portrait_photograph_of_Greta_Garbo_LOC_agc.7a10220.jpg,Greta Garbo in 1925,Public domain,2026-08-27
Portrait photograph of Greta Garbo LOC agc.7a10221.jpg,https://commons.wikimedia.org/wiki/File:Portrait_photograph_of_Greta_Garbo_LOC_agc.7a10221.jpg,https://upload.wikimedia.org/wikipedia/commons/3/34/Portrait_photograph_of_Greta_Garbo_LOC_agc.7a10221.jpg,Greta Garbo in 1925,Public domain,2026-09-04
Portrait photograph of Greta Garbo LOC agc.7a10223.jpg,https://commons.wikimedia.org/wiki/File:Portrait_photograph_of_Greta_Garbo_LOC_agc.7a10223.jpg,https://upload.wikimedia.org/wikipedia/commons/3/33/Portrait_photograph_of_Greta_Garbo_LOC_agc.7a10223.jpg,Greta Garbo in 1925,Public domain,2026-09-01
Portrait photograph of Greta Garbo LOC agc.7a10224.jpg,https://commons.wikimedia.org/wiki/File:Portrait_photograph_of_Greta_Garbo_LOC_agc.7a10224.jpg,https://upload.wikimedia.org/wikipedia/commons/c/c5/Portrait_photograph_of_Greta_Garbo_LOC_agc.7a10224.jpg,Greta Garbo in 1925,Public domain,LOWRES
Garbo & Gilbert Love 1927.jpg,https://commons.wikimedia.org/wiki/File:Garbo_%26_Gilbert_Love_1927.jpg,https://upload.wikimedia.org/wikipedia/commons/c/cd/Garbo_%26_Gilbert_Love_1927.jpg,Greta Garbo in 1927,Public domain,2026-09-04
RH Louise Garbo 1927.jpg,https://commons.wikimedia.org/wiki/File:RH_Louise_Garbo_1927.jpg,https://upload.wikimedia.org/wikipedia/commons/8/89/RH_Louise_Garbo_1927.jpg,Greta Garbo in 1927,Public domain,2026-08-31
Garbo - Gilbert - publicity.jpg,https://commons.wikimedia.org/wiki/File:Garbo_-_Gilbert_-_publicity.jpg,https://upload.wikimedia.org/wikipedia/commons/c/ca/Garbo_-_Gilbert_-_publicity.jpg,Greta Garbo in 1928,Public domain,LOWRES
Greta Garbo portrait 1937.jpg,https://commons.wikimedia.org/wiki/File:Greta_Garbo_portrait_1937.jpg,https://upload.wikimedia.org/wikipedia/commons/a/ab/Greta_Garbo_portrait_1937.jpg,Greta Garbo in 1934,Public domain,2026-08-29
Greta Garbo Anna Karenina 1935.jpg,https://commons.wikimedia.org/wiki/File:Greta_Garbo_Anna_Karenina_1935.jpg,https://upload.wikimedia.org/wikipedia/commons/d/d0/Greta_Garbo_Anna_Karenina_1935.jpg,Greta Garbo in 1935,Public domain,2026-08-28
Greta Garbo 1935.jpg,https://commons.wikimedia.org/wiki/File:Greta_Garbo_1935.jpg,https://upload.wikimedia.org/wikipedia/commons/8/82/Greta_Garbo_1935.jpg,Greta Garbo in 1935,Public domain,2026-08-26
Greta Garbo 1937.jpg,https://commons.wikimedia.org/wiki/File:Greta_Garbo_1937.jpg,https://upload.wikimedia.org/wikipedia/commons/2/22/Greta_Garbo_1937.jpg,Greta Garbo in 1937,Public domain,LOWRES
"Jean Harlow, film actress (taken at age 3) (SAYRE 2649).jpg",https://commons.wikimedia.org/wiki/File:Jean_Harlow%2C_film_actress_%28taken_at_age_3%29_%28SAYRE_2649%29.jpg,https://upload.wikimedia.org/wikipedia/commons/6/67/Jean_Harlow%2C_film_actress_%28taken_at_age_3%29_%28SAYRE_2649%29.jpg,Jean Harlow in 1914,Public domain,2026-08-30
Gable Harlow Red Dust Publicity.png,https://commons.wikimedia.org/wiki/File:Gable_Harlow_Red_Dust_Publicity.png,https://upload.wikimedia.org/wikipedia/commons/b/be/Gable_Harlow_Red_Dust_Publicity.png,Jean Harlow in 1932,Public domain,2026-08-29
Red-Headed Woman (1932).jpg,https://commons.wikimedia.org/wiki/File:Red-Headed_Woman_%281932%29.jpg,https://upload.wikimedia.org/wikipedia/commons/8/8d/Red-Headed_Woman_%281932%29.jpg,Jean Harlow in 1932,Public domain,LOWRES
Jean-Harlow-1935-MGM.jpg,https://commons.wikimedia.org/wiki/File:Jean-Harlow-1935-MGM.jpg,https://upload.wikimedia.org/wikipedia/commons/b/b6/Jean-Harlow-1935-MGM.jpg,Jean Harlow in 1933,Public domain,2026-09-01
Jean-Harlow-1935.jpg,https://commons.wikimedia.org/wiki/File:Jean-Harlow-1935.jpg,https://upload.wikimedia.org/wikipedia/commons/1/1a/Jean-Harlow-1935.jpg,Jean Harlow in 1933,Public domain,2026-09-05
Jean Harlow 1937.jpg,https://commons.wikimedia.org/wiki/File:Jean_Harlow_1937.jpg,https://upload.wikimedia.org/wikipedia/commons/1/19/Jean_Harlow_1937.jpg,Jean Harlow in 1937,Public domain,2026-08-29
"Barbara Stanwyck, 1927.jpg",https://commons.wikimedia.org/wiki/File:Barbara_Stanwyck%2C_1927.jpg,https://upload.wikimedia.org/wikipedia/commons/c/c1/Barbara_Stanwyck%2C_1927.jpg,Barbara Stanwyck in 1927,Public domain,2026-08-30
Double Indemnity (1944) Portrait Stills.jpg,https://commons.wikimedia.org/wiki/File:Double_Indemnity_%281944%29_Portrait_Stills.jpg,https://upload.wikimedia.org/wikipedia/commons/4/41/Double_Indemnity_%281944%29_Portrait_Stills.jpg,Barbara Stanwyck in 1943,Public domain,2026-09-02
Barbara Stanwyck - Whitey Schafer - October 1944.jpg,https://commons.wikimedia.org/wiki/File:Barbara_Stanwyck_-_Whitey_Schafer_-_October_1944.jpg,https://upload.wikimedia.org/wikipedia/commons/d/d6/Barbara_Stanwyck_-_Whitey_Schafer_-_October_1944.jpg,Barbara Stanwyck in 1944,Public domain,2026-08-30
Barbara Stanwyck Big Valley 1967.jpg,https://commons.wikimedia.org/wiki/File:Barbara_Stanwyck_Big_Valley_1967.jpg,https://upload.wikimedia.org/wikipedia/commons/c/c1/Barbara_Stanwyck_Big_Valley_1967.jpg,Barbara Stanwyck in 1967,Public domain,2026-09-01
Myrna-Loy-1911.jpg,https://commons.wikimedia.org/wiki/File:Myrna-Loy-1911.jpg,https://upload.wikimedia.org/wikipedia/commons/8/87/Myrna-Loy-1911.jpg,Myrna Loy in 1911,Public domain,2026-08-30
Myrna-Loy-1925.jpg,https://commons.wikimedia.org/wiki/File:Myrna-Loy-1925.jpg,https://upload.wikimedia.org/wikipedia/commons/1/1f/Myrna-Loy-1925.jpg,Myrna Loy in 1925,Public domain,2026-08-30
"Myrna Loy, film actress (SAYRE 5114).jpg",https://commons.wikimedia.org/wiki/File:Myrna_Loy%2C_film_actress_%28SAYRE_5114%29.jpg,https://upload.wikimedia.org/wikipedia/commons/3/3d/Myrna_Loy%2C_film_actress_%28SAYRE_5114%29.jpg,Myrna Loy in 1929,Public domain,2026-09-01
Under a Texas Moon (SAYRE 15136).jpg,https://commons.wikimedia.org/wiki/File:Under_a_Texas_Moon_%28SAYRE_15136%29.jpg,https://upload.wikimedia.org/wikipedia/commons/4/40/Under_a_Texas_Moon_%28SAYRE_15136%29.jpg,Myrna Loy in 1930,Public domain,2026-09-03
Men in White 1934.jpeg,https://commons.wikimedia.org/wiki/File:Men_in_White_1934.jpeg,https://upload.wikimedia.org/wikipedia/commons/7/72/Men_in_White_1934.jpeg,Myrna Loy in 1934,Public domain,2026-08-27
Loy Tracy Whipsaw Promotional Still 1935.jpg,https://commons.wikimedia.org/wiki/File:Loy_Tracy_Whipsaw_Promotional_Still_1935.jpg,https://upload.wikimedia.org/wikipedia/commons/0/06/Loy_Tracy_Whipsaw_Promotional_Still_1935.jpg,Myrna Loy in 1935,Public domain,2026-08-30
Myrna Loy (1941).jpg,https://commons.wikimedia.org/wiki/File:Myrna_Loy_%281941%29.jpg,https://upload.wikimedia.org/wikipedia/commons/8/85/Myrna_Loy_%281941%29.jpg,Myrna Loy in 1941,Public domain,LOWRES
Myrna Loy 1943.jpg,https://commons.wikimedia.org/wiki/File:Myrna_Loy_1943.jpg,https://upload.wikimedia.org/wikipedia/commons/d/d0/Myrna_Loy_1943.jpg,Myrna Loy in 1943,Public domain,2026-09-01
Myrna Loy 1950.jpg,https://commons.wikimedia.org/wiki/File:Myrna_Loy_1950.jpg,https://upload.wikimedia.org/wikipedia/commons/a/a1/Myrna_Loy_1950.jpg,Myrna Loy in 1950,Public domain,LOWRES
Ingrid Bergman with her father 1921.jpg,https://commons.wikimedia.org/wiki/File:Ingrid_Bergman_with_her_father_1921.jpg,https://upload.wikimedia.org/wikipedia/commons/0/03/Ingrid_Bergman_with_her_father_1921.jpg,Ingrid Bergman in 1921,Public domain,2026-08-28
Ingrid-Bergman-Self-Portrait.jpg,https://commons.wikimedia.org/wiki/File:Ingrid-Bergman-Self-Portrait.jpg,https://upload.wikimedia.org/wikipedia/commons/f/f2/Ingrid-Bergman-Self-Portrait.jpg,Ingrid Bergman in 1929,Public domain,2026-08-28
Ingrid Bergman studio portrait photo.jpg,https://commons.wikimedia.org/wiki/File:Ingrid_Bergman_studio_portrait_photo.jpg,https://upload.wikimedia.org/wikipedia/commons/b/ba/Ingrid_Bergman_studio_portrait_photo.jpg,Ingrid Bergman in 1939,Public domain,2026-08-28
Ingrid Bergman by Whitey Schafer 1940.jpg,https://commons.wikimedia.org/wiki/File:Ingrid_Bergman_by_Whitey_Schafer_1940.jpg,https://upload.wikimedia.org/wikipedia/commons/d/d4/Ingrid_Bergman_by_Whitey_Schafer_1940.jpg,Ingrid Bergman in 1940,Public domain,LOWRES
Ingrid Bergman (SAYRE 5673).jpg,https://commons.wikimedia.org/wiki/File:Ingrid_Bergman_%28SAYRE_5673%29.jpg,https://upload.wikimedia.org/wikipedia/commons/e/e4/Ingrid_Bergman_%28SAYRE_5673%29.jpg,Ingrid Bergman in 1942,Public domain,LOWRES
Kinema-Junpo-1962-July-early-2.jpg,https://commons.wikimedia.org/wiki/File:Kinema-Junpo-1962-July-early-2.jpg,https://upload.wikimedia.org/wikipedia/commons/a/a1/Kinema-Junpo-1962-July-early-2.jpg,Ingrid Bergman in 1942,Public domain,2026-08-28
Ingrid Bergman 1945.jpg,https://commons.wikimedia.org/wiki/File:Ingrid_Bergman_1945.jpg,https://upload.wikimedia.org/wikipedia/commons/9/90/Ingrid_Bergman_1945.jpg,Ingrid Bergman in 1945,Public domain,2026-08-28
Ingrid Bergman Arch of Triumph (1948).jpg,https://commons.wikimedia.org/wiki/File:Ingrid_Bergman_Arch_of_Triumph_%281948%29.jpg,https://upload.wikimedia.org/wikipedia/commons/b/bc/Ingrid_Bergman_Arch_of_Triumph_%281948%29.jpg,Ingrid Bergman in 1948,Public domain,2026-08-28
Lauren Bacall 1945.jpg,https://commons.wikimedia.org/wiki/File:Lauren_Bacall_1945.jpg,https://upload.wikimedia.org/wikipedia/commons/d/d3/Lauren_Bacall_1945.jpg,Lauren Bacall in 1945,Public domain,2026-08-29
"Lauren Bacall by László Willinger, 1946.jpg",https://commons.wikimedia.org/wiki/File:Lauren_Bacall_by_L%C3%A1szl%C3%B3_Willinger%2C_1946.jpg,https://upload.wikimedia.org/wikipedia/commons/e/ef/Lauren_Bacall_by_L%C3%A1szl%C3%B3_Willinger%2C_1946.jpg,Lauren Bacall in 1946,Public domain,2026-09-03
Bogart family April 1956.jpg,https://commons.wikimedia.org/wiki/File:Bogart_family_April_1956.jpg,https://upload.wikimedia.org/wikipedia/commons/b/b6/Bogart_family_April_1956.jpg,Lauren Bacall in 1956,Public domain,2026-09-02
"Lauren Bacall by David Poestin, 1959.jpg",https://commons.wikimedia.org/wiki/File:Lauren_Bacall_by_David_Poestin%2C_1959.jpg,https://upload.wikimedia.org/wikipedia/commons/f/f3/Lauren_Bacall_by_David_Poestin%2C_1959.jpg,Lauren Bacall in 1959,Public domain,2026-08-31
"Swing Time, 1936.jpg",https://commons.wikimedia.org/wiki/File:Swing_Time%2C_1936.jpg,https://upload.wikimedia.org/wikipedia/commons/b/b4/Swing_Time%2C_1936.jpg,Ginger Rogers in 1936,Public domain,2026-08-30
Ginger Rogers 1941.jpg,https://commons.wikimedia.org/wiki/File:Ginger_Rogers_1941.jpg,https://upload.wikimedia.org/wikipedia/commons/4/4b/Ginger_Rogers_1941.jpg,Ginger Rogers in 1941,Public domain,2026-09-01
Miklós Rózsa & Ginger Rogers Oscars 1946.jpg,https://commons.wikimedia.org/wiki/File:Mikl%C3%B3s_R%C3%B3zsa_%26_Ginger_Rogers_Oscars_1946.jpg,https://upload.wikimedia.org/wikipedia/commons/0/0a/Mikl%C3%B3s_R%C3%B3zsa_%26_Ginger_Rogers_Oscars_1946.jpg,Ginger Rogers in 1946,Public domain,2026-09-01
"Katharine Hepburn, c. 1933.jpg",https://commons.wikimedia.org/wiki/File:Katharine_Hepburn%2C_c._1933.jpg,https://upload.wikimedia.org/wikipedia/commons/6/6c/Katharine_Hepburn%2C_c._1933.jpg,Katharine Hepburn in 1933,Public domain,2026-09-01
"Katherine Hepburn, 1938.jpg",https://commons.wikimedia.org/wiki/File:Katherine_Hepburn%2C_1938.jpg,https://upload.wikimedia.org/wikipedia/commons/c/c1/Katherine_Hepburn%2C_1938.jpg,Katharine Hepburn in 1938,Public domain,2026-09-02
Katharine Hepburn publicity photograph - Original.jpg,https://commons.wikimedia.org/wiki/File:Katharine_Hepburn_publicity_photograph_-_Original.jpg,https://upload.wikimedia.org/wikipedia/commons/b/bd/Katharine_Hepburn_publicity_photograph_-_Original.jpg,Katharine Hepburn in 1941,Public domain,2026-08-31
Katharine Hepburn publicity photograph.png,https://commons.wikimedia.org/wiki/File:Katharine_Hepburn_publicity_photograph.png,https://upload.wikimedia.org/wikipedia/commons/3/35/Katharine_Hepburn_publicity_photograph.png,Katharine Hepburn in 1941,Public domain,2026-09-03
Katharine Hepburn Rosalind As You Like It 1951.jpg,https://commons.wikimedia.org/wiki/File:Katharine_Hepburn_Rosalind_As_You_Like_It_1951.jpg,https://upload.wikimedia.org/wikipedia/commons/8/8f/Katharine_Hepburn_Rosalind_As_You_Like_It_1951.jpg,Katharine Hepburn in 1950,Public domain,2026-09-06
Natalie Wood 1947.jpg,https://commons.wikimedia.org/wiki/File:Natalie_Wood_1947.jpg,https://upload.wikimedia.org/wikipedia/commons/4/4c/Natalie_Wood_1947.jpg,Natalie Wood in 1947,Public domain,LOWRES
Natalie Wood 1958.jpg,https://commons.wikimedia.org/wiki/File:Natalie_Wood_1958.jpg,https://upload.wikimedia.org/wikipedia/commons/2/28/Natalie_Wood_1958.jpg,Natalie Wood in 1958,Public domain,2026-09-02
Natalie Wood Grauman's imprint ceremony 1961.jpg,https://commons.wikimedia.org/wiki/File:Natalie_Wood_Grauman%27s_imprint_ceremony_1961.jpg,https://upload.wikimedia.org/wikipedia/commons/f/f5/Natalie_Wood_Grauman%27s_imprint_ceremony_1961.jpg,Natalie Wood in 1961,Public domain,2026-09-04
Natalie Wood publicity 1963.jpg,https://commons.wikimedia.org/wiki/File:Natalie_Wood_publicity_1963.jpg,https://upload.wikimedia.org/wikipedia/commons/archive/0/08/20130102060609%21Natalie_Wood_publicity_1963.jpg,Natalie Wood in 1963,Public domain,GONE
Kinema-Junpo-1966-November-early-2.jpg,https://commons.wikimedia.org/wiki/File:Kinema-Junpo-1966-November-early-2.jpg,https://upload.wikimedia.org/wikipedia/commons/e/e9/Kinema-Junpo-1966-November-early-2.jpg,Natalie Wood in 1966,Public domain,2026-09-02
BrigitteBardot-StudioHarcourt-1952.png,https://commons.wikimedia.org/wiki/File:BrigitteBardot-StudioHarcourt-1952.png,https://upload.wikimedia.org/wikipedia/commons/7/7f/BrigitteBardot-StudioHarcourt-1952.png,Brigitte Bardot in 1952,Public domain,2026-08-27
"The Catholic Courier Journal - December 20, 1957.png",https://commons.wikimedia.org/wiki/File:The_Catholic_Courier_Journal_-_December_20%2C_1957.png,https://upload.wikimedia.org/wikipedia/commons/b/bd/The_Catholic_Courier_Journal_-_December_20%2C_1957.png,Brigitte Bardot in 1957,Public domain,2026-09-03
Brigitte Bardot - Ogdensburg journal (1958) (cropped).jpg,https://commons.wikimedia.org/wiki/File:Brigitte_Bardot_-_Ogdensburg_journal_%281958%29_%28cropped%29.jpg,https://upload.wikimedia.org/wikipedia/commons/a/ab/Brigitte_Bardot_-_Ogdensburg_journal_%281958%29_%28cropped%29.jpg,Brigitte Bardot in 1958,Public domain,2026-09-04
Brigitte Bardot Venice 1958.jpg,https://commons.wikimedia.org/wiki/File:Brigitte_Bardot_Venice_1958.jpg,https://upload.wikimedia.org/wikipedia/commons/2/2c/Brigitte_Bardot_Venice_1958.jpg,Brigitte Bardot in 1958,Public domain,2026-08-29
Brigitte Bardot - Sami Frey - Saint-Tropez - 1963.jpg,https://commons.wikimedia.org/wiki/File:Brigitte_Bardot_-_Sami_Frey_-_Saint-Tropez_-_1963.jpg,https://upload.wikimedia.org/wikipedia/commons/0/0d/Brigitte_Bardot_-_Sami_Frey_-_Saint-Tropez_-_1963.jpg,Brigitte Bardot in 1963,Public domain,2026-08-30
"Brigitte Bardot em visita ao Brasil, 1964.jpg",https://commons.wikimedia.org/wiki/File:Brigitte_Bardot_em_visita_ao_Brasil%2C_1964.jpg,https://upload.wikimedia.org/wikipedia/commons/c/c3/Brigitte_Bardot_em_visita_ao_Brasil%2C_1964.jpg,Brigitte Bardot in 1964,Public domain,2026-09-05
Kinema-Junpo-1966-April-early-1.jpg,https://commons.wikimedia.org/wiki/File:Kinema-Junpo-1966-April-early-1.jpg,https://upload.wikimedia.org/wikipedia/commons/7/7f/Kinema-Junpo-1966-April-early-1.jpg,Brigitte Bardot in 1965,Public domain,2026-09-03
Marlene-Dietrich Shanghai-Express-1932.png,https://commons.wikimedia.org/wiki/File:Marlene-Dietrich_Shanghai-Express-1932.png,https://upload.wikimedia.org/wikipedia/commons/b/b0/Marlene-Dietrich_Shanghai-Express-1932.png,Marlene Dietrich in 1932,Public domain,LOWRES
"Marlene Dietrich, 1933.jpg",https://commons.wikimedia.org/wiki/File:Marlene_Dietrich%2C_1933.jpg,https://upload.wikimedia.org/wikipedia/commons/5/55/Marlene_Dietrich%2C_1933.jpg,Marlene Dietrich in 1933,Public domain,2026-09-04
Marlene Dietrich 1936.jpg,https://commons.wikimedia.org/wiki/File:Marlene_Dietrich_1936.jpg,https://upload.wikimedia.org/wikipedia/commons/c/c6/Marlene_Dietrich_1936.jpg,Marlene Dietrich in 1936,Public domain,LOWRES
Marlene-Dietrich-1936.jpg,https://commons.wikimedia.org/wiki/File:Marlene-Dietrich-1936.jpg,https://upload.wikimedia.org/wikipedia/commons/c/ce/Marlene-Dietrich-1936.jpg,Marlene Dietrich in 1936,Public domain,LOWRES
Marlene Dietrich 1948 2.JPG,https://commons.wikimedia.org/wiki/File:Marlene_Dietrich_1948_2.JPG,https://upload.wikimedia.org/wikipedia/commons/8/86/Marlene_Dietrich_1948_2.JPG,Marlene Dietrich in 1948,Public domain,2026-08-30
Shirley Temple 1949.jpg,https://commons.wikimedia.org/wiki/File:Shirley_Temple_1949.jpg,https://upload.wikimedia.org/wikipedia/commons/c/ce/Shirley_Temple_1949.jpg,Shirley Temple in 1949,Public domain,LOWRES
Ambassador Shirley Temple Black 1977.jpg,https://commons.wikimedia.org/wiki/File:Ambassador_Shirley_Temple_Black_1977.jpg,https://upload.wikimedia.org/wikipedia/commons/4/40/Ambassador_Shirley_Temple_Black_1977.jpg,Shirley Temple in 1977,Public domain,2026-09-06
Publicity shoot ziegfeld girl 1941.jpg,https://commons.wikimedia.org/wiki/File:Publicity_shoot_ziegfeld_girl_1941.jpg,https://upload.wikimedia.org/wikipedia/commons/6/66/Publicity_shoot_ziegfeld_girl_1941.jpg,Judy Garland in 1941,Public domain,2026-08-30
Judy Garland Cine Mundial 1943.jpg,https://commons.wikimedia.org/wiki/File:Judy_Garland_Cine_Mundial_1943.jpg,https://upload.wikimedia.org/wikipedia/commons/a/a3/Judy_Garland_Cine_Mundial_1943.jpg,Judy Garland in 1943,Public domain,2026-08-30
Judy Garland publicity photo.png,https://commons.wikimedia.org/wiki/File:Judy_Garland_publicity_photo.png,https://upload.wikimedia.org/wikipedia/commons/d/d2/Judy_Garland_publicity_photo.png,Judy Garland in 1946,Public domain,2026-09-05
Judy Garland 1954.jpg,https://commons.wikimedia.org/wiki/File:Judy_Garland_1954.jpg,https://upload.wikimedia.org/wikipedia/commons/3/39/Judy_Garland_1954.jpg,Judy Garland in 1954,Public domain,2026-09-03
Nastro d'argento 1963 Gina Lollobrigida.jpg,https://commons.wikimedia.org/wiki/File:Nastro_d%27argento_1963_Gina_Lollobrigida.jpg,https://upload.wikimedia.org/wikipedia/commons/8/83/Nastro_d%27argento_1963_Gina_Lollobrigida.jpg,Gina Lollobrigida in 1963,Public domain,2026-08-30
Puttin' on the Ritz (SAYRE 15064).jpg,https://commons.wikimedia.org/wiki/File:Puttin%27_on_the_Ritz_%28SAYRE_15064%29.jpg,https://upload.wikimedia.org/wikipedia/commons/6/65/Puttin%27_on_the_Ritz_%28SAYRE_15064%29.jpg,Joan Bennett in 1930,Public domain,2026-09-04
Scotland Yard (SAYRE 15718).jpg,https://commons.wikimedia.org/wiki/File:Scotland_Yard_%28SAYRE_15718%29.jpg,https://upload.wikimedia.org/wikipedia/commons/3/31/Scotland_Yard_%28SAYRE_15718%29.jpg,Joan Bennett in 1930,Public domain,2026-09-01
Joan Bennett 1944.JPG,https://commons.wikimedia.org/wiki/File:Joan_Bennett_1944.JPG,https://upload.wikimedia.org/wikipedia/commons/c/cc/Joan_Bennett_1944.JPG,Joan Bennett in 1944,Public domain,LOWRES
Cary Grant circa 1930.jpg,https://commons.wikimedia.org/wiki/File:Cary_Grant_circa_1930.jpg,https://upload.wikimedia.org/wikipedia/commons/2/24/Cary_Grant_circa_1930.jpg,Cary Grant in 1930,Public domain,2026-09-02
Cary Grant Tres contra Todos 1943.jpg,https://commons.wikimedia.org/wiki/File:Cary_Grant_Tres_contra_Todos_1943.jpg,https://upload.wikimedia.org/wikipedia/commons/3/31/Cary_Grant_Tres_contra_Todos_1943.jpg,Cary Grant in 1943,Public domain,2026-09-01
Cary Grant (1958).jpg,https://commons.wikimedia.org/wiki/File:Cary_Grant_%281958%29.jpg,https://upload.wikimedia.org/wikipedia/commons/2/28/Cary_Grant_%281958%29.jpg,Cary Grant in 1958,Public domain,2026-09-05
"Clark Gable Publicity Photo, 1945.jpg",https://commons.wikimedia.org/wiki/File:Clark_Gable_Publicity_Photo%2C_1945.jpg,https://upload.wikimedia.org/wikipedia/commons/6/61/Clark_Gable_Publicity_Photo%2C_1945.jpg,Clark Gable in 1945,Public domain,2026-08-31
"Clark Gable Publicity Photo, 1955.jpg",https://commons.wikimedia.org/wiki/File:Clark_Gable_Publicity_Photo%2C_1955.jpg,https://upload.wikimedia.org/wikipedia/commons/1/1c/Clark_Gable_Publicity_Photo%2C_1955.jpg,Clark Gable in 1955,Public domain,GONE
The Black Legion (1937) 1.jpg,https://commons.wikimedia.org/wiki/File:The_Black_Legion_%281937%29_1.jpg,https://upload.wikimedia.org/wikipedia/commons/3/3c/The_Black_Legion_%281937%29_1.jpg,Humphrey Bogart in 1937,Public domain,2026-08-27
Humphrey Bogart 1945.JPG,https://commons.wikimedia.org/wiki/File:Humphrey_Bogart_1945.JPG,https://upload.wikimedia.org/wikipedia/commons/4/44/Humphrey_Bogart_1945.JPG,Humphrey Bogart in 1945,Public domain,LOWRES
Publicity still for Arizona Bound (1927) 01.jpg,https://commons.wikimedia.org/wiki/File:Publicity_still_for_Arizona_Bound_%281927%29_01.jpg,https://upload.wikimedia.org/wikipedia/commons/a/a7/Publicity_still_for_Arizona_Bound_%281927%29_01.jpg,Gary Cooper in 1927,Public domain,2026-08-31
Publicity still for Arizona Bound (1927) 02.jpg,https://commons.wikimedia.org/wiki/File:Publicity_still_for_Arizona_Bound_%281927%29_02.jpg,https://upload.wikimedia.org/wikipedia/commons/d/d4/Publicity_still_for_Arizona_Bound_%281927%29_02.jpg,Gary Cooper in 1927,Public domain,2026-08-29
Publicity still for Arizona Bound (1927) 03.jpg,https://commons.wikimedia.org/wiki/File:Publicity_still_for_Arizona_Bound_%281927%29_03.jpg,https://upload.wikimedia.org/wikipedia/commons/6/6c/Publicity_still_for_Arizona_Bound_%281927%29_03.jpg,Gary Cooper in 1927,Public domain,LOWRES
Publicity still for Arizona Bound (1927) 04.jpg,https://commons.wikimedia.org/wiki/File:Publicity_still_for_Arizona_Bound_%281927%29_04.jpg,https://upload.wikimedia.org/wikipedia/commons/7/75/Publicity_still_for_Arizona_Bound_%281927%29_04.jpg,Gary Cooper in 1927,Public domain,2026-09-01
Publicity still for Arizona Bound (1927) 05.jpg,https://commons.wikimedia.org/wiki/File:Publicity_still_for_Arizona_Bound_%281927%29_05.jpg,https://upload.wikimedia.org/wikipedia/commons/3/3b/Publicity_still_for_Arizona_Bound_%281927%29_05.jpg,Gary Cooper in 1927,Public domain,2026-09-01
Publicity still for Arizona Bound (1927) 07.jpg,https://commons.wikimedia.org/wiki/File:Publicity_still_for_Arizona_Bound_%281927%29_07.jpg,https://upload.wikimedia.org/wikipedia/commons/d/d0/Publicity_still_for_Arizona_Bound_%281927%29_07.jpg,Gary Cooper in 1927,Public domain,2026-09-03
Publicity still for Arizona Bound (1927) 22.jpg,https://commons.wikimedia.org/wiki/File:Publicity_still_for_Arizona_Bound_%281927%29_22.jpg,https://upload.wikimedia.org/wikipedia/commons/7/7d/Publicity_still_for_Arizona_Bound_%281927%29_22.jpg,Gary Cooper in 1927,Public domain,2026-08-28
Publicity still for Arizona Bound (1927) 23.jpg,https://commons.wikimedia.org/wiki/File:Publicity_still_for_Arizona_Bound_%281927%29_23.jpg,https://upload.wikimedia.org/wikipedia/commons/2/21/Publicity_still_for_Arizona_Bound_%281927%29_23.jpg,Gary Cooper in 1927,Public domain,2026-08-27
Gary Cooper (1952).jpg,https://commons.wikimedia.org/wiki/File:Gary_Cooper_%281952%29.jpg,https://upload.wikimedia.org/wikipedia/commons/8/87/Gary_Cooper_%281952%29.jpg,Gary Cooper in 1952,Public domain,2026-09-03
Errol Flynn 1936.jpg,https://commons.wikimedia.org/wiki/File:Errol_Flynn_1936.jpg,https://upload.wikimedia.org/wikipedia/commons/5/59/Errol_Flynn_1936.jpg,Errol Flynn in 1936,Public domain,LOWRES
Young fans october 1945.jpg,https://commons.wikimedia.org/wiki/File:Young_fans_october_1945.jpg,https://upload.wikimedia.org/wikipedia/commons/c/c6/Young_fans_october_1945.jpg,Errol Flynn in 1946,Public domain,2026-08-31
Gregory Peck 1940s Publicity.jpg,https://commons.wikimedia.org/wiki/File:Gregory_Peck_1940s_Publicity.jpg,https://upload.wikimedia.org/wikipedia/commons/b/bd/Gregory_Peck_1940s_Publicity.jpg,Gregory Peck in the 1940s,Public domain,2026-08-28
Peck Publicity Photo 1940s.jpg,https://commons.wikimedia.org/wiki/File:Peck_Publicity_Photo_1940s.jpg,https://upload.wikimedia.org/wikipedia/commons/8/86/Peck_Publicity_Photo_1940s.jpg,Gregory Peck in the 1940s,Public domain,2026-09-03
Gregory Peck portrait 1943.jpg,https://commons.wikimedia.org/wiki/File:Gregory_Peck_portrait_1943.jpg,https://upload.wikimedia.org/wikipedia/commons/b/b3/Gregory_Peck_portrait_1943.jpg,Gregory Peck in 1943,Public domain,LOWRES
Gregory Peck Publicity Photo 1944.jpg,https://commons.wikimedia.org/wiki/File:Gregory_Peck_Publicity_Photo_1944.jpg,https://upload.wikimedia.org/wikipedia/commons/7/76/Gregory_Peck_Publicity_Photo_1944.jpg,Gregory Peck in 1944,Public domain,LOWRES
Peck Wyman The Yearling Publicity Photo 1946.jpg,https://commons.wikimedia.org/wiki/File:Peck_Wyman_The_Yearling_Publicity_Photo_1946.jpg,https://upload.wikimedia.org/wikipedia/commons/6/66/Peck_Wyman_The_Yearling_Publicity_Photo_1946.jpg,Gregory Peck in 1946,Public domain,2026-08-28
Gregory Peck 1947.JPG,https://commons.wikimedia.org/wiki/File:Gregory_Peck_1947.JPG,https://upload.wikimedia.org/wikipedia/commons/e/ee/Gregory_Peck_1947.JPG,Gregory Peck in 1947,Public domain,2026-08-28
Peck Radio Free Europe Publicity Photo 1953.jpg,https://commons.wikimedia.org/wiki/File:Peck_Radio_Free_Europe_Publicity_Photo_1953.jpg,https://upload.wikimedia.org/wikipedia/commons/e/ed/Peck_Radio_Free_Europe_Publicity_Photo_1953.jpg,Gregory Peck in 1953,Public domain,2026-08-28
Gregory Peck Atticus Publicity Photo.jpg,https://commons.wikimedia.org/wiki/File:Gregory_Peck_Atticus_Publicity_Photo.jpg,https://upload.wikimedia.org/wikipedia/commons/a/a8/Gregory_Peck_Atticus_Publicity_Photo.jpg,Gregory Peck in 1962,Public domain,2026-09-03
Marlon Brando 1948 3.tif,https://commons.wikimedia.org/wiki/File:Marlon_Brando_1948_3.tif,https://upload.wikimedia.org/wikipedia/commons/a/a5/Marlon_Brando_1948_3.tif,Marlon Brando in 1948,Public domain,2026-09-21
Marlon Brando 1948.jpg,https://commons.wikimedia.org/wiki/File:Marlon_Brando_1948.jpg,https://upload.wikimedia.org/wikipedia/commons/b/b1/Marlon_Brando_1948.jpg,Marlon Brando in 1948,Public domain,2026-08-28
Marlon Brando publicity for One-Eyed Jacks.png,https://commons.wikimedia.org/wiki/File:Marlon_Brando_publicity_for_One-Eyed_Jacks.png,https://upload.wikimedia.org/wikipedia/commons/5/53/Marlon_Brando_publicity_for_One-Eyed_Jacks.png,Marlon Brando in 1961,Public domain,2026-09-03
Jimmy Stewart.jpg,https://commons.wikimedia.org/wiki/File:Jimmy_Stewart.jpg,https://upload.wikimedia.org/wikipedia/commons/e/e0/Jimmy_Stewart.jpg,James Stewart in 1934,Public domain,2026-08-31
"James Stewart by Irving Lippman, 1938.jpg",https://commons.wikimedia.org/wiki/File:James_Stewart_by_Irving_Lippman%2C_1938.jpg,https://upload.wikimedia.org/wikipedia/commons/9/99/James_Stewart_by_Irving_Lippman%2C_1938.jpg,James Stewart in 1938,Public domain,2026-08-31
"James Stewart by László Willinger, 1947.jpg",https://commons.wikimedia.org/wiki/File:James_Stewart_by_L%C3%A1szl%C3%B3_Willinger%2C_1947.jpg,https://upload.wikimedia.org/wikipedia/commons/9/9d/James_Stewart_by_L%C3%A1szl%C3%B3_Willinger%2C_1947.jpg,James Stewart in 1947,Public domain,2026-08-31
James Stewart NY Sunday News 1949.jpg,https://commons.wikimedia.org/wiki/File:James_Stewart_NY_Sunday_News_1949.jpg,https://upload.wikimedia.org/wikipedia/commons/2/2a/James_Stewart_NY_Sunday_News_1949.jpg,James Stewart in 1949,Public domain,2026-08-31
Brig. Gen. James M. Stewart.jpg,https://commons.wikimedia.org/wiki/File:Brig._Gen._James_M._Stewart.jpg,https://upload.wikimedia.org/wikipedia/commons/0/0d/Brig._Gen._James_M._Stewart.jpg,James Stewart in 1968,Public domain,2026-08-31
The-Last-Mile-1930-B.jpg,https://commons.wikimedia.org/wiki/File:The-Last-Mile-1930-B.jpg,https://upload.wikimedia.org/wikipedia/commons/e/e7/The-Last-Mile-1930-B.jpg,Spencer Tracy in 1930,Public domain,2026-09-04
Raft Tracy Quick Millions 1931.jpg,https://commons.wikimedia.org/wiki/File:Raft_Tracy_Quick_Millions_1931.jpg,https://upload.wikimedia.org/wikipedia/commons/archive/6/6e/20180611161004%21Raft_Tracy_Quick_Millions_1931.jpg,Spencer Tracy in 1931,Public domain,GONE
1966 - Plaza Theater Opening Ad - 8 Jul MC - Allentown PA.jpg,https://commons.wikimedia.org/wiki/File:1966_-_Plaza_Theater_Opening_Ad_-_8_Jul_MC_-_Allentown_PA.jpg,https://upload.wikimedia.org/wikipedia/commons/9/93/1966_-_Plaza_Theater_Opening_Ad_-_8_Jul_MC_-_Allentown_PA.jpg,Doris Day,Public domain,2026-08-30
The Gang's All Here (1943) 1.jpg,https://commons.wikimedia.org/wiki/File:The_Gang%27s_All_Here_%281943%29_1.jpg,https://upload.wikimedia.org/wikipedia/commons/3/38/The_Gang%27s_All_Here_%281943%29_1.jpg,Alice Faye,Public domain,2026-09-01
"Jeanne Crain wears a new hat, 1949.jpg",https://commons.wikimedia.org/wiki/File:Jeanne_Crain_wears_a_new_hat%2C_1949.jpg,https://upload.wikimedia.org/wikipedia/commons/2/24/Jeanne_Crain_wears_a_new_hat%2C_1949.jpg,Jeanne Crain,Public domain,2026-09-03
The Last of Mrs Cheyney (SAYRE 14406).jpg,https://commons.wikimedia.org/wiki/File:The_Last_of_Mrs_Cheyney_%28SAYRE_14406%29.jpg,https://upload.wikimedia.org/wikipedia/commons/c/ca/The_Last_of_Mrs_Cheyney_%28SAYRE_14406%29.jpg,Norma Shearer,Public domain,2026-09-02
Norma Shearer 1926.jpg,https://commons.wikimedia.org/wiki/File:Norma_Shearer_1926.jpg,https://upload.wikimedia.org/wikipedia/commons/9/9b/Norma_Shearer_1926.jpg,Norma Shearer,Public domain,2026-09-04
"Norma Shearer, silent film actress (SAYRE 9438).jpg",https://commons.wikimedia.org/wiki/File:Norma_Shearer%2C_silent_film_actress_%28SAYRE_9438%29.jpg,https://upload.wikimedia.org/wikipedia/commons/b/b1/Norma_Shearer%2C_silent_film_actress_%28SAYRE_9438%29.jpg,Norma Shearer,Public domain,2026-09-02
Constance Bennett - Moulin Rouge (1934) (51301549749).jpg,https://commons.wikimedia.org/wiki/File:Constance_Bennett_-_Moulin_Rouge_%281934%29_%2851301549749%29.jpg,https://upload.wikimedia.org/wikipedia/commons/1/11/Constance_Bennett_-_Moulin_Rouge_%281934%29_%2851301549749%29.jpg,Constance Bennett,Public domain,2026-09-01
Film actress Jean Arthur (SAYRE 2127).jpg,https://commons.wikimedia.org/wiki/File:Film_actress_Jean_Arthur_%28SAYRE_2127%29.jpg,https://upload.wikimedia.org/wikipedia/commons/c/cd/Film_actress_Jean_Arthur_%28SAYRE_2127%29.jpg,Jean Arthur,Public domain,2026-08-28
Film actress Jean Arthur (SAYRE 2985).jpg,https://commons.wikimedia.org/wiki/File:Film_actress_Jean_Arthur_%28SAYRE_2985%29.jpg,https://upload.wikimedia.org/wikipedia/commons/3/30/Film_actress_Jean_Arthur_%28SAYRE_2985%29.jpg,Jean Arthur,Public domain,2026-09-03
Janet Leigh Publicity.jpg,https://commons.wikimedia.org/wiki/File:Janet_Leigh_Publicity.jpg,https://upload.wikimedia.org/wikipedia/commons/e/ec/Janet_Leigh_Publicity.jpg,Janet Leigh,Public domain,2026-09-01
"Alan Ladd, 1943.jpg",https://commons.wikimedia.org/wiki/File:Alan_Ladd%2C_1943.jpg,https://upload.wikimedia.org/wikipedia/commons/7/7c/Alan_Ladd%2C_1943.jpg,Alan Ladd,Public domain,2026-09-05
Charlton Heston Civil Rights March 1963.jpg,https://commons.wikimedia.org/wiki/File:Charlton_Heston_Civil_Rights_March_1963.jpg,https://upload.wikimedia.org/wikipedia/commons/0/0d/Charlton_Heston_Civil_Rights_March_1963.jpg,Charlton Heston,Public domain,2026-09-01
"Young Buster Keaton on Dramatic Mirror cover December 26, 1908.jpg",https://commons.wikimedia.org/wiki/File:Young_Buster_Keaton_on_Dramatic_Mirror_cover_December_26%2C_1908.jpg,https://upload.wikimedia.org/wikipedia/commons/5/5a/Young_Buster_Keaton_on_Dramatic_Mirror_cover_December_26%2C_1908.jpg,Buster Keaton,Public domain,2026-08-29
"Sir Charles Chaplin, 1889-1977, full length portrait, seated, facing right; playing cello LCCN2005689014.jpg",https://commons.wikimedia.org/wiki/File:Sir_Charles_Chaplin%2C_1889-1977%2C_full_length_portrait%2C_seated%2C_facing_right%3B_playing_cello_LCCN2005689014.jpg,https://upload.wikimedia.org/wikipedia/commons/3/3a/Sir_Charles_Chaplin%2C_1889-1977%2C_full_length_portrait%2C_seated%2C_facing_right%3B_playing_cello_LCCN2005689014.jpg,Charlie Chaplin,Public domain,2026-08-27
Rudolph-Valentino-WSB-Radio-1923.jpg,https://commons.wikimedia.org/wiki/File:Rudolph-Valentino-WSB-Radio-1923.jpg,https://upload.wikimedia.org/wikipedia/commons/c/c4/Rudolph-Valentino-WSB-Radio-1923.jpg,Rudolph Valentino,Public domain,2026-09-05
Douglas Fairbanks cropped.jpg,https://commons.wikimedia.org/wiki/File:Douglas_Fairbanks_cropped.jpg,https://upload.wikimedia.org/wikipedia/commons/6/6e/Douglas_Fairbanks_cropped.jpg,Douglas Fairbanks,Public domain,2026-09-05
Maria Bogda (cropped).jpg,https://commons.wikimedia.org/wiki/File:Maria_Bogda_%28cropped%29.jpg,https://upload.wikimedia.org/wikipedia/commons/7/73/Maria_Bogda_%28cropped%29.jpg,Black and white portrait photographs of actresses,Public domain,2026-08-29
Ivor Novello.png,https://commons.wikimedia.org/wiki/File:Ivor_Novello.png,https://upload.wikimedia.org/wikipedia/commons/4/49/Ivor_Novello.png,Black and white portrait photographs of actors,Public domain,2026-09-06
"Neil Hamilton, 1930 (cropped).jpg",https://commons.wikimedia.org/wiki/File:Neil_Hamilton%2C_1930_%28cropped%29.jpg,https://upload.wikimedia.org/wikipedia/commons/b/bb/Neil_Hamilton%2C_1930_%28cropped%29.jpg,Black and white portrait photographs of actors,Public domain,2026-09-02
Portrait of Dorothy Maynor LCCN2004663304.jpg,https://commons.wikimedia.org/wiki/File:Portrait_of_Dorothy_Maynor_LCCN2004663304.jpg,https://upload.wikimedia.org/wikipedia/commons/b/b1/Portrait_of_Dorothy_Maynor_LCCN2004663304.jpg,Photographs by Carl Van Vechten,Public domain,2026-09-02
Portrait of Edith Sampson) - Edith LCCN2004663532.jpg,https://commons.wikimedia.org/wiki/File:Portrait_of_Edith_Sampson%29_-_Edith_LCCN2004663532.jpg,https://upload.wikimedia.org/wikipedia/commons/d/d3/Portrait_of_Edith_Sampson%29_-_Edith_LCCN2004663532.jpg,Photographs by Carl Van Vechten,Public domain,2026-09-02
Portrait of Edna St. Vincent Millay LCCN2004663332.jpg,https://commons.wikimedia.org/wiki/File:Portrait_of_Edna_St._Vincent_Millay_LCCN2004663332.jpg,https://upload.wikimedia.org/wikipedia/commons/a/ab/Portrait_of_Edna_St._Vincent_Millay_LCCN2004663332.jpg,Photographs by Carl Van Vechten,Public domain,2026-09-03
Portrait of Elsie Houston LCCN2004663040.jpg,https://commons.wikimedia.org/wiki/File:Portrait_of_Elsie_Houston_LCCN2004663040.jpg,https://upload.wikimedia.org/wikipedia/commons/9/95/Portrait_of_Elsie_Houston_LCCN2004663040.jpg,Photographs by Carl Van Vechten,Public domain,2026-09-01
Portrait of Emily Vanderbilt LCCN2004663680.jpg,https://commons.wikimedia.org/wiki/File:Portrait_of_Emily_Vanderbilt_LCCN2004663680.jpg,https://upload.wikimedia.org/wikipedia/commons/9/91/Portrait_of_Emily_Vanderbilt_LCCN2004663680.jpg,Photographs by Carl Van Vechten,Public domain,2026-08-28
Portrait of Emily Vanderbilt LCCN2004663681.jpg,https://commons.wikimedia.org/wiki/File:Portrait_of_Emily_Vanderbilt_LCCN2004663681.jpg,https://upload.wikimedia.org/wikipedia/commons/e/e4/Portrait_of_Emily_Vanderbilt_LCCN2004663681.jpg,Photographs by Carl Van Vechten,Public domain,2026-09-02
Portrait of Feral Benga LCCN2004662592.jpg,https://commons.wikimedia.org/wiki/File:Portrait_of_Feral_Benga_LCCN2004662592.jpg,https://upload.wikimedia.org/wikipedia/commons/2/29/Portrait_of_Feral_Benga_LCCN2004662592.jpg,Photographs by Carl Van Vechten,Public domain,2026-09-02
Portrait of Ferenc Molnár LCCN2004663345.jpg,https://commons.wikimedia.org/wiki/File:Portrait_of_Ferenc_Moln%C3%A1r_LCCN2004663345.jpg,https://upload.wikimedia.org/wikipedia/commons/1/10/Portrait_of_Ferenc_Moln%C3%A1r_LCCN2004663345.jpg,Photographs by Carl Van Vechten,Public domain,2026-09-02
Portrait of George Grey Barnard LCCN2004662568.jpg,https://commons.wikimedia.org/wiki/File:Portrait_of_George_Grey_Barnard_LCCN2004662568.jpg,https://upload.wikimedia.org/wikipedia/commons/a/a6/Portrait_of_George_Grey_Barnard_LCCN2004662568.jpg,Photographs by Carl Van Vechten,Public domain,2026-08-30
"Portrait of Georgia O'Keeffe, New York LCCN2004663417.jpg",https://commons.wikimedia.org/wiki/File:Portrait_of_Georgia_O%27Keeffe%2C_New_York_LCCN2004663417.jpg,https://upload.wikimedia.org/wikipedia/commons/0/0c/Portrait_of_Georgia_O%27Keeffe%2C_New_York_LCCN2004663417.jpg,Photographs by Carl Van Vechten,Public domain,2026-09-01
"Portrait of Gertrude Atherton, Burlingame LCCN2004662531.jpg",https://commons.wikimedia.org/wiki/File:Portrait_of_Gertrude_Atherton%2C_Burlingame_LCCN2004662531.jpg,https://upload.wikimedia.org/wikipedia/commons/2/29/Portrait_of_Gertrude_Atherton%2C_Burlingame_LCCN2004662531.jpg,Photographs by Carl Van Vechten,Public domain,2026-08-31
"Portrait of Gertrude Stein, with dog Pepe, Biliguin LCCN2004663584.jpg",https://commons.wikimedia.org/wiki/File:Portrait_of_Gertrude_Stein%2C_with_dog_Pepe%2C_Biliguin_LCCN2004663584.jpg,https://upload.wikimedia.org/wikipedia/commons/2/20/Portrait_of_Gertrude_Stein%2C_with_dog_Pepe%2C_Biliguin_LCCN2004663584.jpg,Photographs by Carl Van Vechten,Public domain,2026-09-05
Portrait of Gilbert Seldes LCCN2004663547.jpg,https://commons.wikimedia.org/wiki/File:Portrait_of_Gilbert_Seldes_LCCN2004663547.jpg,https://upload.wikimedia.org/wikipedia/commons/8/86/Portrait_of_Gilbert_Seldes_LCCN2004663547.jpg,Photographs by Carl Van Vechten,Public domain,2026-09-05
Portrait of Greta Keller LCCN2004663123.jpg,https://commons.wikimedia.org/wiki/File:Portrait_of_Greta_Keller_LCCN2004663123.jpg,https://upload.wikimedia.org/wikipedia/commons/9/96/Portrait_of_Greta_Keller_LCCN2004663123.jpg,Photographs by Carl Van Vechten,Public domain,2026-09-03
Portrait of Harold Guinzburg LCCN2004662971.jpg,https://commons.wikimedia.org/wiki/File:Portrait_of_Harold_Guinzburg_LCCN2004662971.jpg,https://upload.wikimedia.org/wikipedia/commons/5/53/Portrait_of_Harold_Guinzburg_LCCN2004662971.jpg,Photographs by Carl Van Vechten,Public domain,2026-09-03
"Portrait of Harry Belafonte, Almanac LCCN2004662591.jpg",https://commons.wikimedia.org/wiki/File:Portrait_of_Harry_Belafonte%2C_Almanac_LCCN2004662591.jpg,https://upload.wikimedia.org/wikipedia/commons/f/f0/Portrait_of_Harry_Belafonte%2C_Almanac_LCCN2004662591.jpg,Photographs by Carl Van Vechten,Public domain,2026-08-27
"Portrait of Harry Belafonte, singing LCCN2004662587.jpg",https://commons.wikimedia.org/wiki/File:Portrait_of_Harry_Belafonte%2C_singing_LCCN2004662587.jpg,https://upload.wikimedia.org/wikipedia/commons/0/07/Portrait_of_Harry_Belafonte%2C_singing_LCCN2004662587.jpg,Photographs by Carl Van Vechten,Public domain,2026-08-27
Portrait of Henry Armstrong LCCN2004662524.jpg,https://commons.wikimedia.org/wiki/File:Portrait_of_Henry_Armstrong_LCCN2004662524.jpg,https://upload.wikimedia.org/wikipedia/commons/4/40/Portrait_of_Henry_Armstrong_LCCN2004662524.jpg,Photographs by Carl Van Vechten,Public domain,2026-09-03
Portrait of Henry Armstrong LCCN2004662525.jpg,https://commons.wikimedia.org/wiki/File:Portrait_of_Henry_Armstrong_LCCN2004662525.jpg,https://upload.wikimedia.org/wikipedia/commons/d/db/Portrait_of_Henry_Armstrong_LCCN2004662525.jpg,Photographs by Carl Van Vechten,Public domain,2026-09-04
Portrait of Hugh Laing LCCN2004663171.jpg,https://commons.wikimedia.org/wiki/File:Portrait_of_Hugh_Laing_LCCN2004663171.jpg,https://upload.wikimedia.org/wikipedia/commons/8/8c/Portrait_of_Hugh_Laing_LCCN2004663171.jpg,Photographs by Carl Van Vechten,Public domain,2026-09-03
Portrait of Jack Cole LCCN2004662721.jpg,https://commons.wikimedia.org/wiki/File:Portrait_of_Jack_Cole_LCCN2004662721.jpg,https://upload.wikimedia.org/wikipedia/commons/1/12/Portrait_of_Jack_Cole_LCCN2004662721.jpg,Photographs by Carl Van Vechten,Public domain,2026-09-05
Portrait of James Baldwin LCCN2004662552.jpg,https://commons.wikimedia.org/wiki/File:Portrait_of_James_Baldwin_LCCN2004662552.jpg,https://upload.wikimedia.org/wikipedia/commons/1/17/Portrait_of_James_Baldwin_LCCN2004662552.jpg,Photographs by Carl Van Vechten,Public domain,2026-09-01
"Portrait of Joan Miro, Barcelona 1935 June 13.jpg",https://commons.wikimedia.org/wiki/File:Portrait_of_Joan_Miro%2C_Barcelona_1935_June_13.jpg,https://upload.wikimedia.org/wikipedia/commons/5/5c/Portrait_of_Joan_Miro%2C_Barcelona_1935_June_13.jpg,Photographs by Carl Van Vechten,Public domain,2026-08-31
Portrait of John O. Killens LCCN2004663128.jpg,https://commons.wikimedia.org/wiki/File:Portrait_of_John_O._Killens_LCCN2004663128.jpg,https://upload.wikimedia.org/wikipedia/commons/f/fa/Portrait_of_John_O._Killens_LCCN2004663128.jpg,Photographs by Carl Van Vechten,Public domain,2026-09-04
Portrait of John O. Killens LCCN2004663130.jpg,https://commons.wikimedia.org/wiki/File:Portrait_of_John_O._Killens_LCCN2004663130.jpg,https://upload.wikimedia.org/wikipedia/commons/e/ef/Portrait_of_John_O._Killens_LCCN2004663130.jpg,Photographs by Carl Van Vechten,Public domain,2026-09-04
Portrait of Josephine Baker LCCN2004662546.jpg,https://commons.wikimedia.org/wiki/File:Portrait_of_Josephine_Baker_LCCN2004662546.jpg,https://upload.wikimedia.org/wikipedia/commons/f/f6/Portrait_of_Josephine_Baker_LCCN2004662546.jpg,Photographs by Carl Van Vechten,Public domain,2026-09-04
"Portrait of Josephine Baker, Paris LCCN2004662545.jpg",https://commons.wikimedia.org/wiki/File:Portrait_of_Josephine_Baker%2C_Paris_LCCN2004662545.jpg,https://upload.wikimedia.org/wikipedia/commons/a/a4/Portrait_of_Josephine_Baker%2C_Paris_LCCN2004662545.jpg,Photographs by Carl Van Vechten,Public domain,2026-08-27
"Portrait of Judith Anderson, as Medea LCCN2004662505.jpg",https://commons.wikimedia.org/wiki/File:Portrait_of_Judith_Anderson%2C_as_Medea_LCCN2004662505.jpg,https://upload.wikimedia.org/wikipedia/commons/6/61/Portrait_of_Judith_Anderson%2C_as_Medea_LCCN2004662505.jpg,Photographs by Carl Van Vechten,Public domain,2026-09-05
Portrait of Jules Romains LCCN2004663525.jpg,https://commons.wikimedia.org/wiki/File:Portrait_of_Jules_Romains_LCCN2004663525.jpg,https://upload.wikimedia.org/wikipedia/commons/6/60/Portrait_of_Jules_Romains_LCCN2004663525.jpg,Photographs by Carl Van Vechten,Public domain,2026-08-30
Portrait of Julia Peterkin LCCN2004663446.jpg,https://commons.wikimedia.org/wiki/File:Portrait_of_Julia_Peterkin_LCCN2004663446.jpg,https://upload.wikimedia.org/wikipedia/commons/7/77/Portrait_of_Julia_Peterkin_LCCN2004663446.jpg,Photographs by Carl Van Vechten,Public domain,2026-09-04
Portrait of Kristians Tonny LCCN2004663630.jpg,https://commons.wikimedia.org/wiki/File:Portrait_of_Kristians_Tonny_LCCN2004663630.jpg,https://upload.wikimedia.org/wikipedia/commons/2/2e/Portrait_of_Kristians_Tonny_LCCN2004663630.jpg,Photographs by Carl Van Vechten,Public domain,2026-09-05
Portrait of Laurette Taylor LCCN2004663614.jpg,https://commons.wikimedia.org/wiki/File:Portrait_of_Laurette_Taylor_LCCN2004663614.jpg,https://upload.wikimedia.org/wikipedia/commons/b/bb/Portrait_of_Laurette_Taylor_LCCN2004663614.jpg,Photographs by Carl Van Vechten,Public domain,2026-09-03
Portrait of Leonard Bernstein LCCN2004662600.jpg,https://commons.wikimedia.org/wiki/File:Portrait_of_Leonard_Bernstein_LCCN2004662600.jpg,https://upload.wikimedia.org/wikipedia/commons/5/57/Portrait_of_Leonard_Bernstein_LCCN2004662600.jpg,Photographs by Carl Van Vechten,Public domain,2026-09-04
Portrait of Lois Moran LCCN2004663372.jpg,https://commons.wikimedia.org/wiki/File:Portrait_of_Lois_Moran_LCCN2004663372.jpg,https://upload.wikimedia.org/wikipedia/commons/1/17/Portrait_of_Lois_Moran_LCCN2004663372.jpg,Photographs by Carl Van Vechten,Public domain,2026-09-04
Portrait of Luise Rainer LCCN2004663489.jpg,https://commons.wikimedia.org/wiki/File:Portrait_of_Luise_Rainer_LCCN2004663489.jpg,https://upload.wikimedia.org/wikipedia/commons/4/42/Portrait_of_Luise_Rainer_LCCN2004663489.jpg,Photographs by Carl Van Vechten,Public domain,2026-08-29
Portrait of Margaret Bonds LCCN2004662607.jpg,https://commons.wikimedia.org/wiki/File:Portrait_of_Margaret_Bonds_LCCN2004662607.jpg,https://upload.wikimedia.org/wikipedia/commons/4/4c/Portrait_of_Margaret_Bonds_LCCN2004662607.jpg,Photographs by Carl Van Vechten,Public domain,2026-09-05
Portrait of Margaret Bonds LCCN2004662608.jpg,https://commons.wikimedia.org/wiki/File:Portrait_of_Margaret_Bonds_LCCN2004662608.jpg,https://upload.wikimedia.org/wikipedia/commons/9/9f/Portrait_of_Margaret_Bonds_LCCN2004662608.jpg,Photographs by Carl Van Vechten,Public domain,2026-09-05
Portrait of Margaret Bonds LCCN2004662609.jpg,https://commons.wikimedia.org/wiki/File:Portrait_of_Margaret_Bonds_LCCN2004662609.jpg,https://upload.wikimedia.org/wikipedia/commons/8/82/Portrait_of_Margaret_Bonds_LCCN2004662609.jpg,Photographs by Carl Van Vechten,Public domain,2026-09-05
Portrait of Marian Anderson LCCN2004662511.jpg,https://commons.wikimedia.org/wiki/File:Portrait_of_Marian_Anderson_LCCN2004662511.jpg,https://upload.wikimedia.org/wikipedia/commons/6/63/Portrait_of_Marian_Anderson_LCCN2004662511.jpg,Photographs by Carl Van Vechten,Public domain,2026-09-01
Portrait of Marian Anderson LCCN2004662512.jpg,https://commons.wikimedia.org/wiki/File:Portrait_of_Marian_Anderson_LCCN2004662512.jpg,https://upload.wikimedia.org/wikipedia/commons/4/41/Portrait_of_Marian_Anderson_LCCN2004662512.jpg,Photographs by Carl Van Vechten,Public domain,2026-09-03
Portrait of Marian Anderson LCCN2004662515.jpg,https://commons.wikimedia.org/wiki/File:Portrait_of_Marian_Anderson_LCCN2004662515.jpg,https://upload.wikimedia.org/wikipedia/commons/5/5b/Portrait_of_Marian_Anderson_LCCN2004662515.jpg,Photographs by Carl Van Vechten,Public domain,2026-09-04
Portrait of Marian Anderson LCCN2004662516.jpg,https://commons.wikimedia.org/wiki/File:Portrait_of_Marian_Anderson_LCCN2004662516.jpg,https://upload.wikimedia.org/wikipedia/commons/3/3c/Portrait_of_Marian_Anderson_LCCN2004662516.jpg,Photographs by Carl Van Vechten,Public domain,2026-09-02
Portrait of Marian Anderson LCCN2004662517.jpg,https://commons.wikimedia.org/wiki/File:Portrait_of_Marian_Anderson_LCCN2004662517.jpg,https://upload.wikimedia.org/wikipedia/commons/8/8b/Portrait_of_Marian_Anderson_LCCN2004662517.jpg,Photographs by Carl Van Vechten,Public domain,2026-09-02
Portrait of Marian Anderson singing LCCN2004662513.jpg,https://commons.wikimedia.org/wiki/File:Portrait_of_Marian_Anderson_singing_LCCN2004662513.jpg,https://upload.wikimedia.org/wikipedia/commons/0/04/Portrait_of_Marian_Anderson_singing_LCCN2004662513.jpg,Photographs by Carl Van Vechten,Public domain,2026-08-30
Portrait of Mary McLeod Bethune LCCN2004662601.jpg,https://commons.wikimedia.org/wiki/File:Portrait_of_Mary_McLeod_Bethune_LCCN2004662601.jpg,https://upload.wikimedia.org/wikipedia/commons/3/3e/Portrait_of_Mary_McLeod_Bethune_LCCN2004662601.jpg,Photographs by Carl Van Vechten,Public domain,2026-09-04
Portrait of Mary McLeod Bethune LCCN2004662602.jpg,https://commons.wikimedia.org/wiki/File:Portrait_of_Mary_McLeod_Bethune_LCCN2004662602.jpg,https://upload.wikimedia.org/wikipedia/commons/a/a9/Portrait_of_Mary_McLeod_Bethune_LCCN2004662602.jpg,Photographs by Carl Van Vechten,Public domain,2026-09-05
Portrait of Paul Robeson LCCN2004663510.jpg,https://commons.wikimedia.org/wiki/File:Portrait_of_Paul_Robeson_LCCN2004663510.jpg,https://upload.wikimedia.org/wikipedia/commons/7/74/Portrait_of_Paul_Robeson_LCCN2004663510.jpg,Photographs by Carl Van Vechten,Public domain,2026-09-02
Portrait of Peter Abrahams LCCN2004662471.jpg,https://commons.wikimedia.org/wiki/File:Portrait_of_Peter_Abrahams_LCCN2004662471.jpg,https://upload.wikimedia.org/wikipedia/commons/e/e0/Portrait_of_Peter_Abrahams_LCCN2004662471.jpg,Photographs by Carl Van Vechten,Public domain,2026-09-04
Portrait of Peter Abrahams LCCN2004662472.jpg,https://commons.wikimedia.org/wiki/File:Portrait_of_Peter_Abrahams_LCCN2004662472.jpg,https://upload.wikimedia.org/wikipedia/commons/b/bf/Portrait_of_Peter_Abrahams_LCCN2004662472.jpg,Photographs by Carl Van Vechten,Public domain,2026-08-31
Portrait of Peter Abrahams LCCN2004662473.jpg,https://commons.wikimedia.org/wiki/File:Portrait_of_Peter_Abrahams_LCCN2004662473.jpg,https://upload.wikimedia.org/wikipedia/commons/7/78/Portrait_of_Peter_Abrahams_LCCN2004662473.jpg,Photographs by Carl Van Vechten,Public domain,2026-09-02
"Portrait of Ramon Blancos, Havana, Cuba LCCN2004662603.jpg",https://commons.wikimedia.org/wiki/File:Portrait_of_Ramon_Blancos%2C_Havana%2C_Cuba_LCCN2004662603.jpg,https://upload.wikimedia.org/wikipedia/commons/e/e5/Portrait_of_Ramon_Blancos%2C_Havana%2C_Cuba_LCCN2004662603.jpg,Photographs by Carl Van Vechten,Public domain,2026-09-01
Portrait of Rex Ingram LCCN2004663060.jpg,https://commons.wikimedia.org/wiki/File:Portrait_of_Rex_Ingram_LCCN2004663060.jpg,https://upload.wikimedia.org/wikipedia/commons/0/0c/Portrait_of_Rex_Ingram_LCCN2004663060.jpg,Photographs by Carl Van Vechten,Public domain,2026-08-31
Portrait of Romare Bearden LCCN2004662578.jpg,https://commons.wikimedia.org/wiki/File:Portrait_of_Romare_Bearden_LCCN2004662578.jpg,https://upload.wikimedia.org/wikipedia/commons/b/b9/Portrait_of_Romare_Bearden_LCCN2004662578.jpg,Photographs by Carl Van Vechten,Public domain,2026-09-04
Portrait of Roy Atkins LCCN2004662532.jpg,https://commons.wikimedia.org/wiki/File:Portrait_of_Roy_Atkins_LCCN2004662532.jpg,https://upload.wikimedia.org/wikipedia/commons/f/fb/Portrait_of_Roy_Atkins_LCCN2004662532.jpg,Photographs by Carl Van Vechten,Public domain,2026-09-06
Portrait of Roy Atkins LCCN2004662533.jpg,https://commons.wikimedia.org/wiki/File:Portrait_of_Roy_Atkins_LCCN2004662533.jpg,https://upload.wikimedia.org/wikipedia/commons/0/0c/Portrait_of_Roy_Atkins_LCCN2004662533.jpg,Photographs by Carl Van Vechten,Public domain,2026-08-30
"Portrait of Salvador Dali, Paris, LOC 4483943847 (cropped).jpg",https://commons.wikimedia.org/wiki/File:Portrait_of_Salvador_Dali%2C_Paris%2C_LOC_4483943847_%28cropped%29.jpg,https://upload.wikimedia.org/wikipedia/commons/4/47/Portrait_of_Salvador_Dali%2C_Paris%2C_LOC_4483943847_%28cropped%29.jpg,Photographs by Carl Van Vechten,Public domain,2026-08-28
Portrait of Sidney Franklin LCCN2004662892.jpg,https://commons.wikimedia.org/wiki/File:Portrait_of_Sidney_Franklin_LCCN2004662892.jpg,https://upload.wikimedia.org/wikipedia/commons/b/b5/Portrait_of_Sidney_Franklin_LCCN2004662892.jpg,Photographs by Carl Van Vechten,Public domain,2026-09-02
Portrait of Tallulah Bankhead holding floral bouquet with foliage backdrop LCCN2004662556.jpg,https://commons.wikimedia.org/wiki/File:Portrait_of_Tallulah_Bankhead_holding_floral_bouquet_with_foliage_backdrop_LCCN2004662556.jpg,https://upload.wikimedia.org/wikipedia/commons/a/af/Portrait_of_Tallulah_Bankhead_holding_floral_bouquet_with_foliage_backdrop_LCCN2004662556.jpg,Photographs by Carl Van Vechten,Public domain,2026-09-05
Portrait of Tallulah Bankhead LCCN2004662560.jpg,https://commons.wikimedia.org/wiki/File:Portrait_of_Tallulah_Bankhead_LCCN2004662560.jpg,https://upload.wikimedia.org/wikipedia/commons/a/ad/Portrait_of_Tallulah_Bankhead_LCCN2004662560.jpg,Photographs by Carl Van Vechten,Public domain,2026-09-05
Portrait of Tallulah Bankhead LCCN2004662562.jpg,https://commons.wikimedia.org/wiki/File:Portrait_of_Tallulah_Bankhead_LCCN2004662562.jpg,https://upload.wikimedia.org/wikipedia/commons/a/aa/Portrait_of_Tallulah_Bankhead_LCCN2004662562.jpg,Photographs by Carl Van Vechten,Public domain,2026-09-02
"Portrait of Thomas Mann, holding hat, gloves, and cigar.jpg",https://commons.wikimedia.org/wiki/File:Portrait_of_Thomas_Mann%2C_holding_hat%2C_gloves%2C_and_cigar.jpg,https://upload.wikimedia.org/wikipedia/commons/d/da/Portrait_of_Thomas_Mann%2C_holding_hat%2C_gloves%2C_and_cigar.jpg,Photographs by Carl Van Vechten,Public domain,2026-08-30
Portrait of Victor Kraft LCCN2004663146.jpg,https://commons.wikimedia.org/wiki/File:Portrait_of_Victor_Kraft_LCCN2004663146.jpg,https://upload.wikimedia.org/wikipedia/commons/d/dc/Portrait_of_Victor_Kraft_LCCN2004663146.jpg,Photographs by Carl Van Vechten,Public domain,2026-09-05
Portrait of William Somerset Maugham 1934.jpg,https://commons.wikimedia.org/wiki/File:Portrait_of_William_Somerset_Maugham_1934.jpg,https://upload.wikimedia.org/wikipedia/commons/9/9f/Portrait_of_William_Somerset_Maugham_1934.jpg,Photographs by Carl Van Vechten,Public domain,2026-09-05
Portrait of William Warfield LCCN2004663694.png,https://commons.wikimedia.org/wiki/File:Portrait_of_William_Warfield_LCCN2004663694.png,https://upload.wikimedia.org/wikipedia/commons/7/75/Portrait_of_William_Warfield_LCCN2004663694.png,Photographs by Carl Van Vechten,Public domain,2026-09-04
Portrait of Zora Neale Hurston LCCN2004663047.jpg,https://commons.wikimedia.org/wiki/File:Portrait_of_Zora_Neale_Hurston_LCCN2004663047.jpg,https://upload.wikimedia.org/wikipedia/commons/a/ae/Portrait_of_Zora_Neale_Hurston_LCCN2004663047.jpg,Photographs by Carl Van Vechten,Public domain,2026-09-05
"Robert McFerrin, baritone, half-length portrait, facing front LCCN2005696349.tif",https://commons.wikimedia.org/wiki/File:Robert_McFerrin%2C_baritone%2C_half-length_portrait%2C_facing_front_LCCN2005696349.tif,https://upload.wikimedia.org/wikipedia/commons/1/17/Robert_McFerrin%2C_baritone%2C_half-length_portrait%2C_facing_front_LCCN2005696349.tif,PD Van Vechten,Public domain,2026-09-21
"Salvador Dalí by Carl Van Vechten, 1934.jpg",https://commons.wikimedia.org/wiki/File:Salvador_Dal%C3%AD_by_Carl_Van_Vechten%2C_1934.jpg,https://upload.wikimedia.org/wikipedia/commons/a/a3/Salvador_Dal%C3%AD_by_Carl_Van_Vechten%2C_1934.jpg,Photographs by Carl Van Vechten,Public domain,2026-08-30
Thomas Mann 1937.jpg,https://commons.wikimedia.org/wiki/File:Thomas_Mann_1937.jpg,https://upload.wikimedia.org/wikipedia/commons/9/92/Thomas_Mann_1937.jpg,Photographs by Carl Van Vechten,Public domain,2026-09-05
Truman Capote 1948.jpg,https://commons.wikimedia.org/wiki/File:Truman_Capote_1948.jpg,https://upload.wikimedia.org/wikipedia/commons/e/ea/Truman_Capote_1948.jpg,Photographs by Carl Van Vechten,Public domain,2026-09-03
Tyrone Power 1953 John Browns Body.jpg,https://commons.wikimedia.org/wiki/File:Tyrone_Power_1953_John_Browns_Body.jpg,https://upload.wikimedia.org/wikipedia/commons/1/11/Tyrone_Power_1953_John_Browns_Body.jpg,Photographs by Carl Van Vechten,Public domain,2026-09-04
"Victor Kraft, 1935.jpg",https://commons.wikimedia.org/wiki/File:Victor_Kraft%2C_1935.jpg,https://upload.wikimedia.org/wikipedia/commons/1/1f/Victor_Kraft%2C_1935.jpg,Photographs by Carl Van Vechten,Public domain,2026-09-02
W. C. Handy (1941 Van Vechten portrait).jpg,https://commons.wikimedia.org/wiki/File:W._C._Handy_%281941_Van_Vechten_portrait%29.jpg,https://upload.wikimedia.org/wikipedia/commons/a/a7/W._C._Handy_%281941_Van_Vechten_portrait%29.jpg,Photographs by Carl Van Vechten,Public domain,2026-09-03
Zora Neale Hurston (1938).jpg,https://commons.wikimedia.org/wiki/File:Zora_Neale_Hurston_%281938%29.jpg,https://upload.wikimedia.org/wikipedia/commons/b/b9/Zora_Neale_Hurston_%281938%29.jpg,Photographs by Carl Van Vechten,Public domain,2026-09-01
Pustni karneval v Mariboru 1961 (1).jpg,https://commons.wikimedia.org/wiki/File:Pustni_karneval_v_Mariboru_1961_%281%29.jpg,https://upload.wikimedia.org/wikipedia/commons/d/d8/Pustni_karneval_v_Mariboru_1961_%281%29.jpg,Cosplay of Charlie Chaplin,Public domain,2026-09-04
Alexandra Danilova - VanVechten.jpg,https://commons.wikimedia.org/wiki/File:Alexandra_Danilova_-_VanVechten.jpg,https://upload.wikimedia.org/wikipedia/commons/8/8b/Alexandra_Danilova_-_VanVechten.jpg,Photographs by Carl Van Vechten (flat list),Public domain,2026-09-03
Arna Bontemps (1939) - Original.tiff,https://commons.wikimedia.org/wiki/File:Arna_Bontemps_%281939%29_-_Original.tiff,https://upload.wikimedia.org/wikipedia/commons/b/b5/Arna_Bontemps_%281939%29_-_Original.tiff,Photographs by Carl Van Vechten (flat list),Public domain,2026-09-21
Bessie Smith (1936) by Carl Van Vechten - Original.tif,https://commons.wikimedia.org/wiki/File:Bessie_Smith_%281936%29_by_Carl_Van_Vechten_-_Original.tif,https://upload.wikimedia.org/wikipedia/commons/2/28/Bessie_Smith_%281936%29_by_Carl_Van_Vechten_-_Original.tif,Photographs by Carl Van Vechten (flat list),Public domain,2026-09-21
"Bessie Smith, three-quarter length portrait, standing, facing front, with left hand raised LCCN2004663575.jpg",https://commons.wikimedia.org/wiki/File:Bessie_Smith%2C_three-quarter_length_portrait%2C_standing%2C_facing_front%2C_with_left_hand_raised_LCCN2004663575.jpg,https://upload.wikimedia.org/wikipedia/commons/a/a3/Bessie_Smith%2C_three-quarter_length_portrait%2C_standing%2C_facing_front%2C_with_left_hand_raised_LCCN2004663575.jpg,Photographs by Carl Van Vechten (flat list),Public domain,2026-09-03
Billie Holiday 1949.jpg,https://commons.wikimedia.org/wiki/File:Billie_Holiday_1949.jpg,https://upload.wikimedia.org/wikipedia/commons/5/5e/Billie_Holiday_1949.jpg,Photographs by Carl Van Vechten (flat list),Public domain,2026-09-03
Carl van Vechten - Francis Scott Fitzgerald 1937.jpg,https://commons.wikimedia.org/wiki/File:Carl_van_Vechten_-_Francis_Scott_Fitzgerald_1937.jpg,https://upload.wikimedia.org/wikipedia/commons/d/d8/Carl_van_Vechten_-_Francis_Scott_Fitzgerald_1937.jpg,Photographs by Carl Van Vechten (flat list),Public domain,2026-09-03
Carl Van Vechten - Shirley Graham Du Bois - Original.png,https://commons.wikimedia.org/wiki/File:Carl_Van_Vechten_-_Shirley_Graham_Du_Bois_-_Original.png,https://upload.wikimedia.org/wikipedia/commons/5/52/Carl_Van_Vechten_-_Shirley_Graham_Du_Bois_-_Original.png,Photographs by Carl Van Vechten (flat list),Public domain,2026-09-21
Carl Van Vechten 1934.jpg,https://commons.wikimedia.org/wiki/File:Carl_Van_Vechten_1934.jpg,https://upload.wikimedia.org/wikipedia/commons/d/dc/Carl_Van_Vechten_1934.jpg,Photographs by Carl Van Vechten (flat list),Public domain,2026-08-27
Dave Brubeck 1954.jpg,https://commons.wikimedia.org/wiki/File:Dave_Brubeck_1954.jpg,https://upload.wikimedia.org/wikipedia/commons/d/d0/Dave_Brubeck_1954.jpg,Photographs by Carl Van Vechten (flat list),Public domain,2026-09-04
Ella Fitzgerald (1940).jpg,https://commons.wikimedia.org/wiki/File:Ella_Fitzgerald_%281940%29.jpg,https://upload.wikimedia.org/wikipedia/commons/3/3f/Ella_Fitzgerald_%281940%29.jpg,Photographs by Carl Van Vechten (flat list),Public domain,2026-09-05
EllaFitzgeraldvv.jpg,https://commons.wikimedia.org/wiki/File:EllaFitzgeraldvv.jpg,https://upload.wikimedia.org/wikipedia/commons/5/54/EllaFitzgeraldvv.jpg,Photographs by Carl Van Vechten (flat list),Public domain,2026-09-03
Francis Scott Fitzgerald 1937 June 4 (2) (photo by Carl van Vechten).jpg,https://commons.wikimedia.org/wiki/File:Francis_Scott_Fitzgerald_1937_June_4_%282%29_%28photo_by_Carl_van_Vechten%29.jpg,https://upload.wikimedia.org/wikipedia/commons/4/4d/Francis_Scott_Fitzgerald_1937_June_4_%282%29_%28photo_by_Carl_van_Vechten%29.jpg,Photographs by Carl Van Vechten (flat list),Public domain,2026-09-03
"George M. Cohan, head-and-shoulders portrait LCCN2004662717.jpg",https://commons.wikimedia.org/wiki/File:George_M._Cohan%2C_head-and-shoulders_portrait_LCCN2004662717.jpg,https://upload.wikimedia.org/wikipedia/commons/d/d5/George_M._Cohan%2C_head-and-shoulders_portrait_LCCN2004662717.jpg,Photographs by Carl Van Vechten (flat list),Public domain,2026-09-04
"Hugh Walpole, 1934.jpg",https://commons.wikimedia.org/wiki/File:Hugh_Walpole%2C_1934.jpg,https://upload.wikimedia.org/wikipedia/commons/f/f0/Hugh_Walpole%2C_1934.jpg,Photographs by Carl Van Vechten (flat list),Public domain,2026-09-02
"Isherwood and Auden by Carl van Vechten, 1939.jpg",https://commons.wikimedia.org/wiki/File:Isherwood_and_Auden_by_Carl_van_Vechten%2C_1939.jpg,https://upload.wikimedia.org/wikipedia/commons/f/fd/Isherwood_and_Auden_by_Carl_van_Vechten%2C_1939.jpg,Photographs by Carl Van Vechten (flat list),Public domain,2026-08-31
Jimmie Daniels July 1940.jpg,https://commons.wikimedia.org/wiki/File:Jimmie_Daniels_July_1940.jpg,https://upload.wikimedia.org/wikipedia/commons/4/4f/Jimmie_Daniels_July_1940.jpg,Photographs by Carl Van Vechten (flat list),Public domain,2026-08-31
Josephine Baker 1951.jpg,https://commons.wikimedia.org/wiki/File:Josephine_Baker_1951.jpg,https://upload.wikimedia.org/wikipedia/commons/e/ef/Josephine_Baker_1951.jpg,Photographs by Carl Van Vechten (flat list),Public domain,2026-09-02
"Judith Anderson, half-length portrait, reclining, clutching flowers, facing right LCCN2005696450.jpg",https://commons.wikimedia.org/wiki/File:Judith_Anderson%2C_half-length_portrait%2C_reclining%2C_clutching_flowers%2C_facing_right_LCCN2005696450.jpg,https://upload.wikimedia.org/wikipedia/commons/f/fc/Judith_Anderson%2C_half-length_portrait%2C_reclining%2C_clutching_flowers%2C_facing_right_LCCN2005696450.jpg,Photographs by Carl Van Vechten (flat list),Public domain,2026-09-04
Katherine Dunham by Van Vechten cph.3b46690.jpg,https://commons.wikimedia.org/wiki/File:Katherine_Dunham_by_Van_Vechten_cph.3b46690.jpg,https://upload.wikimedia.org/wikipedia/commons/f/f9/Katherine_Dunham_by_Van_Vechten_cph.3b46690.jpg,Photographs by Carl Van Vechten (flat list),Public domain,2026-09-06
KayHalleVanVechten1938.jpg,https://commons.wikimedia.org/wiki/File:KayHalleVanVechten1938.jpg,https://upload.wikimedia.org/wikipedia/commons/e/ec/KayHalleVanVechten1938.jpg,Photographs by Carl Van Vechten (flat list),Public domain,2026-09-03
Langston Hughes by Carl Van Vechten 1936.jpg,https://commons.wikimedia.org/wiki/File:Langston_Hughes_by_Carl_Van_Vechten_1936.jpg,https://upload.wikimedia.org/wikipedia/commons/2/21/Langston_Hughes_by_Carl_Van_Vechten_1936.jpg,Photographs by Carl Van Vechten (flat list),Public domain,2026-09-05
Laurence Olivier (borders removed).jpg,https://commons.wikimedia.org/wiki/File:Laurence_Olivier_%28borders_removed%29.jpg,https://upload.wikimedia.org/wikipedia/commons/5/57/Laurence_Olivier_%28borders_removed%29.jpg,Photographs by Carl Van Vechten (flat list),Public domain,2026-09-05
Laurence Olivier Carl Van Vechten portrait 2.jpg,https://commons.wikimedia.org/wiki/File:Laurence_Olivier_Carl_Van_Vechten_portrait_2.jpg,https://upload.wikimedia.org/wikipedia/commons/a/a8/Laurence_Olivier_Carl_Van_Vechten_portrait_2.jpg,Photographs by Carl Van Vechten (flat list),Public domain,2026-08-27
Lena Horne - 1941.jpg,https://commons.wikimedia.org/wiki/File:Lena_Horne_-_1941.jpg,https://upload.wikimedia.org/wikipedia/commons/6/60/Lena_Horne_-_1941.jpg,Photographs by Carl Van Vechten (flat list),Public domain,2026-09-03
Louis-Bromfield-1933.jpg,https://commons.wikimedia.org/wiki/File:Louis-Bromfield-1933.jpg,https://upload.wikimedia.org/wikipedia/commons/b/b8/Louis-Bromfield-1933.jpg,Photographs by Carl Van Vechten (flat list),Public domain,2026-09-02
Marc Chagall 1941.jpg,https://commons.wikimedia.org/wiki/File:Marc_Chagall_1941.jpg,https://upload.wikimedia.org/wikipedia/commons/3/35/Marc_Chagall_1941.jpg,Photographs by Carl Van Vechten (flat list),Public domain,2026-09-02
Marian Anderson.png,https://commons.wikimedia.org/wiki/File:Marian_Anderson.png,https://upload.wikimedia.org/wikipedia/commons/9/97/Marian_Anderson.png,Photographs by Carl Van Vechten (flat list),Public domain,2026-09-21
Noble Sissle 2.jpg,https://commons.wikimedia.org/wiki/File:Noble_Sissle_2.jpg,https://upload.wikimedia.org/wikipedia/commons/f/fa/Noble_Sissle_2.jpg,Photographs by Carl Van Vechten (flat list),Public domain,2026-09-04
"Old windmill, Eastham, Cape Cod, Massachusetts LCCN2004663801.jpg",https://commons.wikimedia.org/wiki/File:Old_windmill%2C_Eastham%2C_Cape_Cod%2C_Massachusetts_LCCN2004663801.jpg,https://upload.wikimedia.org/wikipedia/commons/d/d3/Old_windmill%2C_Eastham%2C_Cape_Cod%2C_Massachusetts_LCCN2004663801.jpg,Photographs by Carl Van Vechten (flat list),Public domain,2026-09-05
Orson Welles 1937 cropped.jpg,https://commons.wikimedia.org/wiki/File:Orson_Welles_1937_cropped.jpg,https://upload.wikimedia.org/wikipedia/commons/6/6f/Orson_Welles_1937_cropped.jpg,Photographs by Carl Van Vechten (flat list),Public domain,2026-08-30
Orson Welles 1937.jpg,https://commons.wikimedia.org/wiki/File:Orson_Welles_1937.jpg,https://upload.wikimedia.org/wikipedia/commons/f/ff/Orson_Welles_1937.jpg,Photographs by Carl Van Vechten (flat list),Public domain,2026-08-28
Portrait of actress Claire Luce LCCN2004663221.jpg,https://commons.wikimedia.org/wiki/File:Portrait_of_actress_Claire_Luce_LCCN2004663221.jpg,https://upload.wikimedia.org/wikipedia/commons/4/44/Portrait_of_actress_Claire_Luce_LCCN2004663221.jpg,Photographs by Carl Van Vechten (flat list),Public domain,2026-08-27
Portrait of Adele Addison LCCN2004662474.jpg,https://commons.wikimedia.org/wiki/File:Portrait_of_Adele_Addison_LCCN2004662474.jpg,https://upload.wikimedia.org/wikipedia/commons/7/77/Portrait_of_Adele_Addison_LCCN2004662474.jpg,Photographs by Carl Van Vechten (flat list),Public domain,2026-09-05
"Portrait of Adolfo Mas, Barcelona LCCN2004663293.jpg",https://commons.wikimedia.org/wiki/File:Portrait_of_Adolfo_Mas%2C_Barcelona_LCCN2004663293.jpg,https://upload.wikimedia.org/wikipedia/commons/7/77/Portrait_of_Adolfo_Mas%2C_Barcelona_LCCN2004663293.jpg,Photographs by Carl Van Vechten (flat list),Public domain,2026-08-27
Portrait of Alfred Stieglitz 1935 Apr 17.jpg,https://commons.wikimedia.org/wiki/File:Portrait_of_Alfred_Stieglitz_1935_Apr_17.jpg,https://upload.wikimedia.org/wikipedia/commons/3/3f/Portrait_of_Alfred_Stieglitz_1935_Apr_17.jpg,Photographs by Carl Van Vechten (flat list),Public domain,2026-09-01
Portrait of Alvin Ailey LCCN2004662475.jpg,https://commons.wikimedia.org/wiki/File:Portrait_of_Alvin_Ailey_LCCN2004662475.jpg,https://upload.wikimedia.org/wikipedia/commons/7/7d/Portrait_of_Alvin_Ailey_LCCN2004662475.jpg,Photographs by Carl Van Vechten (flat list),Public domain,2026-08-30
Portrait of Alvin Ailey LCCN2004662476.jpg,https://commons.wikimedia.org/wiki/File:Portrait_of_Alvin_Ailey_LCCN2004662476.jpg,https://upload.wikimedia.org/wikipedia/commons/0/02/Portrait_of_Alvin_Ailey_LCCN2004662476.jpg,Photographs by Carl Van Vechten (flat list),Public domain,2026-08-31
Portrait of Alvin Ailey LCCN2004662477.jpg,https://commons.wikimedia.org/wiki/File:Portrait_of_Alvin_Ailey_LCCN2004662477.jpg,https://upload.wikimedia.org/wikipedia/commons/8/8f/Portrait_of_Alvin_Ailey_LCCN2004662477.jpg,Photographs by Carl Van Vechten (flat list),Public domain,2026-09-03
Portrait of Alvin Ailey LCCN2004662478.jpg,https://commons.wikimedia.org/wiki/File:Portrait_of_Alvin_Ailey_LCCN2004662478.jpg,https://upload.wikimedia.org/wikipedia/commons/8/8c/Portrait_of_Alvin_Ailey_LCCN2004662478.jpg,Photographs by Carl Van Vechten (flat list),Public domain,2026-08-29
Portrait of Alvin Ailey LCCN2004662479.jpg,https://commons.wikimedia.org/wiki/File:Portrait_of_Alvin_Ailey_LCCN2004662479.jpg,https://upload.wikimedia.org/wikipedia/commons/a/a9/Portrait_of_Alvin_Ailey_LCCN2004662479.jpg,Photographs by Carl Van Vechten (flat list),Public domain,2026-09-02
Portrait of Alvin Ailey LCCN2004662480.jpg,https://commons.wikimedia.org/wiki/File:Portrait_of_Alvin_Ailey_LCCN2004662480.jpg,https://upload.wikimedia.org/wikipedia/commons/d/d9/Portrait_of_Alvin_Ailey_LCCN2004662480.jpg,Photographs by Carl Van Vechten (flat list),Public domain,2026-08-30
Portrait of Arna Bontemps LCCN2004662610.jpg,https://commons.wikimedia.org/wiki/File:Portrait_of_Arna_Bontemps_LCCN2004662610.jpg,https://upload.wikimedia.org/wikipedia/commons/e/ed/Portrait_of_Arna_Bontemps_LCCN2004662610.jpg,Photographs by Carl Van Vechten (flat list),Public domain,2026-09-04
Portrait of Arthur Schwartz LCCN2004663539.jpg,https://commons.wikimedia.org/wiki/File:Portrait_of_Arthur_Schwartz_LCCN2004663539.jpg,https://upload.wikimedia.org/wikipedia/commons/3/30/Portrait_of_Arthur_Schwartz_LCCN2004663539.jpg,Photographs by Carl Van Vechten (flat list),Public domain,2026-09-06
Portrait of Barbara Bel Geddes LCCN2004662581.jpg,https://commons.wikimedia.org/wiki/File:Portrait_of_Barbara_Bel_Geddes_LCCN2004662581.jpg,https://upload.wikimedia.org/wikipedia/commons/3/3a/Portrait_of_Barbara_Bel_Geddes_LCCN2004662581.jpg,Photographs by Carl Van Vechten (flat list),Public domain,2026-09-02
Portrait of Bessie Smith LCCN2004663576.jpg,https://commons.wikimedia.org/wiki/File:Portrait_of_Bessie_Smith_LCCN2004663576.jpg,https://upload.wikimedia.org/wikipedia/commons/2/21/Portrait_of_Bessie_Smith_LCCN2004663576.jpg,Photographs by Carl Van Vechten (flat list),Public domain,2026-08-30
Portrait of Bill Robinson LCCN2004663522.jpg,https://commons.wikimedia.org/wiki/File:Portrait_of_Bill_Robinson_LCCN2004663522.jpg,https://upload.wikimedia.org/wikipedia/commons/2/2e/Portrait_of_Bill_Robinson_LCCN2004663522.jpg,Photographs by Carl Van Vechten (flat list),Public domain,2026-08-31
Portrait of Billie Holiday LCCN2004663021.jpg,https://commons.wikimedia.org/wiki/File:Portrait_of_Billie_Holiday_LCCN2004663021.jpg,https://upload.wikimedia.org/wikipedia/commons/0/0b/Portrait_of_Billie_Holiday_LCCN2004663021.jpg,Photographs by Carl Van Vechten (flat list),Public domain,2026-09-04
Portrait of Chippie Hill LCCN2004663008.jpg,https://commons.wikimedia.org/wiki/File:Portrait_of_Chippie_Hill_LCCN2004663008.jpg,https://upload.wikimedia.org/wikipedia/commons/b/b9/Portrait_of_Chippie_Hill_LCCN2004663008.jpg,Photographs by Carl Van Vechten (flat list),Public domain,2026-09-05
Portrait of Dr. W.E.B. Du Bois LCCN2004662838.jpg,https://commons.wikimedia.org/wiki/File:Portrait_of_Dr._W.E.B._Du_Bois_LCCN2004662838.jpg,https://upload.wikimedia.org/wikipedia/commons/7/78/Portrait_of_Dr._W.E.B._Du_Bois_LCCN2004662838.jpg,Photographs by Carl Van Vechten (flat list),Public domain,2026-09-06
"Portrait of Georgia O'Keeffe, Abiquiu, N.M. LCCN2004663416.jpg",https://commons.wikimedia.org/wiki/File:Portrait_of_Georgia_O%27Keeffe%2C_Abiquiu%2C_N.M._LCCN2004663416.jpg,https://upload.wikimedia.org/wikipedia/commons/6/6e/Portrait_of_Georgia_O%27Keeffe%2C_Abiquiu%2C_N.M._LCCN2004663416.jpg,Photographs by Carl Van Vechten (flat list),Public domain,2026-08-30
Self-Portrait of Carl Van Vechten Crisco edit.jpg,https://commons.wikimedia.org/wiki/File:Self-Portrait_of_Carl_Van_Vechten_Crisco_edit.jpg,https://upload.wikimedia.org/wikipedia/commons/2/2c/Self-Portrait_of_Carl_Van_Vechten_Crisco_edit.jpg,Photographs by Carl Van Vechten (flat list),Public domain,2026-09-05
Self-Portrait of Carl Van Vechten.jpg,https://commons.wikimedia.org/wiki/File:Self-Portrait_of_Carl_Van_Vechten.jpg,https://upload.wikimedia.org/wikipedia/commons/5/5c/Self-Portrait_of_Carl_Van_Vechten.jpg,Photographs by Carl Van Vechten (flat list),Public domain,2026-09-04
"Portrait of Marc Chagall, 1941.jpg",https://commons.wikimedia.org/wiki/File:Portrait_of_Marc_Chagall%2C_1941.jpg,https://upload.wikimedia.org/wikipedia/commons/5/59/Portrait_of_Marc_Chagall%2C_1941.jpg,Photographs of men by Carl Van Vechten,Public domain,2026-09-03
"Victorian house, Brunswick, Maine LCCN2004663779.jpg",https://commons.wikimedia.org/wiki/File:Victorian_house%2C_Brunswick%2C_Maine_LCCN2004663779.jpg,https://upload.wikimedia.org/wikipedia/commons/1/1e/Victorian_house%2C_Brunswick%2C_Maine_LCCN2004663779.jpg,Non-portrait photographs by Carl Van Vechten,Public domain,2026-09-06
Gertrude Stein 1935-01-04.tif,https://commons.wikimedia.org/wiki/File:Gertrude_Stein_1935-01-04.tif,https://upload.wikimedia.org/wikipedia/commons/8/8c/Gertrude_Stein_1935-01-04.tif,PD Van Vechten,Public domain,2026-09-21
Orson Welles 1937 cr3-4.jpg,https://commons.wikimedia.org/wiki/File:Orson_Welles_1937_cr3-4.jpg,https://upload.wikimedia.org/wikipedia/commons/b/bc/Orson_Welles_1937_cr3-4.jpg,PD Van Vechten,Public domain,2026-09-02
Portrait of Al Bledger LCCN2004662604.tif,https://commons.wikimedia.org/wiki/File:Portrait_of_Al_Bledger_LCCN2004662604.tif,https://upload.wikimedia.org/wikipedia/commons/8/8f/Portrait_of_Al_Bledger_LCCN2004662604.tif,PD Van Vechten,Public domain,2026-09-21
Portrait of Antony Armstrong-Jones LCCN2004662529.tif,https://commons.wikimedia.org/wiki/File:Portrait_of_Antony_Armstrong-Jones_LCCN2004662529.tif,https://upload.wikimedia.org/wikipedia/commons/8/82/Portrait_of_Antony_Armstrong-Jones_LCCN2004662529.tif,PD Van Vechten,Public domain,2026-09-21
Portrait of Artur Rubinstein LCCN2004663528.tif,https://commons.wikimedia.org/wiki/File:Portrait_of_Artur_Rubinstein_LCCN2004663528.tif,https://upload.wikimedia.org/wikipedia/commons/e/ee/Portrait_of_Artur_Rubinstein_LCCN2004663528.tif,PD Van Vechten,Public domain,2026-09-21
Portrait of Blanche Dunn - 3c33719u - Original.tif,https://commons.wikimedia.org/wiki/File:Portrait_of_Blanche_Dunn_-_3c33719u_-_Original.tif,https://upload.wikimedia.org/wikipedia/commons/1/15/Portrait_of_Blanche_Dunn_-_3c33719u_-_Original.tif,PD Van Vechten,Public domain,2026-09-21
Portrait of Chaim Gross LCCN2004662967.tif,https://commons.wikimedia.org/wiki/File:Portrait_of_Chaim_Gross_LCCN2004662967.tif,https://upload.wikimedia.org/wikipedia/commons/f/ff/Portrait_of_Chaim_Gross_LCCN2004662967.tif,PD Van Vechten,Public domain,2026-09-21
Portrait of Edna St. Vincent Millay.tif,https://commons.wikimedia.org/wiki/File:Portrait_of_Edna_St._Vincent_Millay.tif,https://upload.wikimedia.org/wikipedia/commons/c/c1/Portrait_of_Edna_St._Vincent_Millay.tif,PD Van Vechten,Public domain,2026-09-21
"Portrait of Frieda Lawrence, Taos, N.M. LCCN2004663190.tif",https://commons.wikimedia.org/wiki/File:Portrait_of_Frieda_Lawrence%2C_Taos%2C_N.M._LCCN2004663190.tif,https://upload.wikimedia.org/wikipedia/commons/d/d0/Portrait_of_Frieda_Lawrence%2C_Taos%2C_N.M._LCCN2004663190.tif,PD Van Vechten,Public domain,2026-09-21
Portrait of George Gershwin LCCN2004662906.tif,https://commons.wikimedia.org/wiki/File:Portrait_of_George_Gershwin_LCCN2004662906.tif,https://upload.wikimedia.org/wikipedia/commons/6/64/Portrait_of_George_Gershwin_LCCN2004662906.tif,PD Van Vechten,Public domain,2026-09-21
Portrait of Harold Arlen LCCN2004662523.tif,https://commons.wikimedia.org/wiki/File:Portrait_of_Harold_Arlen_LCCN2004662523.tif,https://upload.wikimedia.org/wikipedia/commons/0/02/Portrait_of_Harold_Arlen_LCCN2004662523.tif,PD Van Vechten,Public domain,2026-09-21
Portrait of Henry Armstrong LCCN2004662526.tif,https://commons.wikimedia.org/wiki/File:Portrait_of_Henry_Armstrong_LCCN2004662526.tif,https://upload.wikimedia.org/wikipedia/commons/d/d6/Portrait_of_Henry_Armstrong_LCCN2004662526.tif,PD Van Vechten,Public domain,2026-09-21
Portrait of James Weldon Johnson LCCN2004663098.tif,https://commons.wikimedia.org/wiki/File:Portrait_of_James_Weldon_Johnson_LCCN2004663098.tif,https://upload.wikimedia.org/wikipedia/commons/9/98/Portrait_of_James_Weldon_Johnson_LCCN2004663098.tif,PD Van Vechten,Public domain,2026-09-21
Portrait of Samuel Barber LCCN2004662567.tif,https://commons.wikimedia.org/wiki/File:Portrait_of_Samuel_Barber_LCCN2004662567.tif,https://upload.wikimedia.org/wikipedia/commons/f/f5/Portrait_of_Samuel_Barber_LCCN2004662567.tif,PD Van Vechten,Public domain,2026-09-21
Portrait of Sherwood Anderson LCCN2004662519.tif,https://commons.wikimedia.org/wiki/File:Portrait_of_Sherwood_Anderson_LCCN2004662519.tif,https://upload.wikimedia.org/wikipedia/commons/8/8b/Portrait_of_Sherwood_Anderson_LCCN2004662519.tif,PD Van Vechten,Public domain,2026-09-21
Portrait of Thomas Benton LCCN2004662593.tif,https://commons.wikimedia.org/wiki/File:Portrait_of_Thomas_Benton_LCCN2004662593.tif,https://upload.wikimedia.org/wikipedia/commons/f/fc/Portrait_of_Thomas_Benton_LCCN2004662593.tif,PD Van Vechten,Public domain,2026-09-21
Portrait of Willa Cather LCCN2004662684.tif,https://commons.wikimedia.org/wiki/File:Portrait_of_Willa_Cather_LCCN2004662684.tif,https://upload.wikimedia.org/wikipedia/commons/c/c6/Portrait_of_Willa_Cather_LCCN2004662684.tif,PD Van Vechten,Public domain,2026-09-21
Lana Turner - Keep Your Powder Dry headshot (cropped).jpg,https://commons.wikimedia.org/wiki/File:Lana_Turner_-_Keep_Your_Powder_Dry_headshot_%28cropped%29.jpg,https://upload.wikimedia.org/wikipedia/commons/6/63/Lana_Turner_-_Keep_Your_Powder_Dry_headshot_%28cropped%29.jpg,Lana Turner in 1945,Public domain,2026-08-27
Lana Turner 1972.jpg,https://commons.wikimedia.org/wiki/File:Lana_Turner_1972.jpg,https://upload.wikimedia.org/wikipedia/commons/archive/9/90/20190804051531%21Lana_Turner_1972.jpg,Lana Turner in 1972,Public domain,GONE
Olivia de Havilland Publicity Photo 1940s.jpg,https://commons.wikimedia.org/wiki/File:Olivia_de_Havilland_Publicity_Photo_1940s.jpg,https://upload.wikimedia.org/wikipedia/commons/1/1f/Olivia_de_Havilland_Publicity_Photo_1940s.jpg,Olivia de Havilland,Public domain,2026-09-06
William Holden 1955.JPG,https://commons.wikimedia.org/wiki/File:William_Holden_1955.JPG,https://upload.wikimedia.org/wikipedia/commons/d/d0/William_Holden_1955.JPG,William Holden,Public domain,2026-09-03
Alan Ladd 1948.JPG,https://commons.wikimedia.org/wiki/File:Alan_Ladd_1948.JPG,https://upload.wikimedia.org/wikipedia/commons/6/6c/Alan_Ladd_1948.JPG,Alan Ladd,Public domain,2026-09-05
Dean Martin 1948.jpg,https://commons.wikimedia.org/wiki/File:Dean_Martin_1948.jpg,https://upload.wikimedia.org/wikipedia/commons/7/7b/Dean_Martin_1948.jpg,Dean Martin,Public domain,2026-09-02
Dean Martin 1957.jpg,https://commons.wikimedia.org/wiki/File:Dean_Martin_1957.jpg,https://upload.wikimedia.org/wikipedia/commons/d/d6/Dean_Martin_1957.jpg,Dean Martin,Public domain,2026-09-01
Dean Martin 1959.jpg,https://commons.wikimedia.org/wiki/File:Dean_Martin_1959.jpg,https://upload.wikimedia.org/wikipedia/commons/4/42/Dean_Martin_1959.jpg,Dean Martin,Public domain,2026-08-30
Ona Munson by Carl Van Vechten (1932).jpg,https://commons.wikimedia.org/wiki/File:Ona_Munson_by_Carl_Van_Vechten_%281932%29.jpg,https://upload.wikimedia.org/wikipedia/commons/8/88/Ona_Munson_by_Carl_Van_Vechten_%281932%29.jpg,Photographs by Carl Van Vechten,Public domain,2026-09-05
Portrait of George Gershwin LCCN2004662906.jpg,https://commons.wikimedia.org/wiki/File:Portrait_of_George_Gershwin_LCCN2004662906.jpg,https://upload.wikimedia.org/wikipedia/commons/7/72/Portrait_of_George_Gershwin_LCCN2004662906.jpg,Photographs by Carl Van Vechten,Public domain,2026-09-04
"Robert McFerrin, baritone, half-length portrait, facing front LCCN2005696349.jpg",https://commons.wikimedia.org/wiki/File:Robert_McFerrin%2C_baritone%2C_half-length_portrait%2C_facing_front_LCCN2005696349.jpg,https://upload.wikimedia.org/wikipedia/commons/d/dc/Robert_McFerrin%2C_baritone%2C_half-length_portrait%2C_facing_front_LCCN2005696349.jpg,Photographs by Carl Van Vechten,Public domain,2026-09-01
Salvador Dalí Paris 1934 restored.jpg,https://commons.wikimedia.org/wiki/File:Salvador_Dal%C3%AD_Paris_1934_restored.jpg,https://upload.wikimedia.org/wikipedia/commons/4/47/Salvador_Dal%C3%AD_Paris_1934_restored.jpg,Photographs by Carl Van Vechten,Public domain,2026-09-05
تبلیغ پاک قبل از انقلاب توسط مریلین مونرو.jpg,https://commons.wikimedia.org/wiki/File:%D8%AA%D8%A8%D9%84%DB%8C%D8%BA_%D9%BE%D8%A7%DA%A9_%D9%82%D8%A8%D9%84_%D8%A7%D8%B2_%D8%A7%D9%86%D9%82%D9%84%D8%A7%D8%A8_%D8%AA%D9%88%D8%B3%D8%B7_%D9%85%D8%B1%DB%8C%D9%84%DB%8C%D9%86_%D9%85%D9%88%D9%86%D8%B1%D9%88.jpg,https://upload.wikimedia.org/wikipedia/commons/e/ec/%D8%AA%D8%A8%D9%84%DB%8C%D8%BA_%D9%BE%D8%A7%DA%A9_%D9%82%D8%A8%D9%84_%D8%A7%D8%B2_%D8%A7%D9%86%D9%82%D9%84%D8%A7%D8%A8_%D8%AA%D9%88%D8%B3%D8%B7_%D9%85%D8%B1%DB%8C%D9%84%DB%8C%D9%86_%D9%85%D9%88%D9%86%D8%B1%D9%88.jpg,Marilyn Monroe,Public domain,2026-08-28
Rita Hayworth 1940s.jpg,https://commons.wikimedia.org/wiki/File:Rita_Hayworth_1940s.jpg,https://upload.wikimedia.org/wikipedia/commons/f/f1/Rita_Hayworth_1940s.jpg,Rita Hayworth,Public domain,2026-08-30
1930 - Embassy - Strand Theaters - 9 Nov MC - Allentown PA.jpg,https://commons.wikimedia.org/wiki/File:1930_-_Embassy_-_Strand_Theaters_-_9_Nov_MC_-_Allentown_PA.jpg,https://upload.wikimedia.org/wikipedia/commons/4/45/1930_-_Embassy_-_Strand_Theaters_-_9_Nov_MC_-_Allentown_PA.jpg,Clara Bow,Public domain,2026-09-03
Clara Bow in scantily clad dress in the 1933 film Hoopla.webp,https://commons.wikimedia.org/wiki/File:Clara_Bow_in_scantily_clad_dress_in_the_1933_film_Hoopla.webp,https://upload.wikimedia.org/wikipedia/commons/9/9e/Clara_Bow_in_scantily_clad_dress_in_the_1933_film_Hoopla.webp,Clara Bow,Public domain,2026-09-05
Clara Bow LCCN2014712579.jpg,https://commons.wikimedia.org/wiki/File:Clara_Bow_LCCN2014712579.jpg,https://upload.wikimedia.org/wikipedia/commons/d/d0/Clara_Bow_LCCN2014712579.jpg,Clara Bow,Public domain,2026-09-04
Chehalis Dream Theatre 01.jpg,https://commons.wikimedia.org/wiki/File:Chehalis_Dream_Theatre_01.jpg,https://upload.wikimedia.org/wikipedia/commons/4/49/Chehalis_Dream_Theatre_01.jpg,Mary Pickford,Public domain,2026-09-03
DIL Pickering Works - Mary Pickford visit.png,https://commons.wikimedia.org/wiki/File:DIL_Pickering_Works_-_Mary_Pickford_visit.png,https://upload.wikimedia.org/wikipedia/commons/9/91/DIL_Pickering_Works_-_Mary_Pickford_visit.png,Mary Pickford,Public domain,2026-08-31
Mary Pickford when she first went on stage.jpg,https://commons.wikimedia.org/wiki/File:Mary_Pickford_when_she_first_went_on_stage.jpg,https://upload.wikimedia.org/wikipedia/commons/6/6a/Mary_Pickford_when_she_first_went_on_stage.jpg,Mary Pickford,Public domain,LOWRES
Hedy Lamarr Jimmy Stewart.jpg,https://commons.wikimedia.org/wiki/File:Hedy_Lamarr_Jimmy_Stewart.jpg,https://upload.wikimedia.org/wikipedia/commons/2/2f/Hedy_Lamarr_Jimmy_Stewart.jpg,Hedy Lamarr,Public domain,2026-08-31
Gene Tierney by A. L. Whitey Schafer 2.jpg,https://commons.wikimedia.org/wiki/File:Gene_Tierney_by_A._L._Whitey_Schafer_2.jpg,https://upload.wikimedia.org/wikipedia/commons/8/86/Gene_Tierney_by_A._L._Whitey_Schafer_2.jpg,Gene Tierney,Public domain,2026-09-04
Vivien Leigh Scarlet.jpg,https://commons.wikimedia.org/wiki/File:Vivien_Leigh_Scarlet.jpg,https://upload.wikimedia.org/wikipedia/commons/b/b6/Vivien_Leigh_Scarlet.jpg,Vivien Leigh,Public domain,2026-09-02
"Elizabeth Taylor, late 1950s.jpg",https://commons.wikimedia.org/wiki/File:Elizabeth_Taylor%2C_late_1950s.jpg,https://upload.wikimedia.org/wikipedia/commons/f/f4/Elizabeth_Taylor%2C_late_1950s.jpg,Elizabeth Taylor,Public domain,2026-08-31
Bette Davis by Elmer Fryer 6.jpg,https://commons.wikimedia.org/wiki/File:Bette_Davis_by_Elmer_Fryer_6.jpg,https://upload.wikimedia.org/wikipedia/commons/2/2b/Bette_Davis_by_Elmer_Fryer_6.jpg,Bette Davis,Public domain,LOWRES
Joan Crawford publ.jpg,https://commons.wikimedia.org/wiki/File:Joan_Crawford_publ.jpg,https://upload.wikimedia.org/wikipedia/commons/3/3b/Joan_Crawford_publ.jpg,Joan Crawford,Public domain,LOWRES
Joan Crawford.jpg,https://commons.wikimedia.org/wiki/File:Joan_Crawford.jpg,https://upload.wikimedia.org/wikipedia/commons/b/b8/Joan_Crawford.jpg,Joan Crawford,Public domain,LOWRES
Invitation to 1 Dover Street.jpg,https://commons.wikimedia.org/wiki/File:Invitation_to_1_Dover_Street.jpg,https://upload.wikimedia.org/wikipedia/commons/c/cd/Invitation_to_1_Dover_Street.jpg,Jean Harlow,Public domain,2026-09-02
Brooks and Menjou 1926.png,https://commons.wikimedia.org/wiki/File:Brooks_and_Menjou_1926.png,https://upload.wikimedia.org/wikipedia/commons/a/a9/Brooks_and_Menjou_1926.png,Louise Brooks,Public domain,2026-08-26
Brooks Louise Richee.jpg,https://commons.wikimedia.org/wiki/File:Brooks_Louise_Richee.jpg,https://upload.wikimedia.org/wikipedia/commons/9/9e/Brooks_Louise_Richee.jpg,Louise Brooks,Public domain,2026-08-28
"Brooks, PB.jpg",https://commons.wikimedia.org/wiki/File:Brooks%2C_PB.jpg,https://upload.wikimedia.org/wikipedia/commons/8/85/Brooks%2C_PB.jpg,Louise Brooks,Public domain,2026-08-31
"Diary of Lost Girl, 1.jpg",https://commons.wikimedia.org/wiki/File:Diary_of_Lost_Girl%2C_1.jpg,https://upload.wikimedia.org/wikipedia/commons/8/81/Diary_of_Lost_Girl%2C_1.jpg,Louise Brooks,Public domain,2026-09-06
"Diary of Lost Girl, 2.jpg",https://commons.wikimedia.org/wiki/File:Diary_of_Lost_Girl%2C_2.jpg,https://upload.wikimedia.org/wikipedia/commons/4/4c/Diary_of_Lost_Girl%2C_2.jpg,Louise Brooks,Public domain,2026-08-26
"Diary of Lost Girl, 3.jpg",https://commons.wikimedia.org/wiki/File:Diary_of_Lost_Girl%2C_3.jpg,https://upload.wikimedia.org/wikipedia/commons/c/c0/Diary_of_Lost_Girl%2C_3.jpg,Louise Brooks,Public domain,2026-09-02
"LB and Evelyn Bren, 1926.jpg",https://commons.wikimedia.org/wiki/File:LB_and_Evelyn_Bren%2C_1926.jpg,https://upload.wikimedia.org/wikipedia/commons/e/ea/LB_and_Evelyn_Bren%2C_1926.jpg,Louise Brooks,Public domain,2026-08-31
"LB and Keenan Thompson screenwriter NWitA, 1927.jpg",https://commons.wikimedia.org/wiki/File:LB_and_Keenan_Thompson_screenwriter_NWitA%2C_1927.jpg,https://upload.wikimedia.org/wikipedia/commons/a/a5/LB_and_Keenan_Thompson_screenwriter_NWitA%2C_1927.jpg,Louise Brooks,Public domain,2026-08-31
LB and Sisters G 1931 ggtw.jpg,https://commons.wikimedia.org/wiki/File:LB_and_Sisters_G_1931_ggtw.jpg,https://upload.wikimedia.org/wikipedia/commons/2/27/LB_and_Sisters_G_1931_ggtw.jpg,Louise Brooks,Public domain,2026-08-27
LB at 12.png,https://commons.wikimedia.org/wiki/File:LB_at_12.png,https://upload.wikimedia.org/wikipedia/commons/5/59/LB_at_12.png,Louise Brooks,Public domain,2026-08-28
LB at 16.jpg,https://commons.wikimedia.org/wiki/File:LB_at_16.jpg,https://upload.wikimedia.org/wikipedia/commons/9/93/LB_at_16.jpg,Louise Brooks,Public domain,2026-09-04
"LB bathing suit, front, 1 of 2.png",https://commons.wikimedia.org/wiki/File:LB_bathing_suit%2C_front%2C_1_of_2.png,https://upload.wikimedia.org/wikipedia/commons/0/00/LB_bathing_suit%2C_front%2C_1_of_2.png,Louise Brooks,Public domain,2026-08-31
LB De Mirjian grin.jpg,https://commons.wikimedia.org/wiki/File:LB_De_Mirjian_grin.jpg,https://upload.wikimedia.org/wikipedia/commons/8/8b/LB_De_Mirjian_grin.jpg,Louise Brooks,Public domain,2026-08-26
LB gog.jpg,https://commons.wikimedia.org/wiki/File:LB_gog.jpg,https://upload.wikimedia.org/wikipedia/commons/1/13/LB_gog.jpg,Louise Brooks,Public domain,2026-09-03
LB Now we're in the air 1927 P703 series.png,https://commons.wikimedia.org/wiki/File:LB_Now_we%27re_in_the_air_1927_P703_series.png,https://upload.wikimedia.org/wikipedia/commons/a/ab/LB_Now_we%27re_in_the_air_1927_P703_series.png,Louise Brooks,Public domain,2026-08-27
"LB Now We're in the Air head scarf, 1927.jpg",https://commons.wikimedia.org/wiki/File:LB_Now_We%27re_in_the_Air_head_scarf%2C_1927.jpg,https://upload.wikimedia.org/wikipedia/commons/f/f7/LB_Now_We%27re_in_the_Air_head_scarf%2C_1927.jpg,Louise Brooks,Public domain,2026-09-05
LB P703-11.jpg,https://commons.wikimedia.org/wiki/File:LB_P703-11.jpg,https://upload.wikimedia.org/wikipedia/commons/3/34/LB_P703-11.jpg,Louise Brooks,Public domain,2026-09-03
LB P703-12.jpg,https://commons.wikimedia.org/wiki/File:LB_P703-12.jpg,https://upload.wikimedia.org/wikipedia/commons/e/e2/LB_P703-12.jpg,Louise Brooks,Public domain,2026-09-04
LB P703-178.jpg,https://commons.wikimedia.org/wiki/File:LB_P703-178.jpg,https://upload.wikimedia.org/wikipedia/commons/3/33/LB_P703-178.jpg,Louise Brooks,Public domain,2026-08-31
LB P703-3.jpg,https://commons.wikimedia.org/wiki/File:LB_P703-3.jpg,https://upload.wikimedia.org/wikipedia/commons/9/97/LB_P703-3.jpg,Louise Brooks,Public domain,2026-09-04
LB P703-37.jpg,https://commons.wikimedia.org/wiki/File:LB_P703-37.jpg,https://upload.wikimedia.org/wikipedia/commons/6/65/LB_P703-37.jpg,Louise Brooks,Public domain,2026-08-29
LB P703-46.jpg,https://commons.wikimedia.org/wiki/File:LB_P703-46.jpg,https://upload.wikimedia.org/wikipedia/commons/4/46/LB_P703-46.jpg,Louise Brooks,Public domain,2026-08-26
LB Pandora's Box.jpg,https://commons.wikimedia.org/wiki/File:LB_Pandora%27s_Box.jpg,https://upload.wikimedia.org/wikipedia/commons/2/28/LB_Pandora%27s_Box.jpg,Louise Brooks,Public domain,LOWRES
LB Street of Forgotten Men closeup.jpg,https://commons.wikimedia.org/wiki/File:LB_Street_of_Forgotten_Men_closeup.jpg,https://upload.wikimedia.org/wikipedia/commons/e/e6/LB_Street_of_Forgotten_Men_closeup.jpg,Louise Brooks,Public domain,2026-08-31
LB sword girl back.jpg,https://commons.wikimedia.org/wiki/File:LB_sword_girl_back.jpg,https://upload.wikimedia.org/wikipedia/commons/c/c8/LB_sword_girl_back.jpg,Louise Brooks,Public domain,2026-08-30
LB sword girl Front.jpg,https://commons.wikimedia.org/wiki/File:LB_sword_girl_Front.jpg,https://upload.wikimedia.org/wikipedia/commons/8/81/LB_sword_girl_Front.jpg,Louise Brooks,Public domain,2026-09-02
"Louise Brooks and friends, 1929.jpg",https://commons.wikimedia.org/wiki/File:Louise_Brooks_and_friends%2C_1929.jpg,https://upload.wikimedia.org/wikipedia/commons/5/5f/Louise_Brooks_and_friends%2C_1929.jpg,Louise Brooks,Public domain,2026-08-27
"Louise Brooks in 1926 film ""A Social Celebrity"".jpg",https://commons.wikimedia.org/wiki/File:Louise_Brooks_in_1926_film_%22A_Social_Celebrity%22.jpg,https://upload.wikimedia.org/wikipedia/commons/a/a8/Louise_Brooks_in_1926_film_%22A_Social_Celebrity%22.jpg,Louise Brooks,Public domain,2026-09-05
Louise Brooks LCCN2014712606.jpg,https://commons.wikimedia.org/wiki/File:Louise_Brooks_LCCN2014712606.jpg,https://upload.wikimedia.org/wikipedia/commons/9/92/Louise_Brooks_LCCN2014712606.jpg,Louise Brooks,Public domain,2026-08-28
Louise Brooks rare photo.jpg,https://commons.wikimedia.org/wiki/File:Louise_Brooks_rare_photo.jpg,https://upload.wikimedia.org/wikipedia/commons/d/d2/Louise_Brooks_rare_photo.jpg,Louise Brooks,Public domain,2026-09-05
"Louise Brooks, P703-122.webp",https://commons.wikimedia.org/wiki/File:Louise_Brooks%2C_P703-122.webp,https://upload.wikimedia.org/wikipedia/commons/d/db/Louise_Brooks%2C_P703-122.webp,Louise Brooks,Public domain,2026-08-29
Louise Brooks-GlassBeads 2 Back of photo.jpg,https://commons.wikimedia.org/wiki/File:Louise_Brooks-GlassBeads_2_Back_of_photo.jpg,https://upload.wikimedia.org/wikipedia/commons/c/c7/Louise_Brooks-GlassBeads_2_Back_of_photo.jpg,Louise Brooks,Public domain,LOWRES
"Louise Brooks-GlassBeads, Front of photo.jpg",https://commons.wikimedia.org/wiki/File:Louise_Brooks-GlassBeads%2C_Front_of_photo.jpg,https://upload.wikimedia.org/wikipedia/commons/7/7b/Louise_Brooks-GlassBeads%2C_Front_of_photo.jpg,Louise Brooks,Public domain,LOWRES
Louise Brooks-GWPabst back.jpg,https://commons.wikimedia.org/wiki/File:Louise_Brooks-GWPabst_back.jpg,https://upload.wikimedia.org/wikipedia/commons/c/ca/Louise_Brooks-GWPabst_back.jpg,Louise Brooks,Public domain,2026-09-01
Louise Brooks-GWPabst front.jpg,https://commons.wikimedia.org/wiki/File:Louise_Brooks-GWPabst_front.jpg,https://upload.wikimedia.org/wikipedia/commons/0/01/Louise_Brooks-GWPabst_front.jpg,Louise Brooks,Public domain,2026-09-05
"LB Love 'em, 1926.jpg",https://commons.wikimedia.org/wiki/File:LB_Love_%27em%2C_1926.jpg,https://upload.wikimedia.org/wikipedia/commons/e/ea/LB_Love_%27em%2C_1926.jpg,Louise Brooks,Public domain,2026-08-26
Miss europa1.png,https://commons.wikimedia.org/wiki/File:Miss_europa1.png,https://upload.wikimedia.org/wikipedia/commons/a/a8/Miss_europa1.png,Louise Brooks,Public domain,2026-08-28
Miss europa2.png,https://commons.wikimedia.org/wiki/File:Miss_europa2.png,https://upload.wikimedia.org/wikipedia/commons/1/19/Miss_europa2.png,Louise Brooks,Public domain,2026-08-31
"PB show dance, 1929.jpg",https://commons.wikimedia.org/wiki/File:PB_show_dance%2C_1929.jpg,https://upload.wikimedia.org/wikipedia/commons/9/96/PB_show_dance%2C_1929.jpg,Louise Brooks,Public domain,2026-08-31
"Actrice Barbara Stanwyck (1907-1990) speelde mee in ongeveer honderd films waaronder Titanic (, SFA001017811.jpg",https://commons.wikimedia.org/wiki/File:Actrice_Barbara_Stanwyck_%281907-1990%29_speelde_mee_in_ongeveer_honderd_films_waaronder_Titanic_%28%2C_SFA001017811.jpg,https://upload.wikimedia.org/wikipedia/commons/a/a7/Actrice_Barbara_Stanwyck_%281907-1990%29_speelde_mee_in_ongeveer_honderd_films_waaronder_Titanic_%28%2C_SFA001017811.jpg,Barbara Stanwyck,Public domain,2026-08-31
Claudette-colbert-plays-tennis.jpg,https://commons.wikimedia.org/wiki/File:Claudette-colbert-plays-tennis.jpg,https://upload.wikimedia.org/wikipedia/commons/8/89/Claudette-colbert-plays-tennis.jpg,Claudette Colbert,Public domain,2026-08-30
Gary Cooper e Claudette Colbert.jpg,https://commons.wikimedia.org/wiki/File:Gary_Cooper_e_Claudette_Colbert.jpg,https://upload.wikimedia.org/wikipedia/commons/7/7b/Gary_Cooper_e_Claudette_Colbert.jpg,Claudette Colbert,Public domain,2026-09-03
Dorothy Lamour by A.L. Whitey Schafer.jpg,https://commons.wikimedia.org/wiki/File:Dorothy_Lamour_by_A.L._Whitey_Schafer.jpg,https://upload.wikimedia.org/wikipedia/commons/3/38/Dorothy_Lamour_by_A.L._Whitey_Schafer.jpg,Dorothy Lamour,Public domain,2026-09-01
Johnny Apollo.jpg,https://commons.wikimedia.org/wiki/File:Johnny_Apollo.jpg,https://upload.wikimedia.org/wikipedia/commons/d/d5/Johnny_Apollo.jpg,Dorothy Lamour,Public domain,2026-09-05
How Green Was My Valley 1.jpg,https://commons.wikimedia.org/wiki/File:How_Green_Was_My_Valley_1.jpg,https://upload.wikimedia.org/wikipedia/commons/8/80/How_Green_Was_My_Valley_1.jpg,Maureen O'Hara,Public domain,LOWRES
How Green Was My Valley 4.jpg,https://commons.wikimedia.org/wiki/File:How_Green_Was_My_Valley_4.jpg,https://upload.wikimedia.org/wikipedia/commons/1/1c/How_Green_Was_My_Valley_4.jpg,Maureen O'Hara,Public domain,2026-09-05
How Green Was My Valley 8.jpg,https://commons.wikimedia.org/wiki/File:How_Green_Was_My_Valley_8.jpg,https://upload.wikimedia.org/wikipedia/commons/8/82/How_Green_Was_My_Valley_8.jpg,Maureen O'Hara,Public domain,2026-09-06
Hunchback of Notre Dame Maureen 1.jpg,https://commons.wikimedia.org/wiki/File:Hunchback_of_Notre_Dame_Maureen_1.jpg,https://upload.wikimedia.org/wikipedia/commons/c/c4/Hunchback_of_Notre_Dame_Maureen_1.jpg,Maureen O'Hara,Public domain,LOWRES
Hunchback of Notre Dame Maureen 2.jpg,https://commons.wikimedia.org/wiki/File:Hunchback_of_Notre_Dame_Maureen_2.jpg,https://upload.wikimedia.org/wikipedia/commons/9/94/Hunchback_of_Notre_Dame_Maureen_2.jpg,Maureen O'Hara,Public domain,LOWRES
James Stewart Maureen O'Hara Mr. Hobbs Takes a Vacation.jpg,https://commons.wikimedia.org/wiki/File:James_Stewart_Maureen_O%27Hara_Mr._Hobbs_Takes_a_Vacation.jpg,https://upload.wikimedia.org/wikipedia/commons/9/92/James_Stewart_Maureen_O%27Hara_Mr._Hobbs_Takes_a_Vacation.jpg,Maureen O'Hara,Public domain,2026-08-31
Maureen O'Hara and mother 1948.jpg,https://commons.wikimedia.org/wiki/File:Maureen_O%27Hara_and_mother_1948.jpg,https://upload.wikimedia.org/wikipedia/commons/0/07/Maureen_O%27Hara_and_mother_1948.jpg,Maureen O'Hara,Public domain,2026-08-30
Maureen O'Hara husband Will Price and daughter Bronwyn.jpg,https://commons.wikimedia.org/wiki/File:Maureen_O%27Hara_husband_Will_Price_and_daughter_Bronwyn.jpg,https://upload.wikimedia.org/wikipedia/commons/a/a1/Maureen_O%27Hara_husband_Will_Price_and_daughter_Bronwyn.jpg,Maureen O'Hara,Public domain,2026-09-05
Maureen O'Hara in April 1942.jpg,https://commons.wikimedia.org/wiki/File:Maureen_O%27Hara_in_April_1942.jpg,https://upload.wikimedia.org/wikipedia/commons/9/92/Maureen_O%27Hara_in_April_1942.jpg,Maureen O'Hara,Public domain,2026-09-03
Maureen O'Hara Will Price 1941.jpg,https://commons.wikimedia.org/wiki/File:Maureen_O%27Hara_Will_Price_1941.jpg,https://upload.wikimedia.org/wikipedia/commons/d/d4/Maureen_O%27Hara_Will_Price_1941.jpg,Maureen O'Hara,Public domain,2026-09-05
Will Price Maureen O'Hara Academy Awards 1942.jpg,https://commons.wikimedia.org/wiki/File:Will_Price_Maureen_O%27Hara_Academy_Awards_1942.jpg,https://upload.wikimedia.org/wikipedia/commons/8/88/Will_Price_Maureen_O%27Hara_Academy_Awards_1942.jpg,Maureen O'Hara,Public domain,LOWRES
1953 - West End Drive-In - 1 Jul MC - Allentown PA.jpg,https://commons.wikimedia.org/wiki/File:1953_-_West_End_Drive-In_-_1_Jul_MC_-_Allentown_PA.jpg,https://upload.wikimedia.org/wikipedia/commons/c/c8/1953_-_West_End_Drive-In_-_1_Jul_MC_-_Allentown_PA.jpg,Betty Grable,Public domain,2026-09-04
Jayne Mansfield (Kiss Them For Me) - Color.jpg,https://commons.wikimedia.org/wiki/File:Jayne_Mansfield_%28Kiss_Them_For_Me%29_-_Color.jpg,https://upload.wikimedia.org/wikipedia/commons/5/53/Jayne_Mansfield_%28Kiss_Them_For_Me%29_-_Color.jpg,Jayne Mansfield,Public domain,2026-09-02
Jayne Mansfield-Magda.jpg,https://commons.wikimedia.org/wiki/File:Jayne_Mansfield-Magda.jpg,https://upload.wikimedia.org/wikipedia/commons/8/8a/Jayne_Mansfield-Magda.jpg,Jayne Mansfield,Public domain,LOWRES
Marlene Dietrich Paramount.jpg,https://commons.wikimedia.org/wiki/File:Marlene_Dietrich_Paramount.jpg,https://upload.wikimedia.org/wikipedia/commons/1/16/Marlene_Dietrich_Paramount.jpg,Marlene Dietrich,Public domain,2026-08-30
Marlene Dietrich Ross-Verlag 5756.jpg,https://commons.wikimedia.org/wiki/File:Marlene_Dietrich_Ross-Verlag_5756.jpg,https://upload.wikimedia.org/wikipedia/commons/5/58/Marlene_Dietrich_Ross-Verlag_5756.jpg,Marlene Dietrich,Public domain,2026-09-06
Marlene Dietrich Ross-Verlag 6268.jpg,https://commons.wikimedia.org/wiki/File:Marlene_Dietrich_Ross-Verlag_6268.jpg,https://upload.wikimedia.org/wikipedia/commons/d/da/Marlene_Dietrich_Ross-Verlag_6268.jpg,Marlene Dietrich,Public domain,2026-09-03
Marlene Dietrich Ross-Verlag.jpg,https://commons.wikimedia.org/wiki/File:Marlene_Dietrich_Ross-Verlag.jpg,https://upload.wikimedia.org/wikipedia/commons/b/b9/Marlene_Dietrich_Ross-Verlag.jpg,Marlene Dietrich,Public domain,2026-09-02
"The Blue Bird press photograph, back.jpg",https://commons.wikimedia.org/wiki/File:The_Blue_Bird_press_photograph%2C_back.jpg,https://upload.wikimedia.org/wikipedia/commons/6/65/The_Blue_Bird_press_photograph%2C_back.jpg,Shirley Temple,Public domain,2026-09-05
"Judy Garland as a Clown in a Variety Show at the New York Palace Theater, 1956.webp",https://commons.wikimedia.org/wiki/File:Judy_Garland_as_a_Clown_in_a_Variety_Show_at_the_New_York_Palace_Theater%2C_1956.webp,https://upload.wikimedia.org/wikipedia/commons/c/cb/Judy_Garland_as_a_Clown_in_a_Variety_Show_at_the_New_York_Palace_Theater%2C_1956.webp,Judy Garland,Public domain,LOWRES
Anita La dolce vita.jpg,https://commons.wikimedia.org/wiki/File:Anita_La_dolce_vita.jpg,https://upload.wikimedia.org/wikipedia/commons/9/90/Anita_La_dolce_vita.jpg,Anita Ekberg,Public domain,2026-09-01
La dolce vita black dress.jpg,https://commons.wikimedia.org/wiki/File:La_dolce_vita_black_dress.jpg,https://upload.wikimedia.org/wikipedia/commons/d/df/La_dolce_vita_black_dress.jpg,Anita Ekberg,Public domain,2026-09-03
La dolce vita Trevi.jpg,https://commons.wikimedia.org/wiki/File:La_dolce_vita_Trevi.jpg,https://upload.wikimedia.org/wikipedia/commons/5/59/La_dolce_vita_Trevi.jpg,Anita Ekberg,Public domain,2026-08-30
"Hedda DeWolf Hopper, cape suit of eponette LCCN2014714232.jpg",https://commons.wikimedia.org/wiki/File:Hedda_DeWolf_Hopper%2C_cape_suit_of_eponette_LCCN2014714232.jpg,https://upload.wikimedia.org/wikipedia/commons/d/da/Hedda_DeWolf_Hopper%2C_cape_suit_of_eponette_LCCN2014714232.jpg,Hedda Hopper,Public domain,2026-09-06
Mrs. De Wolf Hopper LCCN2014714638.jpg,https://commons.wikimedia.org/wiki/File:Mrs._De_Wolf_Hopper_LCCN2014714638.jpg,https://upload.wikimedia.org/wikipedia/commons/4/4d/Mrs._De_Wolf_Hopper_LCCN2014714638.jpg,Hedda Hopper,Public domain,2026-08-30
Cary Grant NBC Photo 1940s.jpg,https://commons.wikimedia.org/wiki/File:Cary_Grant_NBC_Photo_1940s.jpg,https://upload.wikimedia.org/wikipedia/commons/3/3b/Cary_Grant_NBC_Photo_1940s.jpg,Cary Grant,Public domain,2026-09-02
Clark Gable.jpg,https://commons.wikimedia.org/wiki/File:Clark_Gable.jpg,https://upload.wikimedia.org/wikipedia/commons/a/a0/Clark_Gable.jpg,Clark Gable,Public domain,2026-09-01
Marlon Brando age 10.jpg,https://commons.wikimedia.org/wiki/File:Marlon_Brando_age_10.jpg,https://upload.wikimedia.org/wikipedia/commons/1/1d/Marlon_Brando_age_10.jpg,Marlon Brando,Public domain,2026-09-01
MarlonBrando-StudioHarcourt-1948.png,https://commons.wikimedia.org/wiki/File:MarlonBrando-StudioHarcourt-1948.png,https://upload.wikimedia.org/wikipedia/commons/1/17/MarlonBrando-StudioHarcourt-1948.png,Marlon Brando,Public domain,LOWRES
Jimmy Stewart as George Bailey in It's A Wonderful Life.jpg,https://commons.wikimedia.org/wiki/File:Jimmy_Stewart_as_George_Bailey_in_It%27s_A_Wonderful_Life.jpg,https://upload.wikimedia.org/wikipedia/commons/8/8f/Jimmy_Stewart_as_George_Bailey_in_It%27s_A_Wonderful_Life.jpg,James Stewart,Public domain,LOWRES
Tyrone power-josé gola.jpg,https://commons.wikimedia.org/wiki/File:Tyrone_power-jos%C3%A9_gola.jpg,https://upload.wikimedia.org/wikipedia/commons/3/36/Tyrone_power-jos%C3%A9_gola.jpg,Tyrone Power,Public domain,LOWRES
"Taza, Son of Cochise 2.jpg",https://commons.wikimedia.org/wiki/File:Taza%2C_Son_of_Cochise_2.jpg,https://upload.wikimedia.org/wikipedia/commons/9/93/Taza%2C_Son_of_Cochise_2.jpg,Rock Hudson,Public domain,2026-09-06
Frank Sinatra 1979.jpg,https://commons.wikimedia.org/wiki/File:Frank_Sinatra_1979.jpg,https://upload.wikimedia.org/wikipedia/commons/6/6b/Frank_Sinatra_1979.jpg,Frank Sinatra,Public domain,GONE
"Ivan Ives - Sinatra Club - Wynyard Park, wider view.jpg",https://commons.wikimedia.org/wiki/File:Ivan_Ives_-_Sinatra_Club_-_Wynyard_Park%2C_wider_view.jpg,https://upload.wikimedia.org/wikipedia/commons/2/2b/Ivan_Ives_-_Sinatra_Club_-_Wynyard_Park%2C_wider_view.jpg,Frank Sinatra,Public domain,LOWRES
Ivan Ives - Sinatra Club - Wynyard Park.jpg,https://commons.wikimedia.org/wiki/File:Ivan_Ives_-_Sinatra_Club_-_Wynyard_Park.jpg,https://upload.wikimedia.org/wikipedia/commons/9/92/Ivan_Ives_-_Sinatra_Club_-_Wynyard_Park.jpg,Frank Sinatra,Public domain,LOWRES
Gene Kelly - USN.jpg,https://commons.wikimedia.org/wiki/File:Gene_Kelly_-_USN.jpg,https://upload.wikimedia.org/wikipedia/commons/9/97/Gene_Kelly_-_USN.jpg,Gene Kelly,Public domain,2026-09-05
Eiga-Hyoron-1963-July-1.jpg,https://commons.wikimedia.org/wiki/File:Eiga-Hyoron-1963-July-1.jpg,https://upload.wikimedia.org/wikipedia/commons/9/9a/Eiga-Hyoron-1963-July-1.jpg,Steve McQueen,Public domain,2026-09-01
Monroe DiMaggio Wedding.jpg,https://commons.wikimedia.org/wiki/File:Monroe_DiMaggio_Wedding.jpg,https://upload.wikimedia.org/wikipedia/commons/5/50/Monroe_DiMaggio_Wedding.jpg,Joe DiMaggio with Marilyn Monroe,Public domain,2026-08-28
Rita Hayworth black dress.jpg,https://commons.wikimedia.org/wiki/File:Rita_Hayworth_black_dress.jpg,https://upload.wikimedia.org/wikipedia/commons/4/48/Rita_Hayworth_black_dress.jpg,Rita Hayworth's black dress,Public domain,2026-08-30
Mary Pickford by Bécan.jpg,https://commons.wikimedia.org/wiki/File:Mary_Pickford_by_B%C3%A9can.jpg,https://upload.wikimedia.org/wikipedia/commons/d/dc/Mary_Pickford_by_B%C3%A9can.jpg,Mary Pickford in art,Public domain,2026-09-05
Wife of Secretary of State greets Mary Pickford 25387v.jpg,https://commons.wikimedia.org/wiki/File:Wife_of_Secretary_of_State_greets_Mary_Pickford_25387v.jpg,https://upload.wikimedia.org/wikipedia/commons/1/17/Wife_of_Secretary_of_State_greets_Mary_Pickford_25387v.jpg,Mary Pickford wearing fur,Public domain,LOWRES
WOMEN LEADERS MEET WITH FIRST LADY 47530v.jpg,https://commons.wikimedia.org/wiki/File:WOMEN_LEADERS_MEET_WITH_FIRST_LADY_47530v.jpg,https://upload.wikimedia.org/wikipedia/commons/7/7c/WOMEN_LEADERS_MEET_WITH_FIRST_LADY_47530v.jpg,Mary Pickford wearing fur,Public domain,LOWRES
Lucille Ball Elizabeth Taylor Richard Burton Heres Lucy 1974.JPG,https://commons.wikimedia.org/wiki/File:Lucille_Ball_Elizabeth_Taylor_Richard_Burton_Heres_Lucy_1974.JPG,https://upload.wikimedia.org/wikipedia/commons/a/a2/Lucille_Ball_Elizabeth_Taylor_Richard_Burton_Heres_Lucy_1974.JPG,Elizabeth Taylor and Richard Burton,Public domain,LOWRES
Taylor-Burton-Sandpiper.jpg,https://commons.wikimedia.org/wiki/File:Taylor-Burton-Sandpiper.jpg,https://upload.wikimedia.org/wikipedia/commons/c/cd/Taylor-Burton-Sandpiper.jpg,Elizabeth Taylor and Richard Burton,Public domain,2026-09-06
Totò e Sofia Loren in Miseria e nobiltà (1954).jpg,https://commons.wikimedia.org/wiki/File:Tot%C3%B2_e_Sofia_Loren_in_Miseria_e_nobilt%C3%A0_%281954%29.jpg,https://upload.wikimedia.org/wikipedia/commons/5/5e/Tot%C3%B2_e_Sofia_Loren_in_Miseria_e_nobilt%C3%A0_%281954%29.jpg,Sophia Loren in films,Public domain,2026-09-01
Hitchcock Novak Vertigo Publicity.jpg,https://commons.wikimedia.org/wiki/File:Hitchcock_Novak_Vertigo_Publicity.jpg,https://upload.wikimedia.org/wikipedia/commons/8/87/Hitchcock_Novak_Vertigo_Publicity.jpg,Kim Novak in films,Public domain,2026-09-02
Mae West NYWTS detail.jpg,https://commons.wikimedia.org/wiki/File:Mae_West_NYWTS_detail.jpg,https://upload.wikimedia.org/wikipedia/commons/c/cb/Mae_West_NYWTS_detail.jpg,Mae West wearing fur,Public domain,2026-09-03
Nastri d'argento 1962 Gina Lollobrigida.jpg,https://commons.wikimedia.org/wiki/File:Nastri_d%27argento_1962_Gina_Lollobrigida.jpg,https://upload.wikimedia.org/wikipedia/commons/f/ff/Nastri_d%27argento_1962_Gina_Lollobrigida.jpg,Gina Lollobrigida wearing fur,Public domain,2026-08-30
1954 - Boulevard Drive-In 16 Aug MC - Allentown PA.jpg,https://commons.wikimedia.org/wiki/File:1954_-_Boulevard_Drive-In_16_Aug_MC_-_Allentown_PA.jpg,https://upload.wikimedia.org/wikipedia/commons/d/df/1954_-_Boulevard_Drive-In_16_Aug_MC_-_Allentown_PA.jpg,Gregory Peck in art,Public domain,2026-08-28
"Frank Sinatra - That's Life (1966, Vinyl, LP, Album).jpg",https://commons.wikimedia.org/wiki/File:Frank_Sinatra_-_That%27s_Life_%281966%2C_Vinyl%2C_LP%2C_Album%29.jpg,https://upload.wikimedia.org/wikipedia/commons/2/28/Frank_Sinatra_-_That%27s_Life_%281966%2C_Vinyl%2C_LP%2C_Album%29.jpg,Frank Sinatra album covers,Public domain,2026-08-28
"Frank Sinatra - That's Life (1966, Vinyl, LP, Album).jpg",https://commons.wikimedia.org/wiki/File:Frank_Sinatra_-_That%27s_Life_%281966%2C_Vinyl%2C_LP%2C_Album%29.jpg,https://upload.wikimedia.org/wikipedia/commons/archive/2/28/20260321005008%21Frank_Sinatra_-_That%27s_Life_%281966%2C_Vinyl%2C_LP%2C_Album%29.jpg,Frank Sinatra album covers,Public domain,GONE
Marilyn Monroe 1947.jpg,https://commons.wikimedia.org/wiki/File:Marilyn_Monroe_1947.jpg,https://upload.wikimedia.org/wikipedia/commons/archive/e/e7/20141007003603%21Marilyn_Monroe_1947.jpg,Marilyn Monroe in 1947,Public domain,GONE
Marilyn Monroe Asphalt Jungle.jpg,https://commons.wikimedia.org/wiki/File:Marilyn_Monroe_Asphalt_Jungle.jpg,https://upload.wikimedia.org/wikipedia/commons/8/8b/Marilyn_Monroe_Asphalt_Jungle.jpg,Marilyn Monroe in 1950,Public domain,2026-09-03
Marilyn Monroe aboard Air Force Jet to Korea 1954.jpg,https://commons.wikimedia.org/wiki/File:Marilyn_Monroe_aboard_Air_Force_Jet_to_Korea_1954.jpg,https://upload.wikimedia.org/wikipedia/commons/f/fd/Marilyn_Monroe_aboard_Air_Force_Jet_to_Korea_1954.jpg,Marilyn Monroe in 1954,Public domain,2026-08-28
Laurence Olivier Marilyn Monroe Susan Strasberg.jpg,https://commons.wikimedia.org/wiki/File:Laurence_Olivier_Marilyn_Monroe_Susan_Strasberg.jpg,https://upload.wikimedia.org/wikipedia/commons/6/63/Laurence_Olivier_Marilyn_Monroe_Susan_Strasberg.jpg,Marilyn Monroe in 1957,Public domain,2026-08-29
Marilyn Monroe (Madame Tussauds London).jpg,https://commons.wikimedia.org/wiki/File:Marilyn_Monroe_%28Madame_Tussauds_London%29.jpg,https://upload.wikimedia.org/wikipedia/commons/4/4d/Marilyn_Monroe_%28Madame_Tussauds_London%29.jpg,Marilyn Monroe in 1957,Public domain,2026-08-27
Marilyn Monroe in Some Like It Hot.jpg,https://commons.wikimedia.org/wiki/File:Marilyn_Monroe_in_Some_Like_It_Hot.jpg,https://upload.wikimedia.org/wikipedia/commons/b/b8/Marilyn_Monroe_in_Some_Like_It_Hot.jpg,Marilyn Monroe in 1959,Public domain,2026-09-02
Marilyn Monroe Yves Montand 1960.png,https://commons.wikimedia.org/wiki/File:Marilyn_Monroe_Yves_Montand_1960.png,https://upload.wikimedia.org/wikipedia/commons/5/5c/Marilyn_Monroe_Yves_Montand_1960.png,Marilyn Monroe in 1960,Public domain,2026-08-28
Monroe Montand Let's Make Love.jpg,https://commons.wikimedia.org/wiki/File:Monroe_Montand_Let%27s_Make_Love.jpg,https://upload.wikimedia.org/wikipedia/commons/5/52/Monroe_Montand_Let%27s_Make_Love.jpg,Marilyn Monroe in 1960,Public domain,2026-08-28
Yves Montand Marilyn Monroe.jpg,https://commons.wikimedia.org/wiki/File:Yves_Montand_Marilyn_Monroe.jpg,https://upload.wikimedia.org/wikipedia/commons/c/c0/Yves_Montand_Marilyn_Monroe.jpg,Marilyn Monroe in 1960,Public domain,2026-08-28
Marilyn Monroe-Happy Birthday.jpg,https://commons.wikimedia.org/wiki/File:Marilyn_Monroe-Happy_Birthday.jpg,https://upload.wikimedia.org/wikipedia/commons/5/53/Marilyn_Monroe-Happy_Birthday.jpg,Marilyn Monroe in 1962,Public domain,2026-08-28
Marilyn Monroe-Something's Got To Give (pool).jpg,https://commons.wikimedia.org/wiki/File:Marilyn_Monroe-Something%27s_Got_To_Give_%28pool%29.jpg,https://upload.wikimedia.org/wikipedia/commons/0/07/Marilyn_Monroe-Something%27s_Got_To_Give_%28pool%29.jpg,Marilyn Monroe in 1962,Public domain,2026-08-28
Marilyn Monroe-Something's Got To Give-pool.jpg,https://commons.wikimedia.org/wiki/File:Marilyn_Monroe-Something%27s_Got_To_Give-pool.jpg,https://upload.wikimedia.org/wikipedia/commons/3/31/Marilyn_Monroe-Something%27s_Got_To_Give-pool.jpg,Marilyn Monroe in 1962,Public domain,2026-08-28
Marilyn Monroe-Something's Got To Give.jpg,https://commons.wikimedia.org/wiki/File:Marilyn_Monroe-Something%27s_Got_To_Give.jpg,https://upload.wikimedia.org/wikipedia/commons/0/09/Marilyn_Monroe-Something%27s_Got_To_Give.jpg,Marilyn Monroe in 1962,Public domain,2026-08-28
High Noon1.JPG,https://commons.wikimedia.org/wiki/File:High_Noon1.JPG,https://upload.wikimedia.org/wikipedia/commons/0/05/High_Noon1.JPG,Grace Kelly in 1952,Public domain,2026-09-04
High Noon2.JPG,https://commons.wikimedia.org/wiki/File:High_Noon2.JPG,https://upload.wikimedia.org/wikipedia/commons/1/1c/High_Noon2.JPG,Grace Kelly in 1952,Public domain,LOWRES
"Co-Ed Drive-In Ad - 17 April 1955, Denton, TX.jpg",https://commons.wikimedia.org/wiki/File:Co-Ed_Drive-In_Ad_-_17_April_1955%2C_Denton%2C_TX.jpg,https://upload.wikimedia.org/wikipedia/commons/e/ef/Co-Ed_Drive-In_Ad_-_17_April_1955%2C_Denton%2C_TX.jpg,Grace Kelly in 1954,Public domain,2026-09-05
Grace Kelly Dial M for Murder promo costume shot.jpg,https://commons.wikimedia.org/wiki/File:Grace_Kelly_Dial_M_for_Murder_promo_costume_shot.jpg,https://upload.wikimedia.org/wikipedia/commons/e/ed/Grace_Kelly_Dial_M_for_Murder_promo_costume_shot.jpg,Grace Kelly in 1954,Public domain,LOWRES
"Encina Drive-in Ad - 4 November 1955, Santa Cruz, CA.jpg",https://commons.wikimedia.org/wiki/File:Encina_Drive-in_Ad_-_4_November_1955%2C_Santa_Cruz%2C_CA.jpg,https://upload.wikimedia.org/wikipedia/commons/3/37/Encina_Drive-in_Ad_-_4_November_1955%2C_Santa_Cruz%2C_CA.jpg,Grace Kelly in 1955,Public domain,2026-08-29
Grace Kelly MGM photo.jpg,https://commons.wikimedia.org/wiki/File:Grace_Kelly_MGM_photo.jpg,https://upload.wikimedia.org/wikipedia/commons/3/3a/Grace_Kelly_MGM_photo.jpg,Grace Kelly in 1956,Public domain,2026-09-03
Grace Kelly MGM photo2.jpg,https://commons.wikimedia.org/wiki/File:Grace_Kelly_MGM_photo2.jpg,https://upload.wikimedia.org/wikipedia/commons/6/62/Grace_Kelly_MGM_photo2.jpg,Grace Kelly in 1956,Public domain,LOWRES
Grace Kelly Ranieri Gronchi 1959.jpg,https://commons.wikimedia.org/wiki/File:Grace_Kelly_Ranieri_Gronchi_1959.jpg,https://upload.wikimedia.org/wikipedia/commons/6/6e/Grace_Kelly_Ranieri_Gronchi_1959.jpg,Grace Kelly in 1959,Public domain,2026-09-01
John N. McLaughlin escorting Princess Grace of Monaco.jpg,https://commons.wikimedia.org/wiki/File:John_N._McLaughlin_escorting_Princess_Grace_of_Monaco.jpg,https://upload.wikimedia.org/wikipedia/commons/6/6b/John_N._McLaughlin_escorting_Princess_Grace_of_Monaco.jpg,Grace Kelly in 1975,Public domain,2026-09-06
Lana Turner childhood press photo.jpg,https://commons.wikimedia.org/wiki/File:Lana_Turner_childhood_press_photo.jpg,https://upload.wikimedia.org/wikipedia/commons/b/b8/Lana_Turner_childhood_press_photo.jpg,Lana Turner in 1926,Public domain,LOWRES
Lana Turner by Elmer Fryer 2.jpg,https://commons.wikimedia.org/wiki/File:Lana_Turner_by_Elmer_Fryer_2.jpg,https://upload.wikimedia.org/wikipedia/commons/2/2f/Lana_Turner_by_Elmer_Fryer_2.jpg,Lana Turner in 1937,Public domain,2026-08-27
Lana Turner 1958 double press photo.jpg,https://commons.wikimedia.org/wiki/File:Lana_Turner_1958_double_press_photo.jpg,https://upload.wikimedia.org/wikipedia/commons/8/88/Lana_Turner_1958_double_press_photo.jpg,Lana Turner in 1938,Public domain,LOWRES
Clark Gable-Lana Turner.JPG,https://commons.wikimedia.org/wiki/File:Clark_Gable-Lana_Turner.JPG,https://upload.wikimedia.org/wikipedia/commons/a/a0/Clark_Gable-Lana_Turner.JPG,Lana Turner in 1941,Public domain,LOWRES
Lana Turner Jekyll and Hyde promo.png,https://commons.wikimedia.org/wiki/File:Lana_Turner_Jekyll_and_Hyde_promo.png,https://upload.wikimedia.org/wikipedia/commons/b/bc/Lana_Turner_Jekyll_and_Hyde_promo.png,Lana Turner in 1941,Public domain,2026-08-29
Lana Turner-Ziegfeld Girl.jpg,https://commons.wikimedia.org/wiki/File:Lana_Turner-Ziegfeld_Girl.jpg,https://upload.wikimedia.org/wikipedia/commons/1/14/Lana_Turner-Ziegfeld_Girl.jpg,Lana Turner in 1941,Public domain,2026-08-27
Lana Turner (1944).png,https://commons.wikimedia.org/wiki/File:Lana_Turner_%281944%29.png,https://upload.wikimedia.org/wikipedia/commons/1/1b/Lana_Turner_%281944%29.png,Lana Turner in 1944,Public domain,LOWRES
Lana Turner - Weekend at the Waldorf publicity still.jpg,https://commons.wikimedia.org/wiki/File:Lana_Turner_-_Weekend_at_the_Waldorf_publicity_still.jpg,https://upload.wikimedia.org/wikipedia/commons/e/ec/Lana_Turner_-_Weekend_at_the_Waldorf_publicity_still.jpg,Lana Turner in 1945,Public domain,LOWRES
Lana Turner on set of 'The Postman Always Rings Twice'.png,https://commons.wikimedia.org/wiki/File:Lana_Turner_on_set_of_%27The_Postman_Always_Rings_Twice%27.png,https://upload.wikimedia.org/wikipedia/commons/b/b9/Lana_Turner_on_set_of_%27The_Postman_Always_Rings_Twice%27.png,Lana Turner in 1946,Public domain,2026-08-27
Lana Turner posing.jpg,https://commons.wikimedia.org/wiki/File:Lana_Turner_posing.jpg,https://upload.wikimedia.org/wikipedia/commons/7/76/Lana_Turner_posing.jpg,Lana Turner in 1950,Public domain,LOWRES
Lana Turner in 1969.jpg,https://commons.wikimedia.org/wiki/File:Lana_Turner_in_1969.jpg,https://upload.wikimedia.org/wikipedia/commons/b/b4/Lana_Turner_in_1969.jpg,Lana Turner in 1967,Public domain,LOWRES
Lana Turner in 1969.jpg,https://commons.wikimedia.org/wiki/File:Lana_Turner_in_1969.jpg,https://upload.wikimedia.org/wikipedia/commons/archive/b/b4/20190903233136%21Lana_Turner_in_1969.jpg,Lana Turner in 1967,Public domain,GONE
Lana Turner in 1969.jpg,https://commons.wikimedia.org/wiki/File:Lana_Turner_in_1969.jpg,https://upload.wikimedia.org/wikipedia/commons/archive/b/b4/20190903233012%21Lana_Turner_in_1969.jpg,Lana Turner in 1967,Public domain,GONE
Hayworth-American-c1931.jpg,https://commons.wikimedia.org/wiki/File:Hayworth-American-c1931.jpg,https://upload.wikimedia.org/wikipedia/commons/archive/f/f0/20180107200955%21Hayworth-American-c1931.jpg,Rita Hayworth in 1931,Public domain,GONE
Rita Hayworth Who Killed Gail Preston?.jpg,https://commons.wikimedia.org/wiki/File:Rita_Hayworth_Who_Killed_Gail_Preston%3F.jpg,https://upload.wikimedia.org/wikipedia/commons/d/d0/Rita_Hayworth_Who_Killed_Gail_Preston%3F.jpg,Rita Hayworth in 1938,Public domain,2026-08-30
"""Harvesting bumper crop for Uncle Sam. Movie star Rita Hayworth sacrificed her bumpers for the duration. Besides setting - NARA - 535932.jpg",https://commons.wikimedia.org/wiki/File:%22Harvesting_bumper_crop_for_Uncle_Sam._Movie_star_Rita_Hayworth_sacrificed_her_bumpers_for_the_duration._Besides_setting_-_NARA_-_535932.jpg,https://upload.wikimedia.org/wikipedia/commons/e/ea/%22Harvesting_bumper_crop_for_Uncle_Sam._Movie_star_Rita_Hayworth_sacrificed_her_bumpers_for_the_duration._Besides_setting_-_NARA_-_535932.jpg,Rita Hayworth in 1942,Public domain,2026-09-06
Dietrich-Hayworth-Hollywood-Canteen-1942.jpg,https://commons.wikimedia.org/wiki/File:Dietrich-Hayworth-Hollywood-Canteen-1942.jpg,https://upload.wikimedia.org/wikipedia/commons/5/50/Dietrich-Hayworth-Hollywood-Canteen-1942.jpg,Rita Hayworth in 1942,Public domain,LOWRES
Harvesting bumper crop for Uncle Sam. Movie star Rita Hayworth sacrificed her bumpers for the duration. Besides... - NARA - 535933.tif,https://commons.wikimedia.org/wiki/File:Harvesting_bumper_crop_for_Uncle_Sam._Movie_star_Rita_Hayworth_sacrificed_her_bumpers_for_the_duration._Besides..._-_NARA_-_535933.tif,https://upload.wikimedia.org/wikipedia/commons/a/ab/Harvesting_bumper_crop_for_Uncle_Sam._Movie_star_Rita_Hayworth_sacrificed_her_bumpers_for_the_duration._Besides..._-_NARA_-_535933.tif,Rita Hayworth in 1942,Public domain,2026-09-21
Cotten-Hayworth-Welles Mercury Wonder Show.jpg,https://commons.wikimedia.org/wiki/File:Cotten-Hayworth-Welles_Mercury_Wonder_Show.jpg,https://upload.wikimedia.org/wikipedia/commons/3/3e/Cotten-Hayworth-Welles_Mercury_Wonder_Show.jpg,Rita Hayworth in 1943,Public domain,2026-09-05
Welles-Hayworth-Cotten-1943.jpg,https://commons.wikimedia.org/wiki/File:Welles-Hayworth-Cotten-1943.jpg,https://upload.wikimedia.org/wikipedia/commons/8/8b/Welles-Hayworth-Cotten-1943.jpg,Rita Hayworth in 1943,Public domain,2026-09-03
Rita Hayworth Amado Mio.jpg,https://commons.wikimedia.org/wiki/File:Rita_Hayworth_Amado_Mio.jpg,https://upload.wikimedia.org/wikipedia/commons/b/b8/Rita_Hayworth_Amado_Mio.jpg,Rita Hayworth in 1945,Public domain,2026-08-30
Gilda black dress.jpg,https://commons.wikimedia.org/wiki/File:Gilda_black_dress.jpg,https://upload.wikimedia.org/wikipedia/commons/1/13/Gilda_black_dress.jpg,Rita Hayworth in 1946,Public domain,2026-08-30
Rebecca-Welles-Rita-Hayworth-1946.jpg,https://commons.wikimedia.org/wiki/File:Rebecca-Welles-Rita-Hayworth-1946.jpg,https://upload.wikimedia.org/wikipedia/commons/2/26/Rebecca-Welles-Rita-Hayworth-1946.jpg,Rita Hayworth in 1946,Public domain,2026-08-28
Lady from Shanghai trailer rita hayworth6.JPG,https://commons.wikimedia.org/wiki/File:Lady_from_Shanghai_trailer_rita_hayworth6.JPG,https://upload.wikimedia.org/wikipedia/commons/b/ba/Lady_from_Shanghai_trailer_rita_hayworth6.JPG,Rita Hayworth in 1947,Public domain,2026-08-30
Hayworth-Aly-Khan-1952.jpg,https://commons.wikimedia.org/wiki/File:Hayworth-Aly-Khan-1952.jpg,https://upload.wikimedia.org/wikipedia/commons/d/d3/Hayworth-Aly-Khan-1952.jpg,Rita Hayworth in 1952,Public domain,2026-08-27
Hayworth-Hill-1958.jpg,https://commons.wikimedia.org/wiki/File:Hayworth-Hill-1958.jpg,https://upload.wikimedia.org/wikipedia/commons/5/5b/Hayworth-Hill-1958.jpg,Rita Hayworth in 1958,Public domain,2026-09-06
The killers Ava.jpg,https://commons.wikimedia.org/wiki/File:The_killers_Ava.jpg,https://upload.wikimedia.org/wikipedia/commons/5/52/The_killers_Ava.jpg,Ava Gardner in 1946,Public domain,2026-09-02
Eiganotomo-avagardner-dec1953.jpg,https://commons.wikimedia.org/wiki/File:Eiganotomo-avagardner-dec1953.jpg,https://upload.wikimedia.org/wikipedia/commons/b/b3/Eiganotomo-avagardner-dec1953.jpg,Ava Gardner in 1953,Public domain,2026-09-01
Ava Gardner.jpg,https://commons.wikimedia.org/wiki/File:Ava_Gardner.jpg,https://upload.wikimedia.org/wikipedia/commons/3/3a/Ava_Gardner.jpg,Ava Gardner in 1955,Public domain,2026-09-02
Peck Gardner On the Beach Publicity Photo.jpg,https://commons.wikimedia.org/wiki/File:Peck_Gardner_On_the_Beach_Publicity_Photo.jpg,https://upload.wikimedia.org/wikipedia/commons/c/c8/Peck_Gardner_On_the_Beach_Publicity_Photo.jpg,Ava Gardner in 1959,Public domain,2026-09-06
"Clara Bow in ""Wings"" (1927).png",https://commons.wikimedia.org/wiki/File:Clara_Bow_in_%22Wings%22_%281927%29.png,https://upload.wikimedia.org/wikipedia/commons/5/55/Clara_Bow_in_%22Wings%22_%281927%29.png,Clara Bow in 1927,Public domain,LOWRES
Clarabowincolor.jpg,https://commons.wikimedia.org/wiki/File:Clarabowincolor.jpg,https://upload.wikimedia.org/wikipedia/commons/c/cd/Clarabowincolor.jpg,Clara Bow in 1928,Public domain,LOWRES
"Clara Bow, grayscale.jpg",https://commons.wikimedia.org/wiki/File:Clara_Bow%2C_grayscale.jpg,https://upload.wikimedia.org/wikipedia/commons/f/f8/Clara_Bow%2C_grayscale.jpg,Clara Bow in 1932,Public domain,2026-08-31
ClaraBow2.1.jpg,https://commons.wikimedia.org/wiki/File:ClaraBow2.1.jpg,https://upload.wikimedia.org/wikipedia/commons/2/26/ClaraBow2.1.jpg,Clara Bow in 1932,Public domain,2026-09-01
"Birth of a nation, 1915, elsie e Austin Stoneman a teatro, quando viene ucciso Lincoln.jpg",https://commons.wikimedia.org/wiki/File:Birth_of_a_nation%2C_1915%2C_elsie_e_Austin_Stoneman_a_teatro%2C_quando_viene_ucciso_Lincoln.jpg,https://upload.wikimedia.org/wikipedia/commons/b/b0/Birth_of_a_nation%2C_1915%2C_elsie_e_Austin_Stoneman_a_teatro%2C_quando_viene_ucciso_Lincoln.jpg,Lillian Gish in 1915,Public domain,2026-08-29
Lillian Gish in The Birth of a Nation 1915.jpg,https://commons.wikimedia.org/wiki/File:Lillian_Gish_in_The_Birth_of_a_Nation_1915.jpg,https://upload.wikimedia.org/wikipedia/commons/a/a0/Lillian_Gish_in_The_Birth_of_a_Nation_1915.jpg,Lillian Gish in 1915,Public domain,LOWRES
The greatest thing in life LCCN2013648179.jpg,https://commons.wikimedia.org/wiki/File:The_greatest_thing_in_life_LCCN2013648179.jpg,https://upload.wikimedia.org/wikipedia/commons/4/4a/The_greatest_thing_in_life_LCCN2013648179.jpg,Lillian Gish in 1918,Public domain,2026-08-29
"Lillian Gish in ""The Greatest Question"" (SAYRE 2577).jpg",https://commons.wikimedia.org/wiki/File:Lillian_Gish_in_%22The_Greatest_Question%22_%28SAYRE_2577%29.jpg,https://upload.wikimedia.org/wikipedia/commons/b/bc/Lillian_Gish_in_%22The_Greatest_Question%22_%28SAYRE_2577%29.jpg,Lillian Gish in 1919,Public domain,2026-08-27
A Romance of Happy Valley (1919) - Ad 1.jpg,https://commons.wikimedia.org/wiki/File:A_Romance_of_Happy_Valley_%281919%29_-_Ad_1.jpg,https://upload.wikimedia.org/wikipedia/commons/4/4c/A_Romance_of_Happy_Valley_%281919%29_-_Ad_1.jpg,Lillian Gish in 1919,Public domain,LOWRES
1920 census Gish.jpg,https://commons.wikimedia.org/wiki/File:1920_census_Gish.jpg,https://upload.wikimedia.org/wikipedia/commons/4/46/1920_census_Gish.jpg,Lillian Gish in 1920,Public domain,2026-09-01
Lillian Gish as Anna Moore.jpg,https://commons.wikimedia.org/wiki/File:Lillian_Gish_as_Anna_Moore.jpg,https://upload.wikimedia.org/wikipedia/commons/a/a9/Lillian_Gish_as_Anna_Moore.jpg,Lillian Gish in 1920,Public domain,2026-08-27
Lillian Gish in Way Down East (1).jpg,https://commons.wikimedia.org/wiki/File:Lillian_Gish_in_Way_Down_East_%281%29.jpg,https://upload.wikimedia.org/wikipedia/commons/f/f8/Lillian_Gish_in_Way_Down_East_%281%29.jpg,Lillian Gish in 1920,Public domain,2026-08-27
Lillian Gish in Way Down East (2).jpg,https://commons.wikimedia.org/wiki/File:Lillian_Gish_in_Way_Down_East_%282%29.jpg,https://upload.wikimedia.org/wikipedia/commons/1/13/Lillian_Gish_in_Way_Down_East_%282%29.jpg,Lillian Gish in 1920,Public domain,2026-08-27
Lillian Gish in Way Down East (3).jpg,https://commons.wikimedia.org/wiki/File:Lillian_Gish_in_Way_Down_East_%283%29.jpg,https://upload.wikimedia.org/wikipedia/commons/e/ed/Lillian_Gish_in_Way_Down_East_%283%29.jpg,Lillian Gish in 1920,Public domain,2026-08-29
Lillian Gish in Way Down East (4).jpg,https://commons.wikimedia.org/wiki/File:Lillian_Gish_in_Way_Down_East_%284%29.jpg,https://upload.wikimedia.org/wikipedia/commons/5/5c/Lillian_Gish_in_Way_Down_East_%284%29.jpg,Lillian Gish in 1920,Public domain,2026-09-01
Lillian Gish in Way Down East (5).jpg,https://commons.wikimedia.org/wiki/File:Lillian_Gish_in_Way_Down_East_%285%29.jpg,https://upload.wikimedia.org/wikipedia/commons/a/ad/Lillian_Gish_in_Way_Down_East_%285%29.jpg,Lillian Gish in 1920,Public domain,2026-08-29
Lillian Gish in Way Down East (6).jpg,https://commons.wikimedia.org/wiki/File:Lillian_Gish_in_Way_Down_East_%286%29.jpg,https://upload.wikimedia.org/wikipedia/commons/9/9b/Lillian_Gish_in_Way_Down_East_%286%29.jpg,Lillian Gish in 1920,Public domain,2026-08-29
"Lillian Gish on the White River Junction, Vermont.jpg",https://commons.wikimedia.org/wiki/File:Lillian_Gish_on_the_White_River_Junction%2C_Vermont.jpg,https://upload.wikimedia.org/wikipedia/commons/3/34/Lillian_Gish_on_the_White_River_Junction%2C_Vermont.jpg,Lillian Gish in 1920,Public domain,LOWRES
Way Down East Still 04.jpg,https://commons.wikimedia.org/wiki/File:Way_Down_East_Still_04.jpg,https://upload.wikimedia.org/wikipedia/commons/0/0f/Way_Down_East_Still_04.jpg,Lillian Gish in 1920,Public domain,2026-08-31
"Lillian Gish, 6-29-21 LCCN2014712807.jpg",https://commons.wikimedia.org/wiki/File:Lillian_Gish%2C_6-29-21_LCCN2014712807.jpg,https://upload.wikimedia.org/wikipedia/commons/7/70/Lillian_Gish%2C_6-29-21_LCCN2014712807.jpg,Lillian Gish in 1921,Public domain,2026-08-29
Lilliangish.jpg,https://commons.wikimedia.org/wiki/File:Lilliangish.jpg,https://upload.wikimedia.org/wikipedia/commons/d/df/Lilliangish.jpg,Lillian Gish in 1921,Public domain,2026-08-27
"Dorothy & Lillian Gish, D.W. Griffith.jpg",https://commons.wikimedia.org/wiki/File:Dorothy_%26_Lillian_Gish%2C_D.W._Griffith.jpg,https://upload.wikimedia.org/wikipedia/commons/2/26/Dorothy_%26_Lillian_Gish%2C_D.W._Griffith.jpg,Lillian Gish in 1922,Public domain,2026-09-04
Lillian and Dorothy Gish LCCN2003666669.jpg,https://commons.wikimedia.org/wiki/File:Lillian_and_Dorothy_Gish_LCCN2003666669.jpg,https://upload.wikimedia.org/wikipedia/commons/3/3f/Lillian_and_Dorothy_Gish_LCCN2003666669.jpg,Lillian Gish in 1922,Public domain,2026-09-04
Lillian Gish by Witzel enhanced.jpg,https://commons.wikimedia.org/wiki/File:Lillian_Gish_by_Witzel_enhanced.jpg,https://upload.wikimedia.org/wikipedia/commons/2/2a/Lillian_Gish_by_Witzel_enhanced.jpg,Lillian Gish in 1922,Public domain,2026-08-29
Lillian Gish LCCN2014714166.jpg,https://commons.wikimedia.org/wiki/File:Lillian_Gish_LCCN2014714166.jpg,https://upload.wikimedia.org/wikipedia/commons/3/35/Lillian_Gish_LCCN2014714166.jpg,Lillian Gish in 1922,Public domain,2026-09-01
LillianGishByWitzel.png,https://commons.wikimedia.org/wiki/File:LillianGishByWitzel.png,https://upload.wikimedia.org/wikipedia/commons/c/c3/LillianGishByWitzel.png,Lillian Gish in 1922,Public domain,2026-08-29
The White Sister (1923) - Giovanni and Angela.png,https://commons.wikimedia.org/wiki/File:The_White_Sister_%281923%29_-_Giovanni_and_Angela.png,https://upload.wikimedia.org/wikipedia/commons/1/17/The_White_Sister_%281923%29_-_Giovanni_and_Angela.png,Lillian Gish in 1923,Public domain,LOWRES
"Gish, Lillian (Annie Laurie) 01.jpg",https://commons.wikimedia.org/wiki/File:Gish%2C_Lillian_%28Annie_Laurie%29_01.jpg,https://upload.wikimedia.org/wikipedia/commons/b/be/Gish%2C_Lillian_%28Annie_Laurie%29_01.jpg,Lillian Gish in 1927,Public domain,2026-08-27
"Gish, Lillian (Annie Laurie) 02.jpg",https://commons.wikimedia.org/wiki/File:Gish%2C_Lillian_%28Annie_Laurie%29_02.jpg,https://upload.wikimedia.org/wikipedia/commons/9/93/Gish%2C_Lillian_%28Annie_Laurie%29_02.jpg,Lillian Gish in 1927,Public domain,2026-08-27
"Gish, Lillian (Annie Laurie) 03.jpg",https://commons.wikimedia.org/wiki/File:Gish%2C_Lillian_%28Annie_Laurie%29_03.jpg,https://upload.wikimedia.org/wikipedia/commons/f/f1/Gish%2C_Lillian_%28Annie_Laurie%29_03.jpg,Lillian Gish in 1927,Public domain,2026-08-27
"Gish, Lillian (Annie Laurie) 04.jpg",https://commons.wikimedia.org/wiki/File:Gish%2C_Lillian_%28Annie_Laurie%29_04.jpg,https://upload.wikimedia.org/wikipedia/commons/3/39/Gish%2C_Lillian_%28Annie_Laurie%29_04.jpg,Lillian Gish in 1927,Public domain,2026-09-05
"Gish, Lillian (Annie Laurie) 05.jpg",https://commons.wikimedia.org/wiki/File:Gish%2C_Lillian_%28Annie_Laurie%29_05.jpg,https://upload.wikimedia.org/wikipedia/commons/0/0f/Gish%2C_Lillian_%28Annie_Laurie%29_05.jpg,Lillian Gish in 1927,Public domain,2026-08-29
"Gish, Lillian (Annie Laurie) NRFPT 02.jpg",https://commons.wikimedia.org/wiki/File:Gish%2C_Lillian_%28Annie_Laurie%29_NRFPT_02.jpg,https://upload.wikimedia.org/wikipedia/commons/6/6b/Gish%2C_Lillian_%28Annie_Laurie%29_NRFPT_02.jpg,Lillian Gish in 1927,Public domain,2026-08-27
Lillian Gish in The Wind (1928).jpg,https://commons.wikimedia.org/wiki/File:Lillian_Gish_in_The_Wind_%281928%29.jpg,https://upload.wikimedia.org/wikipedia/commons/f/f4/Lillian_Gish_in_The_Wind_%281928%29.jpg,Lillian Gish in 1928,Public domain,2026-08-30
Lillian Gish and others in The Wind.jpg,https://commons.wikimedia.org/wiki/File:Lillian_Gish_and_others_in_The_Wind.jpg,https://upload.wikimedia.org/wikipedia/commons/0/04/Lillian_Gish_and_others_in_The_Wind.jpg,Lillian Gish in 1928,Public domain,2026-08-29
"Mary Pickford, silent film actress (SAYRE 1316).jpg",https://commons.wikimedia.org/wiki/File:Mary_Pickford%2C_silent_film_actress_%28SAYRE_1316%29.jpg,https://upload.wikimedia.org/wikipedia/commons/2/2d/Mary_Pickford%2C_silent_film_actress_%28SAYRE_1316%29.jpg,Mary Pickford in 1913,Public domain,2026-09-01
"Mary Pickford, 1893-, composite of 2 busts, facing left LCCN2005679805.jpg",https://commons.wikimedia.org/wiki/File:Mary_Pickford%2C_1893-%2C_composite_of_2_busts%2C_facing_left_LCCN2005679805.jpg,https://upload.wikimedia.org/wikipedia/commons/a/a3/Mary_Pickford%2C_1893-%2C_composite_of_2_busts%2C_facing_left_LCCN2005679805.jpg,Mary Pickford in 1914,Public domain,2026-09-03
"Mary Pickford, 1893-, half-length, facing left, with mirror image, facing slightly left. LCCN2005679809.jpg",https://commons.wikimedia.org/wiki/File:Mary_Pickford%2C_1893-%2C_half-length%2C_facing_left%2C_with_mirror_image%2C_facing_slightly_left._LCCN2005679809.jpg,https://upload.wikimedia.org/wikipedia/commons/e/e6/Mary_Pickford%2C_1893-%2C_half-length%2C_facing_left%2C_with_mirror_image%2C_facing_slightly_left._LCCN2005679809.jpg,Mary Pickford in 1914,Public domain,2026-09-04
1915 - Hippodrome Theater Ad3 Allentown PA.jpg,https://commons.wikimedia.org/wiki/File:1915_-_Hippodrome_Theater_Ad3_Allentown_PA.jpg,https://upload.wikimedia.org/wikipedia/commons/9/98/1915_-_Hippodrome_Theater_Ad3_Allentown_PA.jpg,Mary Pickford in 1915,Public domain,LOWRES
M. Pickford by R. P. Moody.jpg,https://commons.wikimedia.org/wiki/File:M._Pickford_by_R._P._Moody.jpg,https://upload.wikimedia.org/wikipedia/commons/5/5f/M._Pickford_by_R._P._Moody.jpg,Mary Pickford in 1915,Public domain,2026-09-03
"Mary Pickford, 1893- LCCN2003653495.jpg",https://commons.wikimedia.org/wiki/File:Mary_Pickford%2C_1893-_LCCN2003653495.jpg,https://upload.wikimedia.org/wikipedia/commons/9/90/Mary_Pickford%2C_1893-_LCCN2003653495.jpg,Mary Pickford in 1915,Public domain,2026-09-01
Thedawnofatomorrow-filmpamphlet-1915.jpg,https://commons.wikimedia.org/wiki/File:Thedawnofatomorrow-filmpamphlet-1915.jpg,https://upload.wikimedia.org/wikipedia/commons/3/33/Thedawnofatomorrow-filmpamphlet-1915.jpg,Mary Pickford in 1915,Public domain,2026-09-05
"Mary Pickford, 1893-, full-length, standing, facing left, left hand on hip LCCN2005679810.jpg",https://commons.wikimedia.org/wiki/File:Mary_Pickford%2C_1893-%2C_full-length%2C_standing%2C_facing_left%2C_left_hand_on_hip_LCCN2005679810.jpg,https://upload.wikimedia.org/wikipedia/commons/8/8f/Mary_Pickford%2C_1893-%2C_full-length%2C_standing%2C_facing_left%2C_left_hand_on_hip_LCCN2005679810.jpg,Mary Pickford in 1916,Public domain,2026-09-01
1918 - Hippodrome Theater Ad - 1 Jan MC - Allentown PA.jpg,https://commons.wikimedia.org/wiki/File:1918_-_Hippodrome_Theater_Ad_-_1_Jan_MC_-_Allentown_PA.jpg,https://upload.wikimedia.org/wikipedia/commons/d/d3/1918_-_Hippodrome_Theater_Ad_-_1_Jan_MC_-_Allentown_PA.jpg,Mary Pickford in 1917,Public domain,LOWRES
1918 - Hippodrome Theater Ad Allentown PA.jpg,https://commons.wikimedia.org/wiki/File:1918_-_Hippodrome_Theater_Ad_Allentown_PA.jpg,https://upload.wikimedia.org/wikipedia/commons/3/30/1918_-_Hippodrome_Theater_Ad_Allentown_PA.jpg,Mary Pickford in 1918,Public domain,LOWRES
"Mary Pickford, silent film actress (SAYRE 1858).jpg",https://commons.wikimedia.org/wiki/File:Mary_Pickford%2C_silent_film_actress_%28SAYRE_1858%29.jpg,https://upload.wikimedia.org/wikipedia/commons/b/b6/Mary_Pickford%2C_silent_film_actress_%28SAYRE_1858%29.jpg,Mary Pickford in 1919,Public domain,2026-08-31
Daddy-Long-Legs (1919) - Ad 1.jpg,https://commons.wikimedia.org/wiki/File:Daddy-Long-Legs_%281919%29_-_Ad_1.jpg,https://upload.wikimedia.org/wikipedia/commons/c/c3/Daddy-Long-Legs_%281919%29_-_Ad_1.jpg,Mary Pickford in 1919,Public domain,2026-09-05
Daddy-Long-Legs (1919) - Ad 4.jpg,https://commons.wikimedia.org/wiki/File:Daddy-Long-Legs_%281919%29_-_Ad_4.jpg,https://upload.wikimedia.org/wikipedia/commons/1/19/Daddy-Long-Legs_%281919%29_-_Ad_4.jpg,Mary Pickford in 1919,Public domain,2026-09-04
Heart o' the hills LCCN2013648181.jpg,https://commons.wikimedia.org/wiki/File:Heart_o%27_the_hills_LCCN2013648181.jpg,https://upload.wikimedia.org/wikipedia/commons/8/88/Heart_o%27_the_hills_LCCN2013648181.jpg,Mary Pickford in 1919,Public domain,2026-09-02
The Hoodlum (1919) - 10.jpg,https://commons.wikimedia.org/wiki/File:The_Hoodlum_%281919%29_-_10.jpg,https://upload.wikimedia.org/wikipedia/commons/c/c4/The_Hoodlum_%281919%29_-_10.jpg,Mary Pickford in 1919,Public domain,LOWRES
Doug (Fairbanks) & Mary (Pickford) LCCN2014710766.jpg,https://commons.wikimedia.org/wiki/File:Doug_%28Fairbanks%29_%26_Mary_%28Pickford%29_LCCN2014710766.jpg,https://upload.wikimedia.org/wikipedia/commons/3/36/Doug_%28Fairbanks%29_%26_Mary_%28Pickford%29_LCCN2014710766.jpg,Mary Pickford in 1920,Public domain,LOWRES
Doug (Fairbanks) & Mary (Pickford) LCCN2014710767.jpg,https://commons.wikimedia.org/wiki/File:Doug_%28Fairbanks%29_%26_Mary_%28Pickford%29_LCCN2014710767.jpg,https://upload.wikimedia.org/wikipedia/commons/6/60/Doug_%28Fairbanks%29_%26_Mary_%28Pickford%29_LCCN2014710767.jpg,Mary Pickford in 1920,Public domain,2026-08-31
Doug. Fairbanks & Mary Pickford LCCN2016828119.jpg,https://commons.wikimedia.org/wiki/File:Doug._Fairbanks_%26_Mary_Pickford_LCCN2016828119.jpg,https://upload.wikimedia.org/wikipedia/commons/9/92/Doug._Fairbanks_%26_Mary_Pickford_LCCN2016828119.jpg,Mary Pickford in 1920,Public domain,2026-08-30
Doug. Fairbanks & Mary Pickford LCCN2016828120.jpg,https://commons.wikimedia.org/wiki/File:Doug._Fairbanks_%26_Mary_Pickford_LCCN2016828120.jpg,https://upload.wikimedia.org/wikipedia/commons/e/e4/Doug._Fairbanks_%26_Mary_Pickford_LCCN2016828120.jpg,Mary Pickford in 1920,Public domain,2026-09-05
"Filmster Mary Pickford (1892-1979) en haar man Douglas Fairbanks bij aankomst in New York, SFA022003337.jpg",https://commons.wikimedia.org/wiki/File:Filmster_Mary_Pickford_%281892-1979%29_en_haar_man_Douglas_Fairbanks_bij_aankomst_in_New_York%2C_SFA022003337.jpg,https://upload.wikimedia.org/wikipedia/commons/f/fe/Filmster_Mary_Pickford_%281892-1979%29_en_haar_man_Douglas_Fairbanks_bij_aankomst_in_New_York%2C_SFA022003337.jpg,Mary Pickford in 1920,Public domain,2026-09-04
"Hiram Abrams, (Mary) Pickford - (Doug) Fairbanks - Mrs. Pickford LCCN2014710765.jpg",https://commons.wikimedia.org/wiki/File:Hiram_Abrams%2C_%28Mary%29_Pickford_-_%28Doug%29_Fairbanks_-_Mrs._Pickford_LCCN2014710765.jpg,https://upload.wikimedia.org/wikipedia/commons/4/4b/Hiram_Abrams%2C_%28Mary%29_Pickford_-_%28Doug%29_Fairbanks_-_Mrs._Pickford_LCCN2014710765.jpg,Mary Pickford in 1920,Public domain,2026-09-05
Mary Piekford.tif,https://commons.wikimedia.org/wiki/File:Mary_Piekford.tif,https://upload.wikimedia.org/wikipedia/commons/f/f3/Mary_Piekford.tif,Mary Pickford in 1920,Public domain,2026-09-21
Fairbanks & Pickford LCCN2014713298.jpg,https://commons.wikimedia.org/wiki/File:Fairbanks_%26_Pickford_LCCN2014713298.jpg,https://upload.wikimedia.org/wikipedia/commons/9/9a/Fairbanks_%26_Pickford_LCCN2014713298.jpg,Mary Pickford in 1921,Public domain,2026-08-27
Fairbanks & Pickford LCCN2014713299.jpg,https://commons.wikimedia.org/wiki/File:Fairbanks_%26_Pickford_LCCN2014713299.jpg,https://upload.wikimedia.org/wikipedia/commons/1/13/Fairbanks_%26_Pickford_LCCN2014713299.jpg,Mary Pickford in 1921,Public domain,2026-09-03
Mary Pickford Washing Her Hair.jpg,https://commons.wikimedia.org/wiki/File:Mary_Pickford_Washing_Her_Hair.jpg,https://upload.wikimedia.org/wikipedia/commons/5/5c/Mary_Pickford_Washing_Her_Hair.jpg,Mary Pickford in 1922,Public domain,2026-08-31
Mary Pickford in Rosita LCCN2002713067.jpg,https://commons.wikimedia.org/wiki/File:Mary_Pickford_in_Rosita_LCCN2002713067.jpg,https://upload.wikimedia.org/wikipedia/commons/5/50/Mary_Pickford_in_Rosita_LCCN2002713067.jpg,Mary Pickford in 1923,Public domain,2026-09-01
Mary Pickford LCCN2014716424.jpg,https://commons.wikimedia.org/wiki/File:Mary_Pickford_LCCN2014716424.jpg,https://upload.wikimedia.org/wikipedia/commons/6/68/Mary_Pickford_LCCN2014716424.jpg,Mary Pickford in 1923,Public domain,2026-09-04
Mary Pickford LCCN2014716425.jpg,https://commons.wikimedia.org/wiki/File:Mary_Pickford_LCCN2014716425.jpg,https://upload.wikimedia.org/wikipedia/commons/7/70/Mary_Pickford_LCCN2014716425.jpg,Mary Pickford in 1923,Public domain,2026-09-04
"Mary Pickford in ""Little Annie Rooney"" LCCN2014718193.jpg",https://commons.wikimedia.org/wiki/File:Mary_Pickford_in_%22Little_Annie_Rooney%22_LCCN2014718193.jpg,https://upload.wikimedia.org/wikipedia/commons/8/8a/Mary_Pickford_in_%22Little_Annie_Rooney%22_LCCN2014718193.jpg,Mary Pickford in 1925,Public domain,2026-09-06
Little Annie Rooney (SAYRE 14627).jpg,https://commons.wikimedia.org/wiki/File:Little_Annie_Rooney_%28SAYRE_14627%29.jpg,https://upload.wikimedia.org/wikipedia/commons/b/bd/Little_Annie_Rooney_%28SAYRE_14627%29.jpg,Mary Pickford in 1925,Public domain,2026-08-31
Sparrows (1926) - 3.jpg,https://commons.wikimedia.org/wiki/File:Sparrows_%281926%29_-_3.jpg,https://upload.wikimedia.org/wikipedia/commons/4/43/Sparrows_%281926%29_-_3.jpg,Mary Pickford in 1926,Public domain,2026-09-04
Sparrows (1926) - 4.jpg,https://commons.wikimedia.org/wiki/File:Sparrows_%281926%29_-_4.jpg,https://upload.wikimedia.org/wikipedia/commons/8/8c/Sparrows_%281926%29_-_4.jpg,Mary Pickford in 1926,Public domain,LOWRES
My Best Girl (SAYRE 14096).jpg,https://commons.wikimedia.org/wiki/File:My_Best_Girl_%28SAYRE_14096%29.jpg,https://upload.wikimedia.org/wikipedia/commons/b/b2/My_Best_Girl_%28SAYRE_14096%29.jpg,Mary Pickford in 1927,Public domain,2026-09-01
"Once a Clown, Always a Clown-p175b.png",https://commons.wikimedia.org/wiki/File:Once_a_Clown%2C_Always_a_Clown-p175b.png,https://upload.wikimedia.org/wikipedia/commons/5/5b/Once_a_Clown%2C_Always_a_Clown-p175b.png,Mary Pickford in 1927,Public domain,2026-09-02
Mary Pickford in Coquette (1929).jpg,https://commons.wikimedia.org/wiki/File:Mary_Pickford_in_Coquette_%281929%29.jpg,https://upload.wikimedia.org/wikipedia/commons/f/fa/Mary_Pickford_in_Coquette_%281929%29.jpg,Mary Pickford in 1929,Public domain,2026-08-31
Actress Mary Pickford 275020v.jpg,https://commons.wikimedia.org/wiki/File:Actress_Mary_Pickford_275020v.jpg,https://upload.wikimedia.org/wikipedia/commons/e/ea/Actress_Mary_Pickford_275020v.jpg,Mary Pickford in 1938,Public domain,2026-09-01
Mary Pickford's birthplace at 211 University Avenue.jpg,https://commons.wikimedia.org/wiki/File:Mary_Pickford%27s_birthplace_at_211_University_Avenue.jpg,https://upload.wikimedia.org/wikipedia/commons/3/36/Mary_Pickford%27s_birthplace_at_211_University_Avenue.jpg,Birthplace of Mary Pickford,Public domain,2026-09-03
Hedy Lamarr Ziegfeld Girl.jpg,https://commons.wikimedia.org/wiki/File:Hedy_Lamarr_Ziegfeld_Girl.jpg,https://upload.wikimedia.org/wikipedia/commons/1/1a/Hedy_Lamarr_Ziegfeld_Girl.jpg,Hedy Lamarr in 1941,Public domain,2026-09-06
Hedy Lamarr-Ziegfeld Girl.jpg,https://commons.wikimedia.org/wiki/File:Hedy_Lamarr-Ziegfeld_Girl.jpg,https://upload.wikimedia.org/wikipedia/commons/1/18/Hedy_Lamarr-Ziegfeld_Girl.jpg,Hedy Lamarr in 1941,Public domain,2026-09-02
Hedy Lamarr The Strange Woman.jpg,https://commons.wikimedia.org/wiki/File:Hedy_Lamarr_The_Strange_Woman.jpg,https://upload.wikimedia.org/wikipedia/commons/4/46/Hedy_Lamarr_The_Strange_Woman.jpg,Hedy Lamarr in 1946,Public domain,2026-09-01
A perfect crime 1921.jpg,https://commons.wikimedia.org/wiki/File:A_perfect_crime_1921.jpg,https://upload.wikimedia.org/wikipedia/commons/4/47/A_perfect_crime_1921.jpg,Carole Lombard in 1921,Public domain,2026-09-02
A perfect crime 1921.jpg,https://commons.wikimedia.org/wiki/File:A_perfect_crime_1921.jpg,https://upload.wikimedia.org/wikipedia/commons/archive/4/47/20130928090842%21A_perfect_crime_1921.jpg,Carole Lombard in 1921,Public domain,GONE
A perfect crime 1921.jpg,https://commons.wikimedia.org/wiki/File:A_perfect_crime_1921.jpg,https://upload.wikimedia.org/wikipedia/commons/archive/4/47/20130928090615%21A_perfect_crime_1921.jpg,Carole Lombard in 1921,Public domain,GONE
Carole Lombard in The Girl From Everywhere 1927.jpg,https://commons.wikimedia.org/wiki/File:Carole_Lombard_in_The_Girl_From_Everywhere_1927.jpg,https://upload.wikimedia.org/wikipedia/commons/d/dc/Carole_Lombard_in_The_Girl_From_Everywhere_1927.jpg,Carole Lombard in 1927,Public domain,2026-08-28
Carole Lombard by Edwin Bower Hesser 2.jpg,https://commons.wikimedia.org/wiki/File:Carole_Lombard_by_Edwin_Bower_Hesser_2.jpg,https://upload.wikimedia.org/wikipedia/commons/e/e3/Carole_Lombard_by_Edwin_Bower_Hesser_2.jpg,Carole Lombard in 1929,Public domain,2026-08-28
Carole Lombard Diane Ellis 1929.jpg,https://commons.wikimedia.org/wiki/File:Carole_Lombard_Diane_Ellis_1929.jpg,https://upload.wikimedia.org/wikipedia/commons/5/56/Carole_Lombard_Diane_Ellis_1929.jpg,Carole Lombard in 1929,Public domain,2026-08-28
Carole Lombard Pathe.jpg,https://commons.wikimedia.org/wiki/File:Carole_Lombard_Pathe.jpg,https://upload.wikimedia.org/wikipedia/commons/9/9d/Carole_Lombard_Pathe.jpg,Carole Lombard in 1929,Public domain,LOWRES
High Voltage (1929) 1.jpg,https://commons.wikimedia.org/wiki/File:High_Voltage_%281929%29_1.jpg,https://upload.wikimedia.org/wikipedia/commons/d/d1/High_Voltage_%281929%29_1.jpg,Carole Lombard in 1929,Public domain,2026-09-02
Carole Lombard by A. L. Whitey Schafer.jpg,https://commons.wikimedia.org/wiki/File:Carole_Lombard_by_A._L._Whitey_Schafer.jpg,https://upload.wikimedia.org/wikipedia/commons/8/81/Carole_Lombard_by_A._L._Whitey_Schafer.jpg,Carole Lombard in 1933,Public domain,2026-08-28
"Carole Lombard in a gown Travis Banton designed for her personal wardrobe, 1936.jpg",https://commons.wikimedia.org/wiki/File:Carole_Lombard_in_a_gown_Travis_Banton_designed_for_her_personal_wardrobe%2C_1936.jpg,https://upload.wikimedia.org/wikipedia/commons/8/8b/Carole_Lombard_in_a_gown_Travis_Banton_designed_for_her_personal_wardrobe%2C_1936.jpg,Carole Lombard in 1936,Public domain,2026-09-02
Carole Lombard in My Man Godfrey (1936).jpg,https://commons.wikimedia.org/wiki/File:Carole_Lombard_in_My_Man_Godfrey_%281936%29.jpg,https://upload.wikimedia.org/wikipedia/commons/9/92/Carole_Lombard_in_My_Man_Godfrey_%281936%29.jpg,Carole Lombard in 1936,Public domain,2026-08-28
Nothing Sacred composite 2.jpg,https://commons.wikimedia.org/wiki/File:Nothing_Sacred_composite_2.jpg,https://upload.wikimedia.org/wikipedia/commons/5/5e/Nothing_Sacred_composite_2.jpg,Carole Lombard in 1937,Public domain,2026-08-28
National-Velvet-1.jpg,https://commons.wikimedia.org/wiki/File:National-Velvet-1.jpg,https://upload.wikimedia.org/wikipedia/commons/7/71/National-Velvet-1.jpg,Elizabeth Taylor in 1945,Public domain,2026-09-01
Father's Little Dividend 1.jpg,https://commons.wikimedia.org/wiki/File:Father%27s_Little_Dividend_1.jpg,https://upload.wikimedia.org/wikipedia/commons/7/76/Father%27s_Little_Dividend_1.jpg,Elizabeth Taylor in 1951,Public domain,2026-09-01
Elizabeth Taylor 1 (cropped)2-3 cloneoutbg contrast b&w.jpg,https://commons.wikimedia.org/wiki/File:Elizabeth_Taylor_1_%28cropped%292-3_cloneoutbg_contrast_b%26w.jpg,https://upload.wikimedia.org/wikipedia/commons/b/b4/Elizabeth_Taylor_1_%28cropped%292-3_cloneoutbg_contrast_b%26w.jpg,Elizabeth Taylor in 1953,Public domain,2026-09-03
Elizabeth Taylor on set of Giant (1955).jpg,https://commons.wikimedia.org/wiki/File:Elizabeth_Taylor_on_set_of_Giant_%281955%29.jpg,https://upload.wikimedia.org/wikipedia/commons/5/51/Elizabeth_Taylor_on_set_of_Giant_%281955%29.jpg,Elizabeth Taylor in 1955,Public domain,2026-09-02
Loris Loddi-Elizabeth Taylor in Cleopatra still.jpg,https://commons.wikimedia.org/wiki/File:Loris_Loddi-Elizabeth_Taylor_in_Cleopatra_still.jpg,https://upload.wikimedia.org/wikipedia/commons/5/58/Loris_Loddi-Elizabeth_Taylor_in_Cleopatra_still.jpg,Elizabeth Taylor in 1963,Public domain,2026-09-03
"Era lui... sì! sì!, Sophia Loren.jpg",https://commons.wikimedia.org/wiki/File:Era_lui..._s%C3%AC%21_s%C3%AC%21%2C_Sophia_Loren.jpg,https://upload.wikimedia.org/wikipedia/commons/4/4e/Era_lui..._s%C3%AC%21_s%C3%AC%21%2C_Sophia_Loren.jpg,Sophia Loren in the 1950s,Public domain,2026-08-31
Emilio Greco mentre ritrae Sofia Loren nello studio di Villa Massimo.jpg,https://commons.wikimedia.org/wiki/File:Emilio_Greco_mentre_ritrae_Sofia_Loren_nello_studio_di_Villa_Massimo.jpg,https://upload.wikimedia.org/wikipedia/commons/d/db/Emilio_Greco_mentre_ritrae_Sofia_Loren_nello_studio_di_Villa_Massimo.jpg,Sophia Loren in 1950,Public domain,2026-08-29
Attila il flagello di Dio (1954) Sophia Loren & Colette Règis 1.png,https://commons.wikimedia.org/wiki/File:Attila_il_flagello_di_Dio_%281954%29_Sophia_Loren_%26_Colette_R%C3%A8gis_1.png,https://upload.wikimedia.org/wikipedia/commons/1/1b/Attila_il_flagello_di_Dio_%281954%29_Sophia_Loren_%26_Colette_R%C3%A8gis_1.png,Sophia Loren in 1954,Public domain,2026-08-31
Attila il flagello di Dio (1954) Sophia Loren & Colette Règis 2.png,https://commons.wikimedia.org/wiki/File:Attila_il_flagello_di_Dio_%281954%29_Sophia_Loren_%26_Colette_R%C3%A8gis_2.png,https://upload.wikimedia.org/wikipedia/commons/9/98/Attila_il_flagello_di_Dio_%281954%29_Sophia_Loren_%26_Colette_R%C3%A8gis_2.png,Sophia Loren in 1954,Public domain,2026-09-02
Attila il flagello di Dio (1954) Sophia Loren 1.png,https://commons.wikimedia.org/wiki/File:Attila_il_flagello_di_Dio_%281954%29_Sophia_Loren_1.png,https://upload.wikimedia.org/wikipedia/commons/0/06/Attila_il_flagello_di_Dio_%281954%29_Sophia_Loren_1.png,Sophia Loren in 1954,Public domain,2026-08-30
Attila il flagello di Dio (1954) Sophia Loren 2.png,https://commons.wikimedia.org/wiki/File:Attila_il_flagello_di_Dio_%281954%29_Sophia_Loren_2.png,https://upload.wikimedia.org/wikipedia/commons/b/bc/Attila_il_flagello_di_Dio_%281954%29_Sophia_Loren_2.png,Sophia Loren in 1954,Public domain,2026-09-06
Attila il flagello di Dio (1954) Sophia Loren 3.png,https://commons.wikimedia.org/wiki/File:Attila_il_flagello_di_Dio_%281954%29_Sophia_Loren_3.png,https://upload.wikimedia.org/wikipedia/commons/a/a4/Attila_il_flagello_di_Dio_%281954%29_Sophia_Loren_3.png,Sophia Loren in 1954,Public domain,2026-09-01
Attila il flagello di Dio (1954) Sophia Loren 4.png,https://commons.wikimedia.org/wiki/File:Attila_il_flagello_di_Dio_%281954%29_Sophia_Loren_4.png,https://upload.wikimedia.org/wikipedia/commons/2/25/Attila_il_flagello_di_Dio_%281954%29_Sophia_Loren_4.png,Sophia Loren in 1954,Public domain,2026-08-29
Attila il flagello di Dio (1954) Sophia Loren 5.png,https://commons.wikimedia.org/wiki/File:Attila_il_flagello_di_Dio_%281954%29_Sophia_Loren_5.png,https://upload.wikimedia.org/wikipedia/commons/b/b7/Attila_il_flagello_di_Dio_%281954%29_Sophia_Loren_5.png,Sophia Loren in 1954,Public domain,2026-09-04
Attila il flagello di Dio (1954) Sophia Loren 6.png,https://commons.wikimedia.org/wiki/File:Attila_il_flagello_di_Dio_%281954%29_Sophia_Loren_6.png,https://upload.wikimedia.org/wikipedia/commons/2/2e/Attila_il_flagello_di_Dio_%281954%29_Sophia_Loren_6.png,Sophia Loren in 1954,Public domain,2026-08-29
Attila il flagello di Dio (1954) Sophia Loren 7.png,https://commons.wikimedia.org/wiki/File:Attila_il_flagello_di_Dio_%281954%29_Sophia_Loren_7.png,https://upload.wikimedia.org/wikipedia/commons/3/34/Attila_il_flagello_di_Dio_%281954%29_Sophia_Loren_7.png,Sophia Loren in 1954,Public domain,2026-08-29
Attila il flagello di Dio (1954) Sophia Loren 8.png,https://commons.wikimedia.org/wiki/File:Attila_il_flagello_di_Dio_%281954%29_Sophia_Loren_8.png,https://upload.wikimedia.org/wikipedia/commons/3/39/Attila_il_flagello_di_Dio_%281954%29_Sophia_Loren_8.png,Sophia Loren in 1954,Public domain,2026-08-29
Pellegrini d'amore (1954) Sophia Loren.png,https://commons.wikimedia.org/wiki/File:Pellegrini_d%27amore_%281954%29_Sophia_Loren.png,https://upload.wikimedia.org/wikipedia/commons/c/c5/Pellegrini_d%27amore_%281954%29_Sophia_Loren.png,Sophia Loren in 1954,Public domain,2026-08-29
1962 - Boyd Theater - 2 Apr MC - Allentown PA.jpg,https://commons.wikimedia.org/wiki/File:1962_-_Boyd_Theater_-_2_Apr_MC_-_Allentown_PA.jpg,https://upload.wikimedia.org/wikipedia/commons/5/59/1962_-_Boyd_Theater_-_2_Apr_MC_-_Allentown_PA.jpg,Sophia Loren in 1962,Public domain,2026-09-05
Sofia Loren 1965.jpg,https://commons.wikimedia.org/wiki/File:Sofia_Loren_1965.jpg,https://upload.wikimedia.org/wikipedia/commons/c/cb/Sofia_Loren_1965.jpg,Sophia Loren in 1965,Public domain,2026-08-29
"Sophia Loren in ""Judith"", 1966.jpg",https://commons.wikimedia.org/wiki/File:Sophia_Loren_in_%22Judith%22%2C_1966.jpg,https://upload.wikimedia.org/wikipedia/commons/5/50/Sophia_Loren_in_%22Judith%22%2C_1966.jpg,Sophia Loren in 1966,Public domain,LOWRES
"Sophia Loren, internationally known actress of television and films.jpg",https://commons.wikimedia.org/wiki/File:Sophia_Loren%2C_internationally_known_actress_of_television_and_films.jpg,https://upload.wikimedia.org/wikipedia/commons/1/1d/Sophia_Loren%2C_internationally_known_actress_of_television_and_films.jpg,Sophia Loren in 1967,Public domain,2026-08-29
Audrey Hepburn - The Virginian-Pilot (1952).png,https://commons.wikimedia.org/wiki/File:Audrey_Hepburn_-_The_Virginian-Pilot_%281952%29.png,https://upload.wikimedia.org/wikipedia/commons/8/8b/Audrey_Hepburn_-_The_Virginian-Pilot_%281952%29.png,Audrey Hepburn in 1952,Public domain,2026-08-30
Audrey Hepburn in Sabrina.jpg,https://commons.wikimedia.org/wiki/File:Audrey_Hepburn_in_Sabrina.jpg,https://upload.wikimedia.org/wikipedia/commons/0/02/Audrey_Hepburn_in_Sabrina.jpg,Audrey Hepburn in 1954,Public domain,2026-08-30
Sabrina Audrey Hepburn (r1965).jpg,https://commons.wikimedia.org/wiki/File:Sabrina_Audrey_Hepburn_%28r1965%29.jpg,https://upload.wikimedia.org/wikipedia/commons/7/7b/Sabrina_Audrey_Hepburn_%28r1965%29.jpg,Audrey Hepburn in 1954,Public domain,2026-08-30
Audrey Hepburn in Love in the Afternoon.jpg,https://commons.wikimedia.org/wiki/File:Audrey_Hepburn_in_Love_in_the_Afternoon.jpg,https://upload.wikimedia.org/wikipedia/commons/a/a3/Audrey_Hepburn_in_Love_in_the_Afternoon.jpg,Audrey Hepburn in 1957,Public domain,2026-08-30
Audrey Hepburn-Funny Face-Louvre.jpg,https://commons.wikimedia.org/wiki/File:Audrey_Hepburn-Funny_Face-Louvre.jpg,https://upload.wikimedia.org/wikipedia/commons/e/e5/Audrey_Hepburn-Funny_Face-Louvre.jpg,Audrey Hepburn in 1957,Public domain,2026-09-03
Audrey Hepburn The Nun's Story.jpg,https://commons.wikimedia.org/wiki/File:Audrey_Hepburn_The_Nun%27s_Story.jpg,https://upload.wikimedia.org/wikipedia/commons/a/aa/Audrey_Hepburn_The_Nun%27s_Story.jpg,Audrey Hepburn in 1959,Public domain,2026-08-28
1960 Roma Alfa Yorkie Hepurn Ferrer.jpg,https://commons.wikimedia.org/wiki/File:1960_Roma_Alfa_Yorkie_Hepurn_Ferrer.jpg,https://upload.wikimedia.org/wikipedia/commons/d/d3/1960_Roma_Alfa_Yorkie_Hepurn_Ferrer.jpg,Audrey Hepburn in 1961,Public domain,2026-08-30
Audrey Hepburn in Breakfast at Tiffanys 1.jpg,https://commons.wikimedia.org/wiki/File:Audrey_Hepburn_in_Breakfast_at_Tiffanys_1.jpg,https://upload.wikimedia.org/wikipedia/commons/0/09/Audrey_Hepburn_in_Breakfast_at_Tiffanys_1.jpg,Audrey Hepburn in 1961,Public domain,2026-08-30
Audrey Hepburn in Breakfast at Tiffanys 2.jpg,https://commons.wikimedia.org/wiki/File:Audrey_Hepburn_in_Breakfast_at_Tiffanys_2.jpg,https://upload.wikimedia.org/wikipedia/commons/a/af/Audrey_Hepburn_in_Breakfast_at_Tiffanys_2.jpg,Audrey Hepburn in 1961,Public domain,2026-08-27
Audrey Hepburn in Breakfast at Tiffanys 3.jpg,https://commons.wikimedia.org/wiki/File:Audrey_Hepburn_in_Breakfast_at_Tiffanys_3.jpg,https://upload.wikimedia.org/wikipedia/commons/8/83/Audrey_Hepburn_in_Breakfast_at_Tiffanys_3.jpg,Audrey Hepburn in 1961,Public domain,2026-08-30
Audrey Hepburn in Breakfast at Tiffanys.jpg,https://commons.wikimedia.org/wiki/File:Audrey_Hepburn_in_Breakfast_at_Tiffanys.jpg,https://upload.wikimedia.org/wikipedia/commons/e/e3/Audrey_Hepburn_in_Breakfast_at_Tiffanys.jpg,Audrey Hepburn in 1961,Public domain,2026-08-29
Audrey Hepburn Moon River.jpg,https://commons.wikimedia.org/wiki/File:Audrey_Hepburn_Moon_River.jpg,https://upload.wikimedia.org/wikipedia/commons/8/86/Audrey_Hepburn_Moon_River.jpg,Audrey Hepburn in 1961,Public domain,2026-09-04
Audrey Hepburn Tiffany's.jpg,https://commons.wikimedia.org/wiki/File:Audrey_Hepburn_Tiffany%27s.jpg,https://upload.wikimedia.org/wikipedia/commons/7/7e/Audrey_Hepburn_Tiffany%27s.jpg,Audrey Hepburn in 1961,Public domain,2026-08-30
Kinema-Junpo-1963-February-Special-6.jpg,https://commons.wikimedia.org/wiki/File:Kinema-Junpo-1963-February-Special-6.jpg,https://upload.wikimedia.org/wikipedia/commons/b/b0/Kinema-Junpo-1963-February-Special-6.jpg,Audrey Hepburn in 1961,Public domain,2026-09-04
My Fair Lady Audrey Hepburn.jpg,https://commons.wikimedia.org/wiki/File:My_Fair_Lady_Audrey_Hepburn.jpg,https://upload.wikimedia.org/wikipedia/commons/e/ed/My_Fair_Lady_Audrey_Hepburn.jpg,Audrey Hepburn in 1964,Public domain,2026-09-05
My Fair Lady.jpg,https://commons.wikimedia.org/wiki/File:My_Fair_Lady.jpg,https://upload.wikimedia.org/wikipedia/commons/f/fb/My_Fair_Lady.jpg,Audrey Hepburn in 1964,Public domain,2026-09-04
Hell's House (1932) - Bette Davis.jpg,https://commons.wikimedia.org/wiki/File:Hell%27s_House_%281932%29_-_Bette_Davis.jpg,https://upload.wikimedia.org/wikipedia/commons/e/e2/Hell%27s_House_%281932%29_-_Bette_Davis.jpg,Bette Davis in 1932,Public domain,2026-08-27
Bette Davis by Elmer Fryer 4.jpg,https://commons.wikimedia.org/wiki/File:Bette_Davis_by_Elmer_Fryer_4.jpg,https://upload.wikimedia.org/wikipedia/commons/9/96/Bette_Davis_by_Elmer_Fryer_4.jpg,Bette Davis in 1935,Public domain,LOWRES
BETTEDavis.jpg,https://commons.wikimedia.org/wiki/File:BETTEDavis.jpg,https://upload.wikimedia.org/wikipedia/commons/8/8d/BETTEDavis.jpg,Bette Davis in 1935,Public domain,LOWRES
"Davis, Howard & Bogart The Petrified Forest 1936.jpg",https://commons.wikimedia.org/wiki/File:Davis%2C_Howard_%26_Bogart_The_Petrified_Forest_1936.jpg,https://upload.wikimedia.org/wikipedia/commons/8/8e/Davis%2C_Howard_%26_Bogart_The_Petrified_Forest_1936.jpg,Bette Davis in 1936,Public domain,2026-08-27
Bette Davis in Jezebel (colorized).jpg,https://commons.wikimedia.org/wiki/File:Bette_Davis_in_Jezebel_%28colorized%29.jpg,https://upload.wikimedia.org/wikipedia/commons/e/ee/Bette_Davis_in_Jezebel_%28colorized%29.jpg,Bette Davis in 1938,Public domain,2026-08-27
Bette Davis in Jezebel.jpg,https://commons.wikimedia.org/wiki/File:Bette_Davis_in_Jezebel.jpg,https://upload.wikimedia.org/wikipedia/commons/f/f8/Bette_Davis_in_Jezebel.jpg,Bette Davis in 1938,Public domain,2026-08-27
"Fonda, Henry - Davis, Bette (Jezebel).jpg",https://commons.wikimedia.org/wiki/File:Fonda%2C_Henry_-_Davis%2C_Bette_%28Jezebel%29.jpg,https://upload.wikimedia.org/wikipedia/commons/1/1b/Fonda%2C_Henry_-_Davis%2C_Bette_%28Jezebel%29.jpg,Bette Davis in 1938,Public domain,2026-08-27
Jezebel (red dress).jpg,https://commons.wikimedia.org/wiki/File:Jezebel_%28red_dress%29.jpg,https://upload.wikimedia.org/wikipedia/commons/5/50/Jezebel_%28red_dress%29.jpg,Bette Davis in 1938,Public domain,2026-08-27
Jezebel (white dress).jpg,https://commons.wikimedia.org/wiki/File:Jezebel_%28white_dress%29.jpg,https://upload.wikimedia.org/wikipedia/commons/d/d9/Jezebel_%28white_dress%29.jpg,Bette Davis in 1938,Public domain,2026-08-27
Jezebel dress.jpg,https://commons.wikimedia.org/wiki/File:Jezebel_dress.jpg,https://upload.wikimedia.org/wikipedia/commons/1/18/Jezebel_dress.jpg,Bette Davis in 1938,Public domain,LOWRES
Jezebel-1938.jpg,https://commons.wikimedia.org/wiki/File:Jezebel-1938.jpg,https://upload.wikimedia.org/wikipedia/commons/9/97/Jezebel-1938.jpg,Bette Davis in 1938,Public domain,2026-08-27
Bette Davis - Errol Flynn.jpg,https://commons.wikimedia.org/wiki/File:Bette_Davis_-_Errol_Flynn.jpg,https://upload.wikimedia.org/wikipedia/commons/3/33/Bette_Davis_-_Errol_Flynn.jpg,Bette Davis in 1939,Public domain,2026-08-27
Bette Davis in All About Eve trailer.jpg,https://commons.wikimedia.org/wiki/File:Bette_Davis_in_All_About_Eve_trailer.jpg,https://upload.wikimedia.org/wikipedia/commons/f/f6/Bette_Davis_in_All_About_Eve_trailer.jpg,Bette Davis in 1950,Public domain,LOWRES
"Bette Davis in ""All About Eve"" (1950).png",https://commons.wikimedia.org/wiki/File:Bette_Davis_in_%22All_About_Eve%22_%281950%29.png,https://upload.wikimedia.org/wikipedia/commons/3/35/Bette_Davis_in_%22All_About_Eve%22_%281950%29.png,Bette Davis in 1950,Public domain,2026-08-27
Bette Davis in All About Eve.jpg,https://commons.wikimedia.org/wiki/File:Bette_Davis_in_All_About_Eve.jpg,https://upload.wikimedia.org/wikipedia/commons/3/35/Bette_Davis_in_All_About_Eve.jpg,Bette Davis in 1950,Public domain,2026-08-27
"Joan Crawford as Irene in Sally, Irene and Mary.jpg",https://commons.wikimedia.org/wiki/File:Joan_Crawford_as_Irene_in_Sally%2C_Irene_and_Mary.jpg,https://upload.wikimedia.org/wikipedia/commons/e/e6/Joan_Crawford_as_Irene_in_Sally%2C_Irene_and_Mary.jpg,Joan Crawford in 1925,Public domain,2026-08-27
Joancrawford4.jpg,https://commons.wikimedia.org/wiki/File:Joancrawford4.jpg,https://upload.wikimedia.org/wikipedia/commons/a/a3/Joancrawford4.jpg,Joan Crawford in 1926,Public domain,2026-08-29
Joancrawford2.jpg,https://commons.wikimedia.org/wiki/File:Joancrawford2.jpg,https://upload.wikimedia.org/wikipedia/commons/1/1c/Joancrawford2.jpg,Joan Crawford in 1927,Public domain,2026-08-27
Joancrawford3.jpg,https://commons.wikimedia.org/wiki/File:Joancrawford3.jpg,https://upload.wikimedia.org/wikipedia/commons/d/d2/Joancrawford3.jpg,Joan Crawford in 1927,Public domain,2026-08-27
The Unknown 1927.png,https://commons.wikimedia.org/wiki/File:The_Unknown_1927.png,https://upload.wikimedia.org/wikipedia/commons/7/78/The_Unknown_1927.png,Joan Crawford in 1927,Public domain,2026-08-31
Joan Crawford as Venus de Milo.jpg,https://commons.wikimedia.org/wiki/File:Joan_Crawford_as_Venus_de_Milo.jpg,https://upload.wikimedia.org/wikipedia/commons/2/2c/Joan_Crawford_as_Venus_de_Milo.jpg,Joan Crawford in 1928,Public domain,2026-08-31
Joan Crawford with drums in Four Walls (1928).jpg,https://commons.wikimedia.org/wiki/File:Joan_Crawford_with_drums_in_Four_Walls_%281928%29.jpg,https://upload.wikimedia.org/wikipedia/commons/a/ae/Joan_Crawford_with_drums_in_Four_Walls_%281928%29.jpg,Joan Crawford in 1928,Public domain,2026-09-04
Joancrawford1.jpg,https://commons.wikimedia.org/wiki/File:Joancrawford1.jpg,https://upload.wikimedia.org/wikipedia/commons/7/75/Joancrawford1.jpg,Joan Crawford in 1928,Public domain,2026-08-27
Silent film actress Joan Crawford (SAYRE 22313).jpg,https://commons.wikimedia.org/wiki/File:Silent_film_actress_Joan_Crawford_%28SAYRE_22313%29.jpg,https://upload.wikimedia.org/wikipedia/commons/d/d4/Silent_film_actress_Joan_Crawford_%28SAYRE_22313%29.jpg,Joan Crawford in 1928,Public domain,2026-08-27
Our Dancing Daughters (SAYRE 14004).jpg,https://commons.wikimedia.org/wiki/File:Our_Dancing_Daughters_%28SAYRE_14004%29.jpg,https://upload.wikimedia.org/wikipedia/commons/5/56/Our_Dancing_Daughters_%28SAYRE_14004%29.jpg,Joan Crawford in 1928,Public domain,2026-08-27
Dancing Lady Crawford Tone.jpg,https://commons.wikimedia.org/wiki/File:Dancing_Lady_Crawford_Tone.jpg,https://upload.wikimedia.org/wikipedia/commons/7/7c/Dancing_Lady_Crawford_Tone.jpg,Joan Crawford in 1933,Public domain,2026-08-27
Danzadivenere1.jpg,https://commons.wikimedia.org/wiki/File:Danzadivenere1.jpg,https://upload.wikimedia.org/wikipedia/commons/8/86/Danzadivenere1.jpg,Joan Crawford in 1933,Public domain,2026-08-27
Joan Crawford-The Gorgeous Hussy.jpg,https://commons.wikimedia.org/wiki/File:Joan_Crawford-The_Gorgeous_Hussy.jpg,https://upload.wikimedia.org/wikipedia/commons/d/d5/Joan_Crawford-The_Gorgeous_Hussy.jpg,Joan Crawford in 1936,Public domain,2026-08-27
JCrawford39.jpg,https://commons.wikimedia.org/wiki/File:JCrawford39.jpg,https://upload.wikimedia.org/wikipedia/commons/4/49/JCrawford39.jpg,Joan Crawford in 1939,Public domain,LOWRES
Joan Crawford-The Ice Follies of 1939.jpg,https://commons.wikimedia.org/wiki/File:Joan_Crawford-The_Ice_Follies_of_1939.jpg,https://upload.wikimedia.org/wikipedia/commons/e/ee/Joan_Crawford-The_Ice_Follies_of_1939.jpg,Joan Crawford in 1939,Public domain,2026-08-28
The Ice Follies of 1939-Joan Crawford.jpg,https://commons.wikimedia.org/wiki/File:The_Ice_Follies_of_1939-Joan_Crawford.jpg,https://upload.wikimedia.org/wikipedia/commons/c/cc/The_Ice_Follies_of_1939-Joan_Crawford.jpg,Joan Crawford in 1939,Public domain,2026-08-29
"Joan Crawford William Morris Agency contract on March 21, 1968, page 1.jpg",https://commons.wikimedia.org/wiki/File:Joan_Crawford_William_Morris_Agency_contract_on_March_21%2C_1968%2C_page_1.jpg,https://upload.wikimedia.org/wikipedia/commons/8/82/Joan_Crawford_William_Morris_Agency_contract_on_March_21%2C_1968%2C_page_1.jpg,Joan Crawford in 1968,Public domain,2026-09-06
"Joan Crawford William Morris Agency contract on March 21, 1968, page 2.jpg",https://commons.wikimedia.org/wiki/File:Joan_Crawford_William_Morris_Agency_contract_on_March_21%2C_1968%2C_page_2.jpg,https://upload.wikimedia.org/wikipedia/commons/1/1b/Joan_Crawford_William_Morris_Agency_contract_on_March_21%2C_1968%2C_page_2.jpg,Joan Crawford in 1968,Public domain,2026-09-05
"Rond 1920 showt Greta Gustafsson (de latere Greta Garbo) voor de firma Paul U, SFA005001757.jpg",https://commons.wikimedia.org/wiki/File:Rond_1920_showt_Greta_Gustafsson_%28de_latere_Greta_Garbo%29_voor_de_firma_Paul_U%2C_SFA005001757.jpg,https://upload.wikimedia.org/wikipedia/commons/c/cb/Rond_1920_showt_Greta_Gustafsson_%28de_latere_Greta_Garbo%29_voor_de_firma_Paul_U%2C_SFA005001757.jpg,Greta Garbo in 1920,Public domain,2026-08-26
"Voor zij in 1921 ontdekt wordt als actrice, poseert Greta Garbo rond 1920 voor Zweedse, SFA005001748.jpg",https://commons.wikimedia.org/wiki/File:Voor_zij_in_1921_ontdekt_wordt_als_actrice%2C_poseert_Greta_Garbo_rond_1920_voor_Zweedse%2C_SFA005001748.jpg,https://upload.wikimedia.org/wikipedia/commons/a/a8/Voor_zij_in_1921_ontdekt_wordt_als_actrice%2C_poseert_Greta_Garbo_rond_1920_voor_Zweedse%2C_SFA005001748.jpg,Greta Garbo in 1920,Public domain,2026-08-26
Greta-Garbo-as-a-young-schoolgirl-391769818600.jpg,https://commons.wikimedia.org/wiki/File:Greta-Garbo-as-a-young-schoolgirl-391769818600.jpg,https://upload.wikimedia.org/wikipedia/commons/7/7e/Greta-Garbo-as-a-young-schoolgirl-391769818600.jpg,Greta Garbo in 1923,Public domain,LOWRES
Garbo and Stiller.jpg,https://commons.wikimedia.org/wiki/File:Garbo_and_Stiller.jpg,https://upload.wikimedia.org/wikipedia/commons/8/80/Garbo_and_Stiller.jpg,Greta Garbo in 1925,Public domain,LOWRES
GarboandStiller.jpg,https://commons.wikimedia.org/wiki/File:GarboandStiller.jpg,https://upload.wikimedia.org/wikipedia/commons/3/3d/GarboandStiller.jpg,Greta Garbo in 1925,Public domain,2026-08-28
"Garbo ""The Temptress"".jpg",https://commons.wikimedia.org/wiki/File:Garbo_%22The_Temptress%22.jpg,https://upload.wikimedia.org/wikipedia/commons/5/53/Garbo_%22The_Temptress%22.jpg,Greta Garbo in 1926,Public domain,LOWRES
Greta Garbo-Philippe De Lacy in Love (1927).jpg,https://commons.wikimedia.org/wiki/File:Greta_Garbo-Philippe_De_Lacy_in_Love_%281927%29.jpg,https://upload.wikimedia.org/wikipedia/commons/8/84/Greta_Garbo-Philippe_De_Lacy_in_Love_%281927%29.jpg,Greta Garbo in 1927,Public domain,LOWRES
"Greta Garbo in The Kiss 1929, SFA001018971.jpg",https://commons.wikimedia.org/wiki/File:Greta_Garbo_in_The_Kiss_1929%2C_SFA001018971.jpg,https://upload.wikimedia.org/wikipedia/commons/0/06/Greta_Garbo_in_The_Kiss_1929%2C_SFA001018971.jpg,Greta Garbo in 1929,Public domain,2026-09-02
Greta Garbo Ross-Verlag 4696.jpg,https://commons.wikimedia.org/wiki/File:Greta_Garbo_Ross-Verlag_4696.jpg,https://upload.wikimedia.org/wikipedia/commons/8/89/Greta_Garbo_Ross-Verlag_4696.jpg,Greta Garbo in 1929,Public domain,2026-08-28
Anna Christie (SAYRE 15085).jpg,https://commons.wikimedia.org/wiki/File:Anna_Christie_%28SAYRE_15085%29.jpg,https://upload.wikimedia.org/wikipedia/commons/5/5f/Anna_Christie_%28SAYRE_15085%29.jpg,Greta Garbo in 1930,Public domain,2026-09-04
"Annex - Garbo, Greta (Anna Christie) 01.jpg",https://commons.wikimedia.org/wiki/File:Annex_-_Garbo%2C_Greta_%28Anna_Christie%29_01.jpg,https://upload.wikimedia.org/wikipedia/commons/0/0a/Annex_-_Garbo%2C_Greta_%28Anna_Christie%29_01.jpg,Greta Garbo in 1930,Public domain,2026-08-31
"Annex - Garbo, Greta (Anna Christie) 02.jpg",https://commons.wikimedia.org/wiki/File:Annex_-_Garbo%2C_Greta_%28Anna_Christie%29_02.jpg,https://upload.wikimedia.org/wikipedia/commons/7/76/Annex_-_Garbo%2C_Greta_%28Anna_Christie%29_02.jpg,Greta Garbo in 1930,Public domain,2026-08-29
"Annex - Garbo, Greta (Anna Christie) 03.jpg",https://commons.wikimedia.org/wiki/File:Annex_-_Garbo%2C_Greta_%28Anna_Christie%29_03.jpg,https://upload.wikimedia.org/wikipedia/commons/d/d0/Annex_-_Garbo%2C_Greta_%28Anna_Christie%29_03.jpg,Greta Garbo in 1930,Public domain,2026-09-02
"Annex - Garbo, Greta (Anna Christie) 04.jpg",https://commons.wikimedia.org/wiki/File:Annex_-_Garbo%2C_Greta_%28Anna_Christie%29_04.jpg,https://upload.wikimedia.org/wikipedia/commons/1/11/Annex_-_Garbo%2C_Greta_%28Anna_Christie%29_04.jpg,Greta Garbo in 1930,Public domain,2026-08-31
"Annex - Garbo, Greta (Anna Christie) 05.jpg",https://commons.wikimedia.org/wiki/File:Annex_-_Garbo%2C_Greta_%28Anna_Christie%29_05.jpg,https://upload.wikimedia.org/wikipedia/commons/2/20/Annex_-_Garbo%2C_Greta_%28Anna_Christie%29_05.jpg,Greta Garbo in 1930,Public domain,2026-08-31
"Annex - Garbo, Greta (Anna Christie) 06.jpg",https://commons.wikimedia.org/wiki/File:Annex_-_Garbo%2C_Greta_%28Anna_Christie%29_06.jpg,https://upload.wikimedia.org/wikipedia/commons/2/26/Annex_-_Garbo%2C_Greta_%28Anna_Christie%29_06.jpg,Greta Garbo in 1930,Public domain,2026-08-27
"Annex - Garbo, Greta (Anna Christie) 07.jpg",https://commons.wikimedia.org/wiki/File:Annex_-_Garbo%2C_Greta_%28Anna_Christie%29_07.jpg,https://upload.wikimedia.org/wikipedia/commons/c/c2/Annex_-_Garbo%2C_Greta_%28Anna_Christie%29_07.jpg,Greta Garbo in 1930,Public domain,2026-08-31
"Annex - Garbo, Greta (Anna Christie) 08.jpg",https://commons.wikimedia.org/wiki/File:Annex_-_Garbo%2C_Greta_%28Anna_Christie%29_08.jpg,https://upload.wikimedia.org/wikipedia/commons/e/e8/Annex_-_Garbo%2C_Greta_%28Anna_Christie%29_08.jpg,Greta Garbo in 1930,Public domain,2026-08-28
"Annex - Garbo, Greta (Anna Christie) 09.jpg",https://commons.wikimedia.org/wiki/File:Annex_-_Garbo%2C_Greta_%28Anna_Christie%29_09.jpg,https://upload.wikimedia.org/wikipedia/commons/d/d8/Annex_-_Garbo%2C_Greta_%28Anna_Christie%29_09.jpg,Greta Garbo in 1930,Public domain,2026-09-05
"Annex - Garbo, Greta (Anna Christie) 10.jpg",https://commons.wikimedia.org/wiki/File:Annex_-_Garbo%2C_Greta_%28Anna_Christie%29_10.jpg,https://upload.wikimedia.org/wikipedia/commons/8/8a/Annex_-_Garbo%2C_Greta_%28Anna_Christie%29_10.jpg,Greta Garbo in 1930,Public domain,2026-08-28
"Annex - Garbo, Greta (Anna Christie) 11.jpg",https://commons.wikimedia.org/wiki/File:Annex_-_Garbo%2C_Greta_%28Anna_Christie%29_11.jpg,https://upload.wikimedia.org/wikipedia/commons/7/7e/Annex_-_Garbo%2C_Greta_%28Anna_Christie%29_11.jpg,Greta Garbo in 1930,Public domain,2026-08-26
"Annex - Garbo, Greta (Anna Christie) 12.jpg",https://commons.wikimedia.org/wiki/File:Annex_-_Garbo%2C_Greta_%28Anna_Christie%29_12.jpg,https://upload.wikimedia.org/wikipedia/commons/9/90/Annex_-_Garbo%2C_Greta_%28Anna_Christie%29_12.jpg,Greta Garbo in 1930,Public domain,2026-08-31
"Annex - Garbo, Greta (Anna Christie) NRFPT 01.jpg",https://commons.wikimedia.org/wiki/File:Annex_-_Garbo%2C_Greta_%28Anna_Christie%29_NRFPT_01.jpg,https://upload.wikimedia.org/wikipedia/commons/a/a7/Annex_-_Garbo%2C_Greta_%28Anna_Christie%29_NRFPT_01.jpg,Greta Garbo in 1930,Public domain,2026-08-31
"Annex - Garbo, Greta (Anna Christie) NRFPT 02 (cropped).jpg",https://commons.wikimedia.org/wiki/File:Annex_-_Garbo%2C_Greta_%28Anna_Christie%29_NRFPT_02_%28cropped%29.jpg,https://upload.wikimedia.org/wikipedia/commons/8/82/Annex_-_Garbo%2C_Greta_%28Anna_Christie%29_NRFPT_02_%28cropped%29.jpg,Greta Garbo in 1930,Public domain,2026-09-02
"Annex - Garbo, Greta (Anna Christie) NRFPT 02.jpg",https://commons.wikimedia.org/wiki/File:Annex_-_Garbo%2C_Greta_%28Anna_Christie%29_NRFPT_02.jpg,https://upload.wikimedia.org/wikipedia/commons/1/12/Annex_-_Garbo%2C_Greta_%28Anna_Christie%29_NRFPT_02.jpg,Greta Garbo in 1930,Public domain,2026-08-29
"Annex - Garbo, Greta (Anna Christie) NRFPT 03.jpg",https://commons.wikimedia.org/wiki/File:Annex_-_Garbo%2C_Greta_%28Anna_Christie%29_NRFPT_03.jpg,https://upload.wikimedia.org/wikipedia/commons/9/93/Annex_-_Garbo%2C_Greta_%28Anna_Christie%29_NRFPT_03.jpg,Greta Garbo in 1930,Public domain,2026-09-05
"Annex - Garbo, Greta (Anna Christie) NRFPT 04.jpg",https://commons.wikimedia.org/wiki/File:Annex_-_Garbo%2C_Greta_%28Anna_Christie%29_NRFPT_04.jpg,https://upload.wikimedia.org/wikipedia/commons/1/12/Annex_-_Garbo%2C_Greta_%28Anna_Christie%29_NRFPT_04.jpg,Greta Garbo in 1930,Public domain,2026-08-30
"Annex - Garbo, Greta (Anna Christie) NRFPT 05.jpg",https://commons.wikimedia.org/wiki/File:Annex_-_Garbo%2C_Greta_%28Anna_Christie%29_NRFPT_05.jpg,https://upload.wikimedia.org/wikipedia/commons/2/23/Annex_-_Garbo%2C_Greta_%28Anna_Christie%29_NRFPT_05.jpg,Greta Garbo in 1930,Public domain,2026-09-01
"Annex - Garbo, Greta (Anna Christie) NRFPT 06.jpg",https://commons.wikimedia.org/wiki/File:Annex_-_Garbo%2C_Greta_%28Anna_Christie%29_NRFPT_06.jpg,https://upload.wikimedia.org/wikipedia/commons/c/c1/Annex_-_Garbo%2C_Greta_%28Anna_Christie%29_NRFPT_06.jpg,Greta Garbo in 1930,Public domain,2026-08-31
"Annex - Garbo, Greta (Anna Christie) NRFPT 07.jpg",https://commons.wikimedia.org/wiki/File:Annex_-_Garbo%2C_Greta_%28Anna_Christie%29_NRFPT_07.jpg,https://upload.wikimedia.org/wikipedia/commons/f/f3/Annex_-_Garbo%2C_Greta_%28Anna_Christie%29_NRFPT_07.jpg,Greta Garbo in 1930,Public domain,2026-08-27
"Annex - Garbo, Greta (Anna Christie) NRFPT 08.jpg",https://commons.wikimedia.org/wiki/File:Annex_-_Garbo%2C_Greta_%28Anna_Christie%29_NRFPT_08.jpg,https://upload.wikimedia.org/wikipedia/commons/1/1b/Annex_-_Garbo%2C_Greta_%28Anna_Christie%29_NRFPT_08.jpg,Greta Garbo in 1930,Public domain,2026-08-26
Greta Garbo by Clarence Sinclair Bull in 1930.jpg,https://commons.wikimedia.org/wiki/File:Greta_Garbo_by_Clarence_Sinclair_Bull_in_1930.jpg,https://upload.wikimedia.org/wikipedia/commons/b/b0/Greta_Garbo_by_Clarence_Sinclair_Bull_in_1930.jpg,Greta Garbo in 1930,Public domain,2026-09-04
"Greta Garbo by Clarence Sinclair Bull, 1931.jpg",https://commons.wikimedia.org/wiki/File:Greta_Garbo_by_Clarence_Sinclair_Bull%2C_1931.jpg,https://upload.wikimedia.org/wikipedia/commons/6/6a/Greta_Garbo_by_Clarence_Sinclair_Bull%2C_1931.jpg,Greta Garbo in 1931,Public domain,2026-09-04
"Greta Garbo in Queen Christina, 1933.jpg",https://commons.wikimedia.org/wiki/File:Greta_Garbo_in_Queen_Christina%2C_1933.jpg,https://upload.wikimedia.org/wikipedia/commons/0/01/Greta_Garbo_in_Queen_Christina%2C_1933.jpg,Greta Garbo in 1933,Public domain,LOWRES
Greta Garbo in 1934.jpg,https://commons.wikimedia.org/wiki/File:Greta_Garbo_in_1934.jpg,https://upload.wikimedia.org/wikipedia/commons/0/0f/Greta_Garbo_in_1934.jpg,Greta Garbo in 1934,Public domain,LOWRES
Greta Garbo Anna Karenina 4.jpg,https://commons.wikimedia.org/wiki/File:Greta_Garbo_Anna_Karenina_4.jpg,https://upload.wikimedia.org/wikipedia/commons/3/32/Greta_Garbo_Anna_Karenina_4.jpg,Greta Garbo in 1935,Public domain,2026-08-31
Camille-Greta Garbo.jpg,https://commons.wikimedia.org/wiki/File:Camille-Greta_Garbo.jpg,https://upload.wikimedia.org/wikipedia/commons/4/4f/Camille-Greta_Garbo.jpg,Greta Garbo in 1936,Public domain,2026-09-04
Greta Garbo Camille.jpg,https://commons.wikimedia.org/wiki/File:Greta_Garbo_Camille.jpg,https://upload.wikimedia.org/wikipedia/commons/3/33/Greta_Garbo_Camille.jpg,Greta Garbo in 1936,Public domain,2026-09-06
Greta Garbo in Camille.webp,https://commons.wikimedia.org/wiki/File:Greta_Garbo_in_Camille.webp,https://upload.wikimedia.org/wikipedia/commons/e/e6/Greta_Garbo_in_Camille.webp,Greta Garbo in 1936,Public domain,2026-08-26
"Greta Garbo, Camille.jpg",https://commons.wikimedia.org/wiki/File:Greta_Garbo%2C_Camille.jpg,https://upload.wikimedia.org/wikipedia/commons/2/23/Greta_Garbo%2C_Camille.jpg,Greta Garbo in 1936,Public domain,2026-08-26
Greta-Garbo-in-Italy-352043393274.jpg,https://commons.wikimedia.org/wiki/File:Greta-Garbo-in-Italy-352043393274.jpg,https://upload.wikimedia.org/wikipedia/commons/6/6c/Greta-Garbo-in-Italy-352043393274.jpg,Greta Garbo in 1949,Public domain,LOWRES
"Jean Harlow, film actress (taken at age 4) (SAYRE 2502).jpg",https://commons.wikimedia.org/wiki/File:Jean_Harlow%2C_film_actress_%28taken_at_age_4%29_%28SAYRE_2502%29.jpg,https://upload.wikimedia.org/wikipedia/commons/2/23/Jean_Harlow%2C_film_actress_%28taken_at_age_4%29_%28SAYRE_2502%29.jpg,Jean Harlow in 1915,Public domain,2026-08-28
The Unkissed Man01.jpg,https://commons.wikimedia.org/wiki/File:The_Unkissed_Man01.jpg,https://upload.wikimedia.org/wikipedia/commons/0/07/The_Unkissed_Man01.jpg,Jean Harlow in 1929,Public domain,2026-09-03
Harlow Hobbes Platinum Blonde Promotional.jpg,https://commons.wikimedia.org/wiki/File:Harlow_Hobbes_Platinum_Blonde_Promotional.jpg,https://upload.wikimedia.org/wikipedia/commons/3/39/Harlow_Hobbes_Platinum_Blonde_Promotional.jpg,Jean Harlow in 1931,Public domain,2026-08-27
Harlow Red-Headed Woman Promotional.jpg,https://commons.wikimedia.org/wiki/File:Harlow_Red-Headed_Woman_Promotional.jpg,https://upload.wikimedia.org/wikipedia/commons/e/e5/Harlow_Red-Headed_Woman_Promotional.jpg,Jean Harlow in 1932,Public domain,2026-09-06
Jean Harlow 1935.jpg,https://commons.wikimedia.org/wiki/File:Jean_Harlow_1935.jpg,https://upload.wikimedia.org/wikipedia/commons/2/21/Jean_Harlow_1935.jpg,Jean Harlow in 1933,Public domain,LOWRES
Jean Harlow in Reckless.jpg,https://commons.wikimedia.org/wiki/File:Jean_Harlow_in_Reckless.jpg,https://upload.wikimedia.org/wikipedia/commons/2/2f/Jean_Harlow_in_Reckless.jpg,Jean Harlow in 1935,Public domain,2026-09-01
Ladies of Leisure (1930) - 1.jpg,https://commons.wikimedia.org/wiki/File:Ladies_of_Leisure_%281930%29_-_1.jpg,https://upload.wikimedia.org/wikipedia/commons/4/41/Ladies_of_Leisure_%281930%29_-_1.jpg,Barbara Stanwyck in 1930,Public domain,LOWRES
"Annex - Stanwyck, Barbara (Stella Dallas) 01.jpg",https://commons.wikimedia.org/wiki/File:Annex_-_Stanwyck%2C_Barbara_%28Stella_Dallas%29_01.jpg,https://upload.wikimedia.org/wikipedia/commons/2/2d/Annex_-_Stanwyck%2C_Barbara_%28Stella_Dallas%29_01.jpg,Barbara Stanwyck in 1937,Public domain,2026-08-27
Barbara Stanwyck in Stella Dallas publicity still.jpg,https://commons.wikimedia.org/wiki/File:Barbara_Stanwyck_in_Stella_Dallas_publicity_still.jpg,https://upload.wikimedia.org/wikipedia/commons/7/7a/Barbara_Stanwyck_in_Stella_Dallas_publicity_still.jpg,Barbara Stanwyck in 1937,Public domain,2026-08-27
Barbara Stanwyck in Union Pacific trailer.jpg,https://commons.wikimedia.org/wiki/File:Barbara_Stanwyck_in_Union_Pacific_trailer.jpg,https://upload.wikimedia.org/wikipedia/commons/8/89/Barbara_Stanwyck_in_Union_Pacific_trailer.jpg,Barbara Stanwyck in 1939,Public domain,2026-08-28
Barbara Stanwyck-Charles C. Wilson in Meet John Doe.jpg,https://commons.wikimedia.org/wiki/File:Barbara_Stanwyck-Charles_C._Wilson_in_Meet_John_Doe.jpg,https://upload.wikimedia.org/wikipedia/commons/7/7d/Barbara_Stanwyck-Charles_C._Wilson_in_Meet_John_Doe.jpg,Barbara Stanwyck in 1941,Public domain,LOWRES
Double-Indemnity-LIFE-1944-2.jpg,https://commons.wikimedia.org/wiki/File:Double-Indemnity-LIFE-1944-2.jpg,https://upload.wikimedia.org/wikipedia/commons/5/51/Double-Indemnity-LIFE-1944-2.jpg,Barbara Stanwyck in 1944,Public domain,2026-09-05
Double-Indemnity-LIFE-1944-4.jpg,https://commons.wikimedia.org/wiki/File:Double-Indemnity-LIFE-1944-4.jpg,https://upload.wikimedia.org/wikipedia/commons/d/d7/Double-Indemnity-LIFE-1944-4.jpg,Barbara Stanwyck in 1944,Public domain,2026-09-04
Barbara Stanwyck by A. L. Whitey Schafer.jpg,https://commons.wikimedia.org/wiki/File:Barbara_Stanwyck_by_A._L._Whitey_Schafer.jpg,https://upload.wikimedia.org/wikipedia/commons/2/2d/Barbara_Stanwyck_by_A._L._Whitey_Schafer.jpg,Barbara Stanwyck in 1948,Public domain,2026-09-04
Barbara Stanwyck by A. L. Whitey Schafer2.jpg,https://commons.wikimedia.org/wiki/File:Barbara_Stanwyck_by_A._L._Whitey_Schafer2.jpg,https://upload.wikimedia.org/wikipedia/commons/4/4e/Barbara_Stanwyck_by_A._L._Whitey_Schafer2.jpg,Barbara Stanwyck in 1948,Public domain,2026-09-06
Barbara Stanwyck by A. L. Whitey Schafer3.jpg,https://commons.wikimedia.org/wiki/File:Barbara_Stanwyck_by_A._L._Whitey_Schafer3.jpg,https://upload.wikimedia.org/wikipedia/commons/b/ba/Barbara_Stanwyck_by_A._L._Whitey_Schafer3.jpg,Barbara Stanwyck in 1948,Public domain,2026-09-03
Hamandeggsatthefront pamphlet 1927 inside.jpg,https://commons.wikimedia.org/wiki/File:Hamandeggsatthefront_pamphlet_1927_inside.jpg,https://upload.wikimedia.org/wikipedia/commons/6/62/Hamandeggsatthefront_pamphlet_1927_inside.jpg,Myrna Loy in 1927,Public domain,2026-08-28
The Desert Song - Myrna Loy 4.jpg,https://commons.wikimedia.org/wiki/File:The_Desert_Song_-_Myrna_Loy_4.jpg,https://upload.wikimedia.org/wikipedia/commons/9/90/The_Desert_Song_-_Myrna_Loy_4.jpg,Myrna Loy in 1929,Public domain,LOWRES
The Desert Song 1929 - Myrna Loy 2 (cropped).jpg,https://commons.wikimedia.org/wiki/File:The_Desert_Song_1929_-_Myrna_Loy_2_%28cropped%29.jpg,https://upload.wikimedia.org/wikipedia/commons/b/ba/The_Desert_Song_1929_-_Myrna_Loy_2_%28cropped%29.jpg,Myrna Loy in 1929,Public domain,LOWRES
The Desert Song 1929 - Myrna Loy 2.jpg,https://commons.wikimedia.org/wiki/File:The_Desert_Song_1929_-_Myrna_Loy_2.jpg,https://upload.wikimedia.org/wikipedia/commons/0/00/The_Desert_Song_1929_-_Myrna_Loy_2.jpg,Myrna Loy in 1929,Public domain,2026-09-04
The Last of the Duanes (SAYRE 15578).jpg,https://commons.wikimedia.org/wiki/File:The_Last_of_the_Duanes_%28SAYRE_15578%29.jpg,https://upload.wikimedia.org/wikipedia/commons/d/d0/The_Last_of_the_Duanes_%28SAYRE_15578%29.jpg,Myrna Loy in 1930,Public domain,2026-09-02
MYRNALoy.jpg,https://commons.wikimedia.org/wiki/File:MYRNALoy.jpg,https://upload.wikimedia.org/wikipedia/commons/2/24/MYRNALoy.jpg,Myrna Loy in 1934,Public domain,LOWRES
1934 - Rialto Theater Ad - 8 Jun MC - Allentown PA.jpg,https://commons.wikimedia.org/wiki/File:1934_-_Rialto_Theater_Ad_-_8_Jun_MC_-_Allentown_PA.jpg,https://upload.wikimedia.org/wikipedia/commons/b/b4/1934_-_Rialto_Theater_Ad_-_8_Jun_MC_-_Allentown_PA.jpg,Myrna Loy in 1934,Public domain,2026-08-31
Delgado934.jpg,https://commons.wikimedia.org/wiki/File:Delgado934.jpg,https://upload.wikimedia.org/wikipedia/commons/3/31/Delgado934.jpg,Myrna Loy in 1934,Public domain,LOWRES
Thin-Man-Loy-Powell-Skippy.jpg,https://commons.wikimedia.org/wiki/File:Thin-Man-Loy-Powell-Skippy.jpg,https://upload.wikimedia.org/wikipedia/commons/1/1e/Thin-Man-Loy-Powell-Skippy.jpg,Myrna Loy in 1934,Public domain,2026-09-04
Myrna Loy by Ruth Harriet Louise.jpg,https://commons.wikimedia.org/wiki/File:Myrna_Loy_by_Ruth_Harriet_Louise.jpg,https://upload.wikimedia.org/wikipedia/commons/0/00/Myrna_Loy_by_Ruth_Harriet_Louise.jpg,Myrna Loy in 1935,Public domain,2026-08-28
Hornblow-Loy-1936.jpg,https://commons.wikimedia.org/wiki/File:Hornblow-Loy-1936.jpg,https://upload.wikimedia.org/wikipedia/commons/3/3f/Hornblow-Loy-1936.jpg,Myrna Loy in 1936,Public domain,2026-08-31
Myrna Loy in Best Years of Our Lives trailer closeup.jpg,https://commons.wikimedia.org/wiki/File:Myrna_Loy_in_Best_Years_of_Our_Lives_trailer_closeup.jpg,https://upload.wikimedia.org/wikipedia/commons/b/ba/Myrna_Loy_in_Best_Years_of_Our_Lives_trailer_closeup.jpg,Myrna Loy in 1946,Public domain,2026-08-27
Myrna Loy (1950).png,https://commons.wikimedia.org/wiki/File:Myrna_Loy_%281950%29.png,https://upload.wikimedia.org/wikipedia/commons/1/10/Myrna_Loy_%281950%29.png,Myrna Loy in 1950,Public domain,2026-09-03
Ingrid-Bergman-1950s.jpg,https://commons.wikimedia.org/wiki/File:Ingrid-Bergman-1950s.jpg,https://upload.wikimedia.org/wikipedia/commons/2/25/Ingrid-Bergman-1950s.jpg,Ingrid Bergman in the 1950s,Public domain,LOWRES
Ingrid Bergman by Whitey Schafer.jpg,https://commons.wikimedia.org/wiki/File:Ingrid_Bergman_by_Whitey_Schafer.jpg,https://upload.wikimedia.org/wikipedia/commons/a/ab/Ingrid_Bergman_by_Whitey_Schafer.jpg,Ingrid Bergman in 1940,Public domain,2026-08-28
Sanders Montgomery Bergman Rage in Heaven.jpg,https://commons.wikimedia.org/wiki/File:Sanders_Montgomery_Bergman_Rage_in_Heaven.jpg,https://upload.wikimedia.org/wikipedia/commons/0/07/Sanders_Montgomery_Bergman_Rage_in_Heaven.jpg,Ingrid Bergman in 1941,Public domain,2026-08-28
Ingridbergman casa.jpg,https://commons.wikimedia.org/wiki/File:Ingridbergman_casa.jpg,https://upload.wikimedia.org/wikipedia/commons/9/9b/Ingridbergman_casa.jpg,Ingrid Bergman in 1942,Public domain,2026-08-28
Ingrid Bergman in 1946.jpg,https://commons.wikimedia.org/wiki/File:Ingrid_Bergman_in_1946.jpg,https://upload.wikimedia.org/wikipedia/commons/2/2e/Ingrid_Bergman_in_1946.jpg,Ingrid Bergman in 1946,Public domain,2026-08-28
Press photo Jürgens & Bergman The Inn of the Sixth Happiness.jpg,https://commons.wikimedia.org/wiki/File:Press_photo_J%C3%BCrgens_%26_Bergman_The_Inn_of_the_Sixth_Happiness.jpg,https://upload.wikimedia.org/wikipedia/commons/e/ef/Press_photo_J%C3%BCrgens_%26_Bergman_The_Inn_of_the_Sixth_Happiness.jpg,Ingrid Bergman in 1958,Public domain,2026-08-28
Quinn and Bergman photo The Visit.jpg,https://commons.wikimedia.org/wiki/File:Quinn_and_Bergman_photo_The_Visit.jpg,https://upload.wikimedia.org/wikipedia/commons/2/29/Quinn_and_Bergman_photo_The_Visit.jpg,Ingrid Bergman in 1964,Public domain,2026-08-28
Ingrid Bergman The Constant Wife press photo.jpg,https://commons.wikimedia.org/wiki/File:Ingrid_Bergman_The_Constant_Wife_press_photo.jpg,https://upload.wikimedia.org/wikipedia/commons/6/61/Ingrid_Bergman_The_Constant_Wife_press_photo.jpg,Ingrid Bergman in 1975,Public domain,2026-08-28
Peck Bacall Designing Woman1 1957.jpg,https://commons.wikimedia.org/wiki/File:Peck_Bacall_Designing_Woman1_1957.jpg,https://upload.wikimedia.org/wikipedia/commons/f/f3/Peck_Bacall_Designing_Woman1_1957.jpg,Lauren Bacall in 1957,Public domain,2026-08-30
Lauren Bacall by Bernard Gotfryd.png,https://commons.wikimedia.org/wiki/File:Lauren_Bacall_by_Bernard_Gotfryd.png,https://upload.wikimedia.org/wikipedia/commons/1/1d/Lauren_Bacall_by_Bernard_Gotfryd.png,Lauren Bacall in 1978,Public domain,2026-09-21
"Lauren Bacall, gtfy.00001.jpg",https://commons.wikimedia.org/wiki/File:Lauren_Bacall%2C_gtfy.00001.jpg,https://upload.wikimedia.org/wikipedia/commons/6/6b/Lauren_Bacall%2C_gtfy.00001.jpg,Lauren Bacall in 1978,Public domain,2026-09-02
"Lauren Bacall, gtfy.00001.tif",https://commons.wikimedia.org/wiki/File:Lauren_Bacall%2C_gtfy.00001.tif,https://upload.wikimedia.org/wikipedia/commons/6/6e/Lauren_Bacall%2C_gtfy.00001.tif,Lauren Bacall in 1978,Public domain,2026-09-21
"Lauren Bacall, gtfy.00002.jpg",https://commons.wikimedia.org/wiki/File:Lauren_Bacall%2C_gtfy.00002.jpg,https://upload.wikimedia.org/wikipedia/commons/e/e0/Lauren_Bacall%2C_gtfy.00002.jpg,Lauren Bacall in 1978,Public domain,2026-09-03
"Lauren Bacall, gtfy.00002.tif",https://commons.wikimedia.org/wiki/File:Lauren_Bacall%2C_gtfy.00002.tif,https://upload.wikimedia.org/wikipedia/commons/0/07/Lauren_Bacall%2C_gtfy.00002.tif,Lauren Bacall in 1978,Public domain,2026-09-21
"Lauren Bacall, gtfy.00003.jpg",https://commons.wikimedia.org/wiki/File:Lauren_Bacall%2C_gtfy.00003.jpg,https://upload.wikimedia.org/wikipedia/commons/a/a1/Lauren_Bacall%2C_gtfy.00003.jpg,Lauren Bacall in 1978,Public domain,2026-08-29
"Lauren Bacall, gtfy.00003.tif",https://commons.wikimedia.org/wiki/File:Lauren_Bacall%2C_gtfy.00003.tif,https://upload.wikimedia.org/wikipedia/commons/d/d8/Lauren_Bacall%2C_gtfy.00003.tif,Lauren Bacall in 1978,Public domain,2026-09-21
Ginger Rogers (NPG-NPG 92 66).jpg,https://commons.wikimedia.org/wiki/File:Ginger_Rogers_%28NPG-NPG_92_66%29.jpg,https://upload.wikimedia.org/wikipedia/commons/4/49/Ginger_Rogers_%28NPG-NPG_92_66%29.jpg,Ginger Rogers in 1930,Public domain,2026-08-27
Cheek to Cheek.jpg,https://commons.wikimedia.org/wiki/File:Cheek_to_Cheek.jpg,https://upload.wikimedia.org/wikipedia/commons/1/14/Cheek_to_Cheek.jpg,Ginger Rogers in 1935,Public domain,2026-08-27
Ginger Rogers - Tender Comrade (cropped).jpg,https://commons.wikimedia.org/wiki/File:Ginger_Rogers_-_Tender_Comrade_%28cropped%29.jpg,https://upload.wikimedia.org/wikipedia/commons/4/45/Ginger_Rogers_-_Tender_Comrade_%28cropped%29.jpg,Ginger Rogers in 1943,Public domain,2026-09-01
Ginger Rogers - Tender Comrade.jpg,https://commons.wikimedia.org/wiki/File:Ginger_Rogers_-_Tender_Comrade.jpg,https://upload.wikimedia.org/wikipedia/commons/2/2b/Ginger_Rogers_-_Tender_Comrade.jpg,Ginger Rogers in 1943,Public domain,2026-09-01
Ginger Rogers in Lady in the Dark.jpg,https://commons.wikimedia.org/wiki/File:Ginger_Rogers_in_Lady_in_the_Dark.jpg,https://upload.wikimedia.org/wikipedia/commons/2/26/Ginger_Rogers_in_Lady_in_the_Dark.jpg,Ginger Rogers in 1943,Public domain,2026-09-01
Ginger Rogers in Lady in the Dark (1944).jpg,https://commons.wikimedia.org/wiki/File:Ginger_Rogers_in_Lady_in_the_Dark_%281944%29.jpg,https://upload.wikimedia.org/wikipedia/commons/1/1a/Ginger_Rogers_in_Lady_in_the_Dark_%281944%29.jpg,Ginger Rogers in 1944,Public domain,2026-09-01
Ginger Rogers e Jacques Bergerac.tif,https://commons.wikimedia.org/wiki/File:Ginger_Rogers_e_Jacques_Bergerac.tif,https://upload.wikimedia.org/wikipedia/commons/c/ca/Ginger_Rogers_e_Jacques_Bergerac.tif,Ginger Rogers in 1957,Public domain,2026-09-21
"David Burns-Ginger Rogers in Hello, Dolly!.jpg",https://commons.wikimedia.org/wiki/File:David_Burns-Ginger_Rogers_in_Hello%2C_Dolly%21.jpg,https://upload.wikimedia.org/wikipedia/commons/b/bc/David_Burns-Ginger_Rogers_in_Hello%2C_Dolly%21.jpg,Ginger Rogers in 1967,Public domain,2026-09-01
Hepburn Alice Adams.jpg,https://commons.wikimedia.org/wiki/File:Hepburn_Alice_Adams.jpg,https://upload.wikimedia.org/wikipedia/commons/c/cf/Hepburn_Alice_Adams.jpg,Katharine Hepburn in 1935,Public domain,LOWRES
Hepburn Stewart Philadelphia Story.jpg,https://commons.wikimedia.org/wiki/File:Hepburn_Stewart_Philadelphia_Story.jpg,https://upload.wikimedia.org/wikipedia/commons/7/7d/Hepburn_Stewart_Philadelphia_Story.jpg,Katharine Hepburn in 1940,Public domain,2026-08-30
Katharine Hepburn Face.jpg,https://commons.wikimedia.org/wiki/File:Katharine_Hepburn_Face.jpg,https://upload.wikimedia.org/wikipedia/commons/c/c9/Katharine_Hepburn_Face.jpg,Katharine Hepburn in 1941,Public domain,2026-08-31
Katharine Hepburn promo pic (cropped).jpg,https://commons.wikimedia.org/wiki/File:Katharine_Hepburn_promo_pic_%28cropped%29.jpg,https://upload.wikimedia.org/wikipedia/commons/f/f1/Katharine_Hepburn_promo_pic_%28cropped%29.jpg,Katharine Hepburn in 1941,Public domain,2026-09-02
Katharine-Hepburn-MGM.jpg,https://commons.wikimedia.org/wiki/File:Katharine-Hepburn-MGM.jpg,https://upload.wikimedia.org/wikipedia/commons/b/b4/Katharine-Hepburn-MGM.jpg,Katharine Hepburn in 1941,Public domain,2026-09-05
"Encina Drive-in Ad - 15 August 1957, Santa Cruz, CA.jpg",https://commons.wikimedia.org/wiki/File:Encina_Drive-in_Ad_-_15_August_1957%2C_Santa_Cruz%2C_CA.jpg,https://upload.wikimedia.org/wikipedia/commons/b/b8/Encina_Drive-in_Ad_-_15_August_1957%2C_Santa_Cruz%2C_CA.jpg,Kim Novak in 1957,Public domain,2026-09-02
Natalie Wood in The Public Defender (Return of the Dead).jpg,https://commons.wikimedia.org/wiki/File:Natalie_Wood_in_The_Public_Defender_%28Return_of_the_Dead%29.jpg,https://upload.wikimedia.org/wikipedia/commons/1/16/Natalie_Wood_in_The_Public_Defender_%28Return_of_the_Dead%29.jpg,Natalie Wood in 1954,Public domain,2026-09-01
Natalie Wood.jpg,https://commons.wikimedia.org/wiki/File:Natalie_Wood.jpg,https://upload.wikimedia.org/wikipedia/commons/e/e9/Natalie_Wood.jpg,Natalie Wood in 1958,Public domain,LOWRES
Natalie Wood 1961 Splendor in the Grass.jpg,https://commons.wikimedia.org/wiki/File:Natalie_Wood_1961_Splendor_in_the_Grass.jpg,https://upload.wikimedia.org/wikipedia/commons/1/14/Natalie_Wood_1961_Splendor_in_the_Grass.jpg,Natalie Wood in 1961,Public domain,LOWRES
Kinema-Junpo-1965-October-Special-2.jpg,https://commons.wikimedia.org/wiki/File:Kinema-Junpo-1965-October-Special-2.jpg,https://upload.wikimedia.org/wikipedia/commons/2/20/Kinema-Junpo-1965-October-Special-2.jpg,Brigitte Bardot in 1963,Public domain,2026-09-05
Marlene Dietrich School Photo (1918).png,https://commons.wikimedia.org/wiki/File:Marlene_Dietrich_School_Photo_%281918%29.png,https://upload.wikimedia.org/wikipedia/commons/f/fd/Marlene_Dietrich_School_Photo_%281918%29.png,Marlene Dietrich in 1918,Public domain,LOWRES
Marlene Dietrich ve filmu Café Elektric (1927).png,https://commons.wikimedia.org/wiki/File:Marlene_Dietrich_ve_filmu_Caf%C3%A9_Elektric_%281927%29.png,https://upload.wikimedia.org/wikipedia/commons/d/da/Marlene_Dietrich_ve_filmu_Caf%C3%A9_Elektric_%281927%29.png,Marlene Dietrich in 1927,Public domain,2026-08-30
Marlene-Dietrich Shanghai-Express.1932.png,https://commons.wikimedia.org/wiki/File:Marlene-Dietrich_Shanghai-Express.1932.png,https://upload.wikimedia.org/wikipedia/commons/3/3e/Marlene-Dietrich_Shanghai-Express.1932.png,Marlene Dietrich in 1932,Public domain,LOWRES
1939- Rialto Theater Ad - 28 Dec MC - Allentown PA.jpg,https://commons.wikimedia.org/wiki/File:1939-_Rialto_Theater_Ad_-_28_Dec_MC_-_Allentown_PA.jpg,https://upload.wikimedia.org/wikipedia/commons/8/88/1939-_Rialto_Theater_Ad_-_28_Dec_MC_-_Allentown_PA.jpg,Marlene Dietrich in 1939,Public domain,2026-08-30
Destry-Rides-Again-1939.jpg,https://commons.wikimedia.org/wiki/File:Destry-Rides-Again-1939.jpg,https://upload.wikimedia.org/wikipedia/commons/0/0f/Destry-Rides-Again-1939.jpg,Marlene Dietrich in 1939,Public domain,2026-08-30
Airman wearing Mae west.jpg,https://commons.wikimedia.org/wiki/File:Airman_wearing_Mae_west.jpg,https://upload.wikimedia.org/wikipedia/commons/a/a1/Airman_wearing_Mae_west.jpg,Mae West life preservers,Public domain,2026-09-03
"Encina Drive-in Ad - 16 May 1952, Santa Cruz, CA.jpg",https://commons.wikimedia.org/wiki/File:Encina_Drive-in_Ad_-_16_May_1952%2C_Santa_Cruz%2C_CA.jpg,https://upload.wikimedia.org/wikipedia/commons/6/65/Encina_Drive-in_Ad_-_16_May_1952%2C_Santa_Cruz%2C_CA.jpg,Debbie Reynolds in 1952,Public domain,2026-09-04
Singin' in the Rain trailer 5.jpg,https://commons.wikimedia.org/wiki/File:Singin%27_in_the_Rain_trailer_5.jpg,https://upload.wikimedia.org/wikipedia/commons/d/d1/Singin%27_in_the_Rain_trailer_5.jpg,Debbie Reynolds in 1952,Public domain,2026-08-30
Singin-in-the-Rain-Kelly-Reynolds-1.jpg,https://commons.wikimedia.org/wiki/File:Singin-in-the-Rain-Kelly-Reynolds-1.jpg,https://upload.wikimedia.org/wikipedia/commons/8/8c/Singin-in-the-Rain-Kelly-Reynolds-1.jpg,Debbie Reynolds in 1952,Public domain,2026-09-03
"Press photo of R. F. Reynolds, O. Harman, and Debbie Reynolds in 1955 (back).jpg",https://commons.wikimedia.org/wiki/File:Press_photo_of_R._F._Reynolds%2C_O._Harman%2C_and_Debbie_Reynolds_in_1955_%28back%29.jpg,https://upload.wikimedia.org/wikipedia/commons/c/c8/Press_photo_of_R._F._Reynolds%2C_O._Harman%2C_and_Debbie_Reynolds_in_1955_%28back%29.jpg,Debbie Reynolds in 1955,Public domain,LOWRES
"Press photo of R. F. Reynolds, O. Harman, and Debbie Reynolds in 1955 (front).jpg",https://commons.wikimedia.org/wiki/File:Press_photo_of_R._F._Reynolds%2C_O._Harman%2C_and_Debbie_Reynolds_in_1955_%28front%29.jpg,https://upload.wikimedia.org/wikipedia/commons/2/2e/Press_photo_of_R._F._Reynolds%2C_O._Harman%2C_and_Debbie_Reynolds_in_1955_%28front%29.jpg,Debbie Reynolds in 1955,Public domain,LOWRES
Hoover-and-Shirley-Temple-1.jpg,https://commons.wikimedia.org/wiki/File:Hoover-and-Shirley-Temple-1.jpg,https://upload.wikimedia.org/wikipedia/commons/8/81/Hoover-and-Shirley-Temple-1.jpg,Shirley Temple in 1938,Public domain,2026-09-02
"Shirley sees her old friend the president. Washington, D.C., June 24. Shirley Temple leaving the White House offices of the president today after a very important conference with the LCCN2016873746.jpg",https://commons.wikimedia.org/wiki/File:Shirley_sees_her_old_friend_the_president._Washington%2C_D.C.%2C_June_24._Shirley_Temple_leaving_the_White_House_offices_of_the_president_today_after_a_very_important_conference_with_the_LCCN2016873746.jpg,https://upload.wikimedia.org/wikipedia/commons/e/e1/Shirley_sees_her_old_friend_the_president._Washington%2C_D.C.%2C_June_24._Shirley_Temple_leaving_the_White_House_offices_of_the_president_today_after_a_very_important_conference_with_the_LCCN2016873746.jpg,Shirley Temple in 1938,Public domain,2026-09-05
"Shirley sees her old friend the president. Washington, D.C., June 24. Shirley Temple leaving the White House offices of the president today after a very important conference with the LCCN2016873747.jpg",https://commons.wikimedia.org/wiki/File:Shirley_sees_her_old_friend_the_president._Washington%2C_D.C.%2C_June_24._Shirley_Temple_leaving_the_White_House_offices_of_the_president_today_after_a_very_important_conference_with_the_LCCN2016873747.jpg,https://upload.wikimedia.org/wikipedia/commons/4/47/Shirley_sees_her_old_friend_the_president._Washington%2C_D.C.%2C_June_24._Shirley_Temple_leaving_the_White_House_offices_of_the_president_today_after_a_very_important_conference_with_the_LCCN2016873747.jpg,Shirley Temple in 1938,Public domain,2026-09-01
Shirley Temple in Beryl Mercer in The Little Princess.jpg,https://commons.wikimedia.org/wiki/File:Shirley_Temple_in_Beryl_Mercer_in_The_Little_Princess.jpg,https://upload.wikimedia.org/wikipedia/commons/5/5a/Shirley_Temple_in_Beryl_Mercer_in_The_Little_Princess.jpg,Shirley Temple in 1939,Public domain,2026-09-01
Shirley Temple in Kathleen.jpg,https://commons.wikimedia.org/wiki/File:Shirley_Temple_in_Kathleen.jpg,https://upload.wikimedia.org/wikipedia/commons/9/95/Shirley_Temple_in_Kathleen.jpg,Shirley Temple in 1941,Public domain,2026-09-03
Shirley Temple John Agar.jpg,https://commons.wikimedia.org/wiki/File:Shirley_Temple_John_Agar.jpg,https://upload.wikimedia.org/wikipedia/commons/f/f2/Shirley_Temple_John_Agar.jpg,Shirley Temple in 1948,Public domain,2026-09-03
Shirleytemple.jpg,https://commons.wikimedia.org/wiki/File:Shirleytemple.jpg,https://upload.wikimedia.org/wikipedia/commons/f/ff/Shirleytemple.jpg,Shirley Temple in 1948,Public domain,2026-09-04
Mrs. Nixon attends a ceremony in Ghana - NARA - 194403.tif,https://commons.wikimedia.org/wiki/File:Mrs._Nixon_attends_a_ceremony_in_Ghana_-_NARA_-_194403.tif,https://upload.wikimedia.org/wikipedia/commons/b/bd/Mrs._Nixon_attends_a_ceremony_in_Ghana_-_NARA_-_194403.tif,Shirley Temple in 1972,Public domain,2026-09-21
Glinda and Dorothy.jpg,https://commons.wikimedia.org/wiki/File:Glinda_and_Dorothy.jpg,https://upload.wikimedia.org/wikipedia/commons/0/03/Glinda_and_Dorothy.jpg,Judy Garland in 1939,Public domain,2026-09-01
Garland in Till the Clouds Roll By.png,https://commons.wikimedia.org/wiki/File:Garland_in_Till_the_Clouds_Roll_By.png,https://upload.wikimedia.org/wikipedia/commons/5/50/Garland_in_Till_the_Clouds_Roll_By.png,Judy Garland in 1946,Public domain,2026-09-05
Look for the Silver Lining 1946.png,https://commons.wikimedia.org/wiki/File:Look_for_the_Silver_Lining_1946.png,https://upload.wikimedia.org/wikipedia/commons/8/88/Look_for_the_Silver_Lining_1946.png,Judy Garland in 1946,Public domain,2026-08-27
Rita-Moreno-1.jpg,https://commons.wikimedia.org/wiki/File:Rita-Moreno-1.jpg,https://upload.wikimedia.org/wikipedia/commons/4/44/Rita-Moreno-1.jpg,Rita Moreno in 1954,Public domain,2026-08-27
West Side Story (1961) still 2.jpg,https://commons.wikimedia.org/wiki/File:West_Side_Story_%281961%29_still_2.jpg,https://upload.wikimedia.org/wikipedia/commons/4/48/West_Side_Story_%281961%29_still_2.jpg,Rita Moreno in 1961,Public domain,2026-08-30
Achtung! Banditi! Lollo.jpg,https://commons.wikimedia.org/wiki/File:Achtung%21_Banditi%21_Lollo.jpg,https://upload.wikimedia.org/wikipedia/commons/7/76/Achtung%21_Banditi%21_Lollo.jpg,Gina Lollobrigida in 1951,Public domain,LOWRES
Gina-Lollobrigida-1.jpg,https://commons.wikimedia.org/wiki/File:Gina-Lollobrigida-1.jpg,https://upload.wikimedia.org/wikipedia/commons/5/5a/Gina-Lollobrigida-1.jpg,Gina Lollobrigida in 1954,Public domain,2026-09-03
Nastro d'argento 1954 Gina Lollobrigida.jpg,https://commons.wikimedia.org/wiki/File:Nastro_d%27argento_1954_Gina_Lollobrigida.jpg,https://upload.wikimedia.org/wikipedia/commons/6/6d/Nastro_d%27argento_1954_Gina_Lollobrigida.jpg,Gina Lollobrigida in 1954,Public domain,2026-08-31
Perón and Lollobrigida hoax.jpg,https://commons.wikimedia.org/wiki/File:Per%C3%B3n_and_Lollobrigida_hoax.jpg,https://upload.wikimedia.org/wikipedia/commons/3/39/Per%C3%B3n_and_Lollobrigida_hoax.jpg,Gina Lollobrigida in 1954,Public domain,2026-09-04
David di Donatello 1958 Anna Magnani.jpg,https://commons.wikimedia.org/wiki/File:David_di_Donatello_1958_Anna_Magnani.jpg,https://upload.wikimedia.org/wikipedia/commons/0/0e/David_di_Donatello_1958_Anna_Magnani.jpg,Gina Lollobrigida in 1958,Public domain,2026-08-29
Gina-Lollobrigida-in-the-movie-Unfaithful-to-get-391767759967.jpg,https://commons.wikimedia.org/wiki/File:Gina-Lollobrigida-in-the-movie-Unfaithful-to-get-391767759967.jpg,https://upload.wikimedia.org/wikipedia/commons/b/b6/Gina-Lollobrigida-in-the-movie-Unfaithful-to-get-391767759967.jpg,Gina Lollobrigida in 1962,Public domain,LOWRES
Gina-Lollobrigida-in-the-movie-Death-Laid-an-Egg-142364418864.jpg,https://commons.wikimedia.org/wiki/File:Gina-Lollobrigida-in-the-movie-Death-Laid-an-Egg-142364418864.jpg,https://upload.wikimedia.org/wikipedia/commons/3/32/Gina-Lollobrigida-in-the-movie-Death-Laid-an-Egg-142364418864.jpg,Gina Lollobrigida in 1967,Public domain,LOWRES
Richard-Bennett-Daughters.jpg,https://commons.wikimedia.org/wiki/File:Richard-Bennett-Daughters.jpg,https://upload.wikimedia.org/wikipedia/commons/c/cc/Richard-Bennett-Daughters.jpg,Joan Bennett in 1918,Public domain,2026-09-06
Joan Bennett by A. L. Whitey Schafer.webp,https://commons.wikimedia.org/wiki/File:Joan_Bennett_by_A._L._Whitey_Schafer.webp,https://upload.wikimedia.org/wikipedia/commons/9/97/Joan_Bennett_by_A._L._Whitey_Schafer.webp,Joan Bennett in 1940,Public domain,2026-09-03
Joan Bennett in Scarlet Street (2).jpg,https://commons.wikimedia.org/wiki/File:Joan_Bennett_in_Scarlet_Street_%282%29.jpg,https://upload.wikimedia.org/wikipedia/commons/1/1f/Joan_Bennett_in_Scarlet_Street_%282%29.jpg,Joan Bennett in 1945,Public domain,2026-08-28
Penny Serenade 2.jpg,https://commons.wikimedia.org/wiki/File:Penny_Serenade_2.jpg,https://upload.wikimedia.org/wikipedia/commons/3/31/Penny_Serenade_2.jpg,Cary Grant in 1941,Public domain,2026-09-01
Cary Grant.jpg,https://commons.wikimedia.org/wiki/File:Cary_Grant.jpg,https://upload.wikimedia.org/wikipedia/commons/c/c7/Cary_Grant.jpg,Cary Grant in 1943,Public domain,2026-09-03
Cary Grant Eva Marie Saint North by Northwest Still.jpg,https://commons.wikimedia.org/wiki/File:Cary_Grant_Eva_Marie_Saint_North_by_Northwest_Still.jpg,https://upload.wikimedia.org/wikipedia/commons/4/4c/Cary_Grant_Eva_Marie_Saint_North_by_Northwest_Still.jpg,Cary Grant in 1959,Public domain,2026-08-31
Cary Grant North by Northwest Original Still.jpg,https://commons.wikimedia.org/wiki/File:Cary_Grant_North_by_Northwest_Original_Still.jpg,https://upload.wikimedia.org/wikipedia/commons/e/e4/Cary_Grant_North_by_Northwest_Original_Still.jpg,Cary Grant in 1959,Public domain,2026-08-29
Cary Grant North by Northwest Still.jpg,https://commons.wikimedia.org/wiki/File:Cary_Grant_North_by_Northwest_Still.jpg,https://upload.wikimedia.org/wikipedia/commons/0/09/Cary_Grant_North_by_Northwest_Still.jpg,Cary Grant in 1959,Public domain,2026-08-28
Cary Grant North by Northwest still.jpg,https://commons.wikimedia.org/wiki/File:Cary_Grant_North_by_Northwest_still.jpg,https://upload.wikimedia.org/wikipedia/commons/f/fb/Cary_Grant_North_by_Northwest_still.jpg,Cary Grant in 1959,Public domain,2026-09-05
China seas publicity still.jpg,https://commons.wikimedia.org/wiki/File:China_seas_publicity_still.jpg,https://upload.wikimedia.org/wikipedia/commons/a/af/China_seas_publicity_still.jpg,Clark Gable in 1935,Public domain,2026-09-04
1935 -Colonial Theater Ad - 29 Nov MC - Allentown PA.jpg,https://commons.wikimedia.org/wiki/File:1935_-Colonial_Theater_Ad_-_29_Nov_MC_-_Allentown_PA.jpg,https://upload.wikimedia.org/wikipedia/commons/0/02/1935_-Colonial_Theater_Ad_-_29_Nov_MC_-_Allentown_PA.jpg,Clark Gable in 1935,Public domain,LOWRES
Clark Gable as Rhett Butler in Gone With the Wind trailer.jpg,https://commons.wikimedia.org/wiki/File:Clark_Gable_as_Rhett_Butler_in_Gone_With_the_Wind_trailer.jpg,https://upload.wikimedia.org/wikipedia/commons/2/20/Clark_Gable_as_Rhett_Butler_in_Gone_With_the_Wind_trailer.jpg,Clark Gable in 1939,Public domain,2026-09-01
Clark Gable in Gone With the Wind trailer.jpg,https://commons.wikimedia.org/wiki/File:Clark_Gable_in_Gone_With_the_Wind_trailer.jpg,https://upload.wikimedia.org/wikipedia/commons/a/ae/Clark_Gable_in_Gone_With_the_Wind_trailer.jpg,Clark Gable in 1939,Public domain,2026-09-01
Clark Gable Vivien Leigh.jpg,https://commons.wikimedia.org/wiki/File:Clark_Gable_Vivien_Leigh.jpg,https://upload.wikimedia.org/wikipedia/commons/7/7b/Clark_Gable_Vivien_Leigh.jpg,Clark Gable in 1939,Public domain,2026-08-28
Gone with the Wind Clark Gable Vivien Leigh.jpg,https://commons.wikimedia.org/wiki/File:Gone_with_the_Wind_Clark_Gable_Vivien_Leigh.jpg,https://upload.wikimedia.org/wikipedia/commons/b/bf/Gone_with_the_Wind_Clark_Gable_Vivien_Leigh.jpg,Clark Gable in 1939,Public domain,2026-08-29
Rehtt and Scarlett honeymoon.jpg,https://commons.wikimedia.org/wiki/File:Rehtt_and_Scarlett_honeymoon.jpg,https://upload.wikimedia.org/wikipedia/commons/8/89/Rehtt_and_Scarlett_honeymoon.jpg,Clark Gable in 1939,Public domain,2026-09-05
Anima e corpo 1.jpg,https://commons.wikimedia.org/wiki/File:Anima_e_corpo_1.jpg,https://upload.wikimedia.org/wikipedia/commons/e/ed/Anima_e_corpo_1.jpg,Humphrey Bogart in 1931,Public domain,2026-08-30
Humphrey Bogart James Cagney Jeffrey Lynn in The Roaring Twenties trailer.jpg,https://commons.wikimedia.org/wiki/File:Humphrey_Bogart_James_Cagney_Jeffrey_Lynn_in_The_Roaring_Twenties_trailer.jpg,https://upload.wikimedia.org/wikipedia/commons/1/1e/Humphrey_Bogart_James_Cagney_Jeffrey_Lynn_in_The_Roaring_Twenties_trailer.jpg,Humphrey Bogart in 1939,Public domain,LOWRES
James Cagney Humphrey Bogart in The Roaring Twenties trailer.jpg,https://commons.wikimedia.org/wiki/File:James_Cagney_Humphrey_Bogart_in_The_Roaring_Twenties_trailer.jpg,https://upload.wikimedia.org/wikipedia/commons/3/35/James_Cagney_Humphrey_Bogart_in_The_Roaring_Twenties_trailer.jpg,Humphrey Bogart in 1939,Public domain,LOWRES
Humphrey Bogart 1940 crop.jpg,https://commons.wikimedia.org/wiki/File:Humphrey_Bogart_1940_crop.jpg,https://upload.wikimedia.org/wikipedia/commons/1/19/Humphrey_Bogart_1940_crop.jpg,Humphrey Bogart in 1940,Public domain,2026-08-30
SamKissBrigMaltFalc1941Trailer.jpg,https://commons.wikimedia.org/wiki/File:SamKissBrigMaltFalc1941Trailer.jpg,https://upload.wikimedia.org/wikipedia/commons/5/58/SamKissBrigMaltFalc1941Trailer.jpg,Humphrey Bogart in 1941,Public domain,LOWRES
SamSpadeMaltFalc1941Trailer.jpg,https://commons.wikimedia.org/wiki/File:SamSpadeMaltFalc1941Trailer.jpg,https://upload.wikimedia.org/wikipedia/commons/4/4e/SamSpadeMaltFalc1941Trailer.jpg,Humphrey Bogart in 1941,Public domain,LOWRES
1944 - Colonial Theater Ad - 23 Mar MC - Allentown PA.jpg,https://commons.wikimedia.org/wiki/File:1944_-_Colonial_Theater_Ad_-_23_Mar_MC_-_Allentown_PA.jpg,https://upload.wikimedia.org/wikipedia/commons/2/2d/1944_-_Colonial_Theater_Ad_-_23_Mar_MC_-_Allentown_PA.jpg,Humphrey Bogart in 1944,Public domain,2026-08-28
The-Big-Sleep-trailer-book.jpg,https://commons.wikimedia.org/wiki/File:The-Big-Sleep-trailer-book.jpg,https://upload.wikimedia.org/wikipedia/commons/2/28/The-Big-Sleep-trailer-book.jpg,Humphrey Bogart in 1946,Public domain,2026-08-30
Dead Reckoning press photo by Joe Walters (1947).jpg,https://commons.wikimedia.org/wiki/File:Dead_Reckoning_press_photo_by_Joe_Walters_%281947%29.jpg,https://upload.wikimedia.org/wikipedia/commons/f/f0/Dead_Reckoning_press_photo_by_Joe_Walters_%281947%29.jpg,Humphrey Bogart in 1947,Public domain,2026-08-30
Beat the Devil (film) Bogart & Jones.png,https://commons.wikimedia.org/wiki/File:Beat_the_Devil_%28film%29_Bogart_%26_Jones.png,https://upload.wikimedia.org/wikipedia/commons/3/35/Beat_the_Devil_%28film%29_Bogart_%26_Jones.png,Humphrey Bogart in 1953,Public domain,2026-08-30
Humphrey Bogart The Caine Mutiny Photo.jpg,https://commons.wikimedia.org/wiki/File:Humphrey_Bogart_The_Caine_Mutiny_Photo.jpg,https://upload.wikimedia.org/wikipedia/commons/5/54/Humphrey_Bogart_The_Caine_Mutiny_Photo.jpg,Humphrey Bogart in 1954,Public domain,2026-08-30
Gary Cooper Grinnell College 1922.jpg,https://commons.wikimedia.org/wiki/File:Gary_Cooper_Grinnell_College_1922.jpg,https://upload.wikimedia.org/wikipedia/commons/e/e0/Gary_Cooper_Grinnell_College_1922.jpg,Gary Cooper in 1922,Public domain,LOWRES
"Annex - Cooper, Gary (A Man From Wyoming) 01.jpg",https://commons.wikimedia.org/wiki/File:Annex_-_Cooper%2C_Gary_%28A_Man_From_Wyoming%29_01.jpg,https://upload.wikimedia.org/wikipedia/commons/f/fd/Annex_-_Cooper%2C_Gary_%28A_Man_From_Wyoming%29_01.jpg,Gary Cooper in 1930,Public domain,2026-09-05
"Annex - Cooper, Gary (A Man From Wyoming) 02.jpg",https://commons.wikimedia.org/wiki/File:Annex_-_Cooper%2C_Gary_%28A_Man_From_Wyoming%29_02.jpg,https://upload.wikimedia.org/wikipedia/commons/0/04/Annex_-_Cooper%2C_Gary_%28A_Man_From_Wyoming%29_02.jpg,Gary Cooper in 1930,Public domain,2026-09-05
"Annex - Cooper, Gary (A Man From Wyoming) NRFPT 01.jpg",https://commons.wikimedia.org/wiki/File:Annex_-_Cooper%2C_Gary_%28A_Man_From_Wyoming%29_NRFPT_01.jpg,https://upload.wikimedia.org/wikipedia/commons/9/94/Annex_-_Cooper%2C_Gary_%28A_Man_From_Wyoming%29_NRFPT_01.jpg,Gary Cooper in 1930,Public domain,2026-09-06
"Annex - Cooper, Gary (A Man From Wyoming) NRFPT 02.jpg",https://commons.wikimedia.org/wiki/File:Annex_-_Cooper%2C_Gary_%28A_Man_From_Wyoming%29_NRFPT_02.jpg,https://upload.wikimedia.org/wikipedia/commons/1/1c/Annex_-_Cooper%2C_Gary_%28A_Man_From_Wyoming%29_NRFPT_02.jpg,Gary Cooper in 1930,Public domain,2026-09-01
Gary Cooper by A. L. Whitey Schafer 3.jpg,https://commons.wikimedia.org/wiki/File:Gary_Cooper_by_A._L._Whitey_Schafer_3.jpg,https://upload.wikimedia.org/wikipedia/commons/9/9b/Gary_Cooper_by_A._L._Whitey_Schafer_3.jpg,Gary Cooper in 1947,Public domain,2026-08-29
1951 - Boulevard Drive-In Ad - 22 Apr MC - Allentown PA.jpg,https://commons.wikimedia.org/wiki/File:1951_-_Boulevard_Drive-In_Ad_-_22_Apr_MC_-_Allentown_PA.jpg,https://upload.wikimedia.org/wikipedia/commons/9/90/1951_-_Boulevard_Drive-In_Ad_-_22_Apr_MC_-_Allentown_PA.jpg,Gary Cooper in 1951,Public domain,2026-09-03
Gary Cooper in High Noon 1952.JPG,https://commons.wikimedia.org/wiki/File:Gary_Cooper_in_High_Noon_1952.JPG,https://upload.wikimedia.org/wikipedia/commons/3/3f/Gary_Cooper_in_High_Noon_1952.JPG,Gary Cooper in 1952,Public domain,2026-09-02
Eiganotomo-garycooper-nov1952.jpg,https://commons.wikimedia.org/wiki/File:Eiganotomo-garycooper-nov1952.jpg,https://upload.wikimedia.org/wikipedia/commons/4/42/Eiganotomo-garycooper-nov1952.jpg,Gary Cooper in 1952,Public domain,2026-09-05
"Errol Flynn, actor, USA. 1950s.jpg",https://commons.wikimedia.org/wiki/File:Errol_Flynn%2C_actor%2C_USA._1950s.jpg,https://upload.wikimedia.org/wikipedia/commons/e/e0/Errol_Flynn%2C_actor%2C_USA._1950s.jpg,Errol Flynn in the 1950s,Public domain,2026-08-30
1942 - Rialto Theater Ad - 2 Oct MC - Allentown PA.jpg,https://commons.wikimedia.org/wiki/File:1942_-_Rialto_Theater_Ad_-_2_Oct_MC_-_Allentown_PA.jpg,https://upload.wikimedia.org/wikipedia/commons/9/9c/1942_-_Rialto_Theater_Ad_-_2_Oct_MC_-_Allentown_PA.jpg,Errol Flynn in 1942,Public domain,2026-08-28
Gregory Peck in Anna Christie play.jpg,https://commons.wikimedia.org/wiki/File:Gregory_Peck_in_Anna_Christie_play.jpg,https://upload.wikimedia.org/wikipedia/commons/5/55/Gregory_Peck_in_Anna_Christie_play.jpg,Gregory Peck in 1939,Public domain,2026-08-28
Peck The Valley of Decision.jpg,https://commons.wikimedia.org/wiki/File:Peck_The_Valley_of_Decision.jpg,https://upload.wikimedia.org/wikipedia/commons/5/52/Peck_The_Valley_of_Decision.jpg,Gregory Peck in 1945,Public domain,2026-08-28
SLNSW 28710 State Theatre Duel in the Sun with Jennifer Jones Gregory Peck and Joseph Cotten.jpg,https://commons.wikimedia.org/wiki/File:SLNSW_28710_State_Theatre_Duel_in_the_Sun_with_Jennifer_Jones_Gregory_Peck_and_Joseph_Cotten.jpg,https://upload.wikimedia.org/wikipedia/commons/7/76/SLNSW_28710_State_Theatre_Duel_in_the_Sun_with_Jennifer_Jones_Gregory_Peck_and_Joseph_Cotten.jpg,Gregory Peck in 1946,Public domain,2026-08-28
Gregory Peck Golden Globe 1947.jpg,https://commons.wikimedia.org/wiki/File:Gregory_Peck_Golden_Globe_1947.jpg,https://upload.wikimedia.org/wikipedia/commons/9/9e/Gregory_Peck_Golden_Globe_1947.jpg,Gregory Peck in 1947,Public domain,2026-08-31
Gregory Peck Twelve O'Clock High photo.jpg,https://commons.wikimedia.org/wiki/File:Gregory_Peck_Twelve_O%27Clock_High_photo.jpg,https://upload.wikimedia.org/wikipedia/commons/7/74/Gregory_Peck_Twelve_O%27Clock_High_photo.jpg,Gregory Peck in 1949,Public domain,2026-08-28
Gregory Peck in Roman Holiday trailer cropped.jpg,https://commons.wikimedia.org/wiki/File:Gregory_Peck_in_Roman_Holiday_trailer_cropped.jpg,https://upload.wikimedia.org/wikipedia/commons/b/be/Gregory_Peck_in_Roman_Holiday_trailer_cropped.jpg,Gregory Peck in 1953,Public domain,LOWRES
1954 - Rialto Theater - 7 Jul MC - Allentown PA.jpg,https://commons.wikimedia.org/wiki/File:1954_-_Rialto_Theater_-_7_Jul_MC_-_Allentown_PA.jpg,https://upload.wikimedia.org/wikipedia/commons/d/d9/1954_-_Rialto_Theater_-_7_Jul_MC_-_Allentown_PA.jpg,Gregory Peck in 1954,Public domain,2026-09-03
Gregory-Peck-1.jpg,https://commons.wikimedia.org/wiki/File:Gregory-Peck-1.jpg,https://upload.wikimedia.org/wikipedia/commons/2/20/Gregory-Peck-1.jpg,Gregory Peck in 1954,Public domain,2026-08-28
Kinema-Junpo-1961-August-late-1.jpg,https://commons.wikimedia.org/wiki/File:Kinema-Junpo-1961-August-late-1.jpg,https://upload.wikimedia.org/wikipedia/commons/4/48/Kinema-Junpo-1961-August-late-1.jpg,Gregory Peck in 1961,Public domain,2026-09-03
Kinema-Junpo-1961-August-late-2.jpg,https://commons.wikimedia.org/wiki/File:Kinema-Junpo-1961-August-late-2.jpg,https://upload.wikimedia.org/wikipedia/commons/0/02/Kinema-Junpo-1961-August-late-2.jpg,Gregory Peck in 1961,Public domain,2026-09-03
Gregory Peck Finch Publicity Photo.jpg,https://commons.wikimedia.org/wiki/File:Gregory_Peck_Finch_Publicity_Photo.jpg,https://upload.wikimedia.org/wikipedia/commons/7/74/Gregory_Peck_Finch_Publicity_Photo.jpg,Gregory Peck in 1962,Public domain,2026-09-01
Behold a Pale Horse 1964 still.jpg,https://commons.wikimedia.org/wiki/File:Behold_a_Pale_Horse_1964_still.jpg,https://upload.wikimedia.org/wikipedia/commons/5/54/Behold_a_Pale_Horse_1964_still.jpg,Gregory Peck in 1964,Public domain,2026-09-03
Gregory Peck Behold a Pale Horse press still.jpg,https://commons.wikimedia.org/wiki/File:Gregory_Peck_Behold_a_Pale_Horse_press_still.jpg,https://upload.wikimedia.org/wikipedia/commons/b/bc/Gregory_Peck_Behold_a_Pale_Horse_press_still.jpg,Gregory Peck in 1964,Public domain,2026-09-03
Peck Streisand 1969.jpg,https://commons.wikimedia.org/wiki/File:Peck_Streisand_1969.jpg,https://upload.wikimedia.org/wikipedia/commons/0/08/Peck_Streisand_1969.jpg,Gregory Peck in 1969,Public domain,2026-08-28
Sharif Peck Mackenna's Gold Promo.jpg,https://commons.wikimedia.org/wiki/File:Sharif_Peck_Mackenna%27s_Gold_Promo.jpg,https://upload.wikimedia.org/wikipedia/commons/0/06/Sharif_Peck_Mackenna%27s_Gold_Promo.jpg,Gregory Peck in 1969,Public domain,2026-08-28
Gregory Peck in MacArthur.jpg,https://commons.wikimedia.org/wiki/File:Gregory_Peck_in_MacArthur.jpg,https://upload.wikimedia.org/wikipedia/commons/0/0a/Gregory_Peck_in_MacArthur.jpg,Gregory Peck in 1977,Public domain,2026-09-02
"Portrait of Marlon Brando, in ""A streetcar named desire"" LCCN2004662617.jpg",https://commons.wikimedia.org/wiki/File:Portrait_of_Marlon_Brando%2C_in_%22A_streetcar_named_desire%22_LCCN2004662617.jpg,https://upload.wikimedia.org/wikipedia/commons/f/f6/Portrait_of_Marlon_Brando%2C_in_%22A_streetcar_named_desire%22_LCCN2004662617.jpg,Marlon Brando in 1948,Public domain,2026-08-31
"Portrait of Marlon Brando, in ""A streetcar named desire"" LCCN2004662617.tif",https://commons.wikimedia.org/wiki/File:Portrait_of_Marlon_Brando%2C_in_%22A_streetcar_named_desire%22_LCCN2004662617.tif,https://upload.wikimedia.org/wikipedia/commons/4/44/Portrait_of_Marlon_Brando%2C_in_%22A_streetcar_named_desire%22_LCCN2004662617.tif,Marlon Brando in 1948,Public domain,2026-09-21
Marlon Brando in The Men.jpg,https://commons.wikimedia.org/wiki/File:Marlon_Brando_in_The_Men.jpg,https://upload.wikimedia.org/wikipedia/commons/1/17/Marlon_Brando_in_The_Men.jpg,Marlon Brando in 1950,Public domain,2026-09-03
Marlon Brando meets Emperor Haile Selassie I.jpg,https://commons.wikimedia.org/wiki/File:Marlon_Brando_meets_Emperor_Haile_Selassie_I.jpg,https://upload.wikimedia.org/wikipedia/commons/c/c9/Marlon_Brando_meets_Emperor_Haile_Selassie_I.jpg,Marlon Brando in 1954,Public domain,2026-08-30
Marlon brando waterfront 1.jpg,https://commons.wikimedia.org/wiki/File:Marlon_brando_waterfront_1.jpg,https://upload.wikimedia.org/wikipedia/commons/0/0b/Marlon_brando_waterfront_1.jpg,Marlon Brando in 1954,Public domain,2026-09-04
Marlon Brando MGM Parade.JPG,https://commons.wikimedia.org/wiki/File:Marlon_Brando_MGM_Parade.JPG,https://upload.wikimedia.org/wikipedia/commons/e/e5/Marlon_Brando_MGM_Parade.JPG,Marlon Brando in 1957,Public domain,LOWRES
Marlon-Brando-Sylvi-Kekkonen-1967.jpg,https://commons.wikimedia.org/wiki/File:Marlon-Brando-Sylvi-Kekkonen-1967.jpg,https://upload.wikimedia.org/wikipedia/commons/d/d9/Marlon-Brando-Sylvi-Kekkonen-1967.jpg,Marlon Brando in 1967,Public domain,2026-08-31
Alexander Stewart hardware store.jpg,https://commons.wikimedia.org/wiki/File:Alexander_Stewart_hardware_store.jpg,https://upload.wikimedia.org/wikipedia/commons/f/f9/Alexander_Stewart_hardware_store.jpg,James Stewart in 1930,Public domain,2026-08-29
James Stewart in Mr. Smith Goes to Washington trailer 2 crop.JPG,https://commons.wikimedia.org/wiki/File:James_Stewart_in_Mr._Smith_Goes_to_Washington_trailer_2_crop.JPG,https://upload.wikimedia.org/wikipedia/commons/7/7f/James_Stewart_in_Mr._Smith_Goes_to_Washington_trailer_2_crop.JPG,James Stewart in 1939,Public domain,LOWRES
James Stewart in Mr. Smith Goes to Washington trailer 2.JPG,https://commons.wikimedia.org/wiki/File:James_Stewart_in_Mr._Smith_Goes_to_Washington_trailer_2.JPG,https://upload.wikimedia.org/wikipedia/commons/8/8c/James_Stewart_in_Mr._Smith_Goes_to_Washington_trailer_2.JPG,James Stewart in 1939,Public domain,2026-08-28
James Stewart in Mr. Smith Goes to Washington trailer crop.JPG,https://commons.wikimedia.org/wiki/File:James_Stewart_in_Mr._Smith_Goes_to_Washington_trailer_crop.JPG,https://upload.wikimedia.org/wikipedia/commons/6/6c/James_Stewart_in_Mr._Smith_Goes_to_Washington_trailer_crop.JPG,James Stewart in 1939,Public domain,LOWRES
James Stewart in Mr. Smith Goes to Washington trailer.JPG,https://commons.wikimedia.org/wiki/File:James_Stewart_in_Mr._Smith_Goes_to_Washington_trailer.JPG,https://upload.wikimedia.org/wikipedia/commons/f/f2/James_Stewart_in_Mr._Smith_Goes_to_Washington_trailer.JPG,James Stewart in 1939,Public domain,2026-08-31
James Stewart-Paulette Goddard in Pot o' Gold.jpg,https://commons.wikimedia.org/wiki/File:James_Stewart-Paulette_Goddard_in_Pot_o%27_Gold.jpg,https://upload.wikimedia.org/wikipedia/commons/1/1d/James_Stewart-Paulette_Goddard_in_Pot_o%27_Gold.jpg,James Stewart in 1941,Public domain,LOWRES
Maj. Jimmy Stewart.jpg,https://commons.wikimedia.org/wiki/File:Maj._Jimmy_Stewart.jpg,https://upload.wikimedia.org/wikipedia/commons/f/f4/Maj._Jimmy_Stewart.jpg,James Stewart in 1943,Public domain,2026-08-27
James Stewart air force photo.jpg,https://commons.wikimedia.org/wiki/File:James_Stewart_air_force_photo.jpg,https://upload.wikimedia.org/wikipedia/commons/4/42/James_Stewart_air_force_photo.jpg,James Stewart in 1944,Public domain,2026-08-27
Guardian angel clarence.jpg,https://commons.wikimedia.org/wiki/File:Guardian_angel_clarence.jpg,https://upload.wikimedia.org/wikipedia/commons/3/3e/Guardian_angel_clarence.jpg,James Stewart in 1946,Public domain,2026-08-31
Wonderfullife trailer 1.jpg,https://commons.wikimedia.org/wiki/File:Wonderfullife_trailer_1.jpg,https://upload.wikimedia.org/wikipedia/commons/2/27/Wonderfullife_trailer_1.jpg,James Stewart in 1946,Public domain,2026-08-31
It's a Wonderful Life - Dancing.jpg,https://commons.wikimedia.org/wiki/File:It%27s_a_Wonderful_Life_-_Dancing.jpg,https://upload.wikimedia.org/wikipedia/commons/3/38/It%27s_a_Wonderful_Life_-_Dancing.jpg,James Stewart in 1946,Public domain,2026-08-31
It's a Wonderful Life - George with Mary.jpg,https://commons.wikimedia.org/wiki/File:It%27s_a_Wonderful_Life_-_George_with_Mary.jpg,https://upload.wikimedia.org/wikipedia/commons/4/40/It%27s_a_Wonderful_Life_-_George_with_Mary.jpg,James Stewart in 1946,Public domain,2026-08-31
Spencer Tracy.jpg,https://commons.wikimedia.org/wiki/File:Spencer_Tracy.jpg,https://upload.wikimedia.org/wikipedia/commons/8/8b/Spencer_Tracy.jpg,Spencer Tracy in 1935,Public domain,2026-08-27
Boys Town 1938.jpg,https://commons.wikimedia.org/wiki/File:Boys_Town_1938.jpg,https://upload.wikimedia.org/wikipedia/commons/7/7b/Boys_Town_1938.jpg,Spencer Tracy in 1938,Public domain,2026-09-04
Philip Martin Spencer Tracy Garson Kanin.jpg,https://commons.wikimedia.org/wiki/File:Philip_Martin_Spencer_Tracy_Garson_Kanin.jpg,https://upload.wikimedia.org/wikipedia/commons/e/e7/Philip_Martin_Spencer_Tracy_Garson_Kanin.jpg,Spencer Tracy in 1942,Public domain,LOWRES
Spencer Tracy Garson Kanin 1.jpg,https://commons.wikimedia.org/wiki/File:Spencer_Tracy_Garson_Kanin_1.jpg,https://upload.wikimedia.org/wikipedia/commons/9/99/Spencer_Tracy_Garson_Kanin_1.jpg,Spencer Tracy in 1942,Public domain,LOWRES
Spencer Tracy Garson Kanin 2.jpg,https://commons.wikimedia.org/wiki/File:Spencer_Tracy_Garson_Kanin_2.jpg,https://upload.wikimedia.org/wikipedia/commons/6/6a/Spencer_Tracy_Garson_Kanin_2.jpg,Spencer Tracy in 1942,Public domain,LOWRES
Tracy Wagner Still.jpg,https://commons.wikimedia.org/wiki/File:Tracy_Wagner_Still.jpg,https://upload.wikimedia.org/wikipedia/commons/archive/6/6f/20180904121258%21Tracy_Wagner_Still.jpg,Spencer Tracy in 1956,Public domain,GONE
Spencer Tracy Judgment at Nuremberg Still.jpg,https://commons.wikimedia.org/wiki/File:Spencer_Tracy_Judgment_at_Nuremberg_Still.jpg,https://upload.wikimedia.org/wikipedia/commons/5/54/Spencer_Tracy_Judgment_at_Nuremberg_Still.jpg,Spencer Tracy in 1961,Public domain,2026-09-03
VivienLeighToMiaKuryluk.jpg,https://commons.wikimedia.org/wiki/File:VivienLeighToMiaKuryluk.jpg,https://upload.wikimedia.org/wikipedia/commons/3/34/VivienLeighToMiaKuryluk.jpg,Vivien Leigh,Public domain,GONE
Loretta Young PS.jpg,https://commons.wikimedia.org/wiki/File:Loretta_Young_PS.jpg,https://upload.wikimedia.org/wikipedia/commons/8/8e/Loretta_Young_PS.jpg,Loretta Young,Public domain,2026-08-31
Esther Williams Skirts Ahoy!.jpg,https://commons.wikimedia.org/wiki/File:Esther_Williams_Skirts_Ahoy%21.jpg,https://upload.wikimedia.org/wikipedia/commons/0/04/Esther_Williams_Skirts_Ahoy%21.jpg,Esther Williams,Public domain,2026-09-03
Screen-cover-sept1953-eastherwilliams.jpg,https://commons.wikimedia.org/wiki/File:Screen-cover-sept1953-eastherwilliams.jpg,https://upload.wikimedia.org/wikipedia/commons/3/34/Screen-cover-sept1953-eastherwilliams.jpg,Esther Williams,Public domain,2026-09-06
Two Weeks in Another Town (1962).jpg,https://commons.wikimedia.org/wiki/File:Two_Weeks_in_Another_Town_%281962%29.jpg,https://upload.wikimedia.org/wikipedia/commons/6/61/Two_Weeks_in_Another_Town_%281962%29.jpg,Cyd Charisse,Public domain,2026-09-02
Eros Volúsia in Rio Rita costume and Eleanor Powell 1942.jpg,https://commons.wikimedia.org/wiki/File:Eros_Vol%C3%BAsia_in_Rio_Rita_costume_and_Eleanor_Powell_1942.jpg,https://upload.wikimedia.org/wikipedia/commons/e/ea/Eros_Vol%C3%BAsia_in_Rio_Rita_costume_and_Eleanor_Powell_1942.jpg,Eleanor Powell,Public domain,2026-09-06
Betty Hutton - USN.jpg,https://commons.wikimedia.org/wiki/File:Betty_Hutton_-_USN.jpg,https://upload.wikimedia.org/wikipedia/commons/2/23/Betty_Hutton_-_USN.jpg,Betty Hutton,Public domain,2026-08-27
Gli ultimi cinque minuti (1955) Linda Darnell e Vittorio De Sica.jpg,https://commons.wikimedia.org/wiki/File:Gli_ultimi_cinque_minuti_%281955%29_Linda_Darnell_e_Vittorio_De_Sica.jpg,https://upload.wikimedia.org/wikipedia/commons/5/55/Gli_ultimi_cinque_minuti_%281955%29_Linda_Darnell_e_Vittorio_De_Sica.jpg,Linda Darnell,Public domain,2026-09-03
Jeanne Crain.jpg,https://commons.wikimedia.org/wiki/File:Jeanne_Crain.jpg,https://upload.wikimedia.org/wikipedia/commons/3/37/Jeanne_Crain.jpg,Jeanne Crain,Public domain,2026-08-30
Norma Shearer in short dress.jpg,https://commons.wikimedia.org/wiki/File:Norma_Shearer_in_short_dress.jpg,https://upload.wikimedia.org/wikipedia/commons/1/1d/Norma_Shearer_in_short_dress.jpg,Norma Shearer,Public domain,2026-09-03
Barretts-of-Wimpole-Street-Shearer-O'Sullivan-Laughton.jpg,https://commons.wikimedia.org/wiki/File:Barretts-of-Wimpole-Street-Shearer-O%27Sullivan-Laughton.jpg,https://upload.wikimedia.org/wikipedia/commons/4/49/Barretts-of-Wimpole-Street-Shearer-O%27Sullivan-Laughton.jpg,Norma Shearer,Public domain,2026-09-02
Norma Shearer LCCN2014718912.jpg,https://commons.wikimedia.org/wiki/File:Norma_Shearer_LCCN2014718912.jpg,https://upload.wikimedia.org/wikipedia/commons/4/44/Norma_Shearer_LCCN2014718912.jpg,Norma Shearer,Public domain,2026-08-31
Norma Shearer LCCN2014718944.jpg,https://commons.wikimedia.org/wiki/File:Norma_Shearer_LCCN2014718944.jpg,https://upload.wikimedia.org/wikipedia/commons/d/dd/Norma_Shearer_LCCN2014718944.jpg,Norma Shearer,Public domain,2026-08-31
Norma Shearer LCCN2014718945.jpg,https://commons.wikimedia.org/wiki/File:Norma_Shearer_LCCN2014718945.jpg,https://upload.wikimedia.org/wikipedia/commons/3/3a/Norma_Shearer_LCCN2014718945.jpg,Norma Shearer,Public domain,2026-09-01
Norma Shearer in Upstage.jpg,https://commons.wikimedia.org/wiki/File:Norma_Shearer_in_Upstage.jpg,https://upload.wikimedia.org/wikipedia/commons/4/45/Norma_Shearer_in_Upstage.jpg,Norma Shearer,Public domain,2026-09-04
MiriamHopkinsinBeckySharp.jpg,https://commons.wikimedia.org/wiki/File:MiriamHopkinsinBeckySharp.jpg,https://upload.wikimedia.org/wikipedia/commons/6/68/MiriamHopkinsinBeckySharp.jpg,Miriam Hopkins,Public domain,2026-09-04
It's a Wonderful Life - Donna Reed.jpg,https://commons.wikimedia.org/wiki/File:It%27s_a_Wonderful_Life_-_Donna_Reed.jpg,https://upload.wikimedia.org/wikipedia/commons/d/d6/It%27s_a_Wonderful_Life_-_Donna_Reed.jpg,Donna Reed,Public domain,2026-09-04
William-Holden-1956-Helsinki.jpg,https://commons.wikimedia.org/wiki/File:William-Holden-1956-Helsinki.jpg,https://upload.wikimedia.org/wikipedia/commons/c/cf/William-Holden-1956-Helsinki.jpg,William Holden,Public domain,2026-09-01
Henry Fonda - USN.jpg,https://commons.wikimedia.org/wiki/File:Henry_Fonda_-_USN.jpg,https://upload.wikimedia.org/wikipedia/commons/6/65/Henry_Fonda_-_USN.jpg,Henry Fonda,Public domain,2026-09-01
Alan Ladd by A. L. Whitey Schafer.jpg,https://commons.wikimedia.org/wiki/File:Alan_Ladd_by_A._L._Whitey_Schafer.jpg,https://upload.wikimedia.org/wikipedia/commons/1/1d/Alan_Ladd_by_A._L._Whitey_Schafer.jpg,Alan Ladd,Public domain,2026-09-05
Montgomery Clift in I Confess trailer.jpg,https://commons.wikimedia.org/wiki/File:Montgomery_Clift_in_I_Confess_trailer.jpg,https://upload.wikimedia.org/wikipedia/commons/9/99/Montgomery_Clift_in_I_Confess_trailer.jpg,Montgomery Clift,Public domain,2026-08-31
Magda-Charlton Heston.jpg,https://commons.wikimedia.org/wiki/File:Magda-Charlton_Heston.jpg,https://upload.wikimedia.org/wikipedia/commons/f/f9/Magda-Charlton_Heston.jpg,Charlton Heston,Public domain,2026-08-29
Buster Keaton LCCN2014712604.jpg,https://commons.wikimedia.org/wiki/File:Buster_Keaton_LCCN2014712604.jpg,https://upload.wikimedia.org/wikipedia/commons/e/e5/Buster_Keaton_LCCN2014712604.jpg,Buster Keaton,Public domain,2026-08-31
Buster Keaton LCCN2014712604.tif,https://commons.wikimedia.org/wiki/File:Buster_Keaton_LCCN2014712604.tif,https://upload.wikimedia.org/wikipedia/commons/a/a4/Buster_Keaton_LCCN2014712604.tif,Buster Keaton,Public domain,2026-09-21
Keatons Aboard the S.S. Washington.jpg,https://commons.wikimedia.org/wiki/File:Keatons_Aboard_the_S.S._Washington.jpg,https://upload.wikimedia.org/wikipedia/commons/9/9e/Keatons_Aboard_the_S.S._Washington.jpg,Buster Keaton,Public domain,2026-09-04
"Press photo of Buster and Eleanor Keaton, 1965 (back).jpg",https://commons.wikimedia.org/wiki/File:Press_photo_of_Buster_and_Eleanor_Keaton%2C_1965_%28back%29.jpg,https://upload.wikimedia.org/wikipedia/commons/a/ae/Press_photo_of_Buster_and_Eleanor_Keaton%2C_1965_%28back%29.jpg,Buster Keaton,Public domain,2026-09-04
"Filmster Rudolf Valentino in Arabische outfit, jaren '20, SFA007001850.jpg",https://commons.wikimedia.org/wiki/File:Filmster_Rudolf_Valentino_in_Arabische_outfit%2C_jaren_%2720%2C_SFA007001850.jpg,https://upload.wikimedia.org/wikipedia/commons/f/f1/Filmster_Rudolf_Valentino_in_Arabische_outfit%2C_jaren_%2720%2C_SFA007001850.jpg,Rudolph Valentino,Public domain,2026-09-06
"Filmster Rudolf Valentino in Arabische outfit, jaren '20, SFA007001852.jpg",https://commons.wikimedia.org/wiki/File:Filmster_Rudolf_Valentino_in_Arabische_outfit%2C_jaren_%2720%2C_SFA007001852.jpg,https://upload.wikimedia.org/wikipedia/commons/0/02/Filmster_Rudolf_Valentino_in_Arabische_outfit%2C_jaren_%2720%2C_SFA007001852.jpg,Rudolph Valentino,Public domain,2026-09-05
Rudolph Valentino LCCN2014718921.jpg,https://commons.wikimedia.org/wiki/File:Rudolph_Valentino_LCCN2014718921.jpg,https://upload.wikimedia.org/wikipedia/commons/b/bd/Rudolph_Valentino_LCCN2014718921.jpg,Rudolph Valentino,Public domain,2026-09-03
Rudolph Valentino LCCN2014718922.jpg,https://commons.wikimedia.org/wiki/File:Rudolph_Valentino_LCCN2014718922.jpg,https://upload.wikimedia.org/wikipedia/commons/0/07/Rudolph_Valentino_LCCN2014718922.jpg,Rudolph Valentino,Public domain,2026-08-31
"FAIRBANKS, DOUGLAS LCCN2016857681.jpg",https://commons.wikimedia.org/wiki/File:FAIRBANKS%2C_DOUGLAS_LCCN2016857681.jpg,https://upload.wikimedia.org/wikipedia/commons/3/34/FAIRBANKS%2C_DOUGLAS_LCCN2016857681.jpg,Douglas Fairbanks,Public domain,2026-09-03
Gloria Swanson - El Gráfico 96.jpg,https://commons.wikimedia.org/wiki/File:Gloria_Swanson_-_El_Gr%C3%A1fico_96.jpg,https://upload.wikimedia.org/wikipedia/commons/0/0a/Gloria_Swanson_-_El_Gr%C3%A1fico_96.jpg,Gloria Swanson wearing fur,Public domain,2026-08-28
Gloria Swanson LCCN2014717501.jpg,https://commons.wikimedia.org/wiki/File:Gloria_Swanson_LCCN2014717501.jpg,https://upload.wikimedia.org/wikipedia/commons/f/ff/Gloria_Swanson_LCCN2014717501.jpg,Gloria Swanson wearing fur,Public domain,2026-08-29
Charlie Chaplin in The Vagabond - Greenwich Litho. Co. N.Y. LCCN99472703.jpg,https://commons.wikimedia.org/wiki/File:Charlie_Chaplin_in_The_Vagabond_-_Greenwich_Litho._Co._N.Y._LCCN99472703.jpg,https://upload.wikimedia.org/wikipedia/commons/e/e5/Charlie_Chaplin_in_The_Vagabond_-_Greenwich_Litho._Co._N.Y._LCCN99472703.jpg,Charlie Chaplin in art,Public domain,2026-09-04
Gli ultimi cinque minuti-Primo piano di Renata.png,https://commons.wikimedia.org/wiki/File:Gli_ultimi_cinque_minuti-Primo_piano_di_Renata.png,https://upload.wikimedia.org/wikipedia/commons/5/50/Gli_ultimi_cinque_minuti-Primo_piano_di_Renata.png,Linda Darnell,Public domain,2026-09-02
Norma Shearer lilies 1930.jpg,https://commons.wikimedia.org/wiki/File:Norma_Shearer_lilies_1930.jpg,https://upload.wikimedia.org/wikipedia/commons/7/73/Norma_Shearer_lilies_1930.jpg,Norma Shearer,Public domain,2026-09-02
Sylvia Sidney.JPG,https://commons.wikimedia.org/wiki/File:Sylvia_Sidney.JPG,https://upload.wikimedia.org/wikipedia/commons/7/7d/Sylvia_Sidney.JPG,Sylvia Sidney,Public domain,2026-09-05
Jean Arthur in Peter Pan.jpg,https://commons.wikimedia.org/wiki/File:Jean_Arthur_in_Peter_Pan.jpg,https://upload.wikimedia.org/wikipedia/commons/6/6c/Jean_Arthur_in_Peter_Pan.jpg,Jean Arthur,Public domain,2026-09-04
Donna Reed.jpg,https://commons.wikimedia.org/wiki/File:Donna_Reed.jpg,https://upload.wikimedia.org/wikipedia/commons/a/ac/Donna_Reed.jpg,Donna Reed,Public domain,2026-09-05
Deborah Kerr The King and I.jpg,https://commons.wikimedia.org/wiki/File:Deborah_Kerr_The_King_and_I.jpg,https://upload.wikimedia.org/wikipedia/commons/a/af/Deborah_Kerr_The_King_and_I.jpg,Deborah Kerr,Public domain,2026-09-04
Ann Margret 1968.JPG,https://commons.wikimedia.org/wiki/File:Ann_Margret_1968.JPG,https://upload.wikimedia.org/wikipedia/commons/d/d7/Ann_Margret_1968.JPG?utm_source=commons.wikimedia.org&utm_campaign=imageinfo&utm_content=original,Ann-Margret,Public domain,2026-09-22
"Jane Wyman, 1943.jpg",https://commons.wikimedia.org/wiki/File:Jane_Wyman%2C_1943.jpg,https://upload.wikimedia.org/wikipedia/commons/a/a5/Jane_Wyman%2C_1943.jpg?utm_source=commons.wikimedia.org&utm_campaign=imageinfo&utm_content=original,Jane Wyman,Public domain,2026-09-22
Peck Wyman The Yearling Publicity Photo 1946.jpg,https://commons.wikimedia.org/wiki/File:Peck_Wyman_The_Yearling_Publicity_Photo_1946.jpg,https://upload.wikimedia.org/wikipedia/commons/6/66/Peck_Wyman_The_Yearling_Publicity_Photo_1946.jpg?utm_source=commons.wikimedia.org&utm_campaign=imageinfo&utm_content=original,Jane Wyman,Public domain,2026-09-23
"June Allyson with Pamela and Richard, 1955.jpg",https://commons.wikimedia.org/wiki/File:June_Allyson_with_Pamela_and_Richard%2C_1955.jpg,https://upload.wikimedia.org/wikipedia/commons/1/10/June_Allyson_with_Pamela_and_Richard%2C_1955.jpg?utm_source=commons.wikimedia.org&utm_campaign=imageinfo&utm_content=original,June Allyson,Public domain,2026-09-23
VIRGINIAMayo.jpg,https://commons.wikimedia.org/wiki/File:VIRGINIAMayo.jpg,https://upload.wikimedia.org/wikipedia/commons/c/c6/VIRGINIAMayo.jpg?utm_source=commons.wikimedia.org&utm_campaign=imageinfo&utm_content=original,Virginia Mayo,Public domain,2026-09-22
Arlene Dahl - Radiofilm 1957.jpg,https://commons.wikimedia.org/wiki/File:Arlene_Dahl_-_Radiofilm_1957.jpg,https://upload.wikimedia.org/wikipedia/commons/2/27/Arlene_Dahl_-_Radiofilm_1957.jpg?utm_source=commons.wikimedia.org&utm_campaign=imageinfo&utm_content=original,Arlene Dahl,Public domain,2026-09-23
"Piper Laurie, August 1954.jpg",https://commons.wikimedia.org/wiki/File:Piper_Laurie%2C_August_1954.jpg,https://upload.wikimedia.org/wikipedia/commons/1/1a/Piper_Laurie%2C_August_1954.jpg?utm_source=commons.wikimedia.org&utm_campaign=imageinfo&utm_content=original,Piper Laurie,Public domain,2026-09-21
"Jean Simmons by Ernest A. Bachrach, 1955.jpg",https://commons.wikimedia.org/wiki/File:Jean_Simmons_by_Ernest_A._Bachrach%2C_1955.jpg,https://upload.wikimedia.org/wikipedia/commons/1/1f/Jean_Simmons_by_Ernest_A._Bachrach%2C_1955.jpg?utm_source=commons.wikimedia.org&utm_campaign=imageinfo&utm_content=original,Jean Simmons,Public domain,2026-09-23
"Jean Simmons, 1953.jpg",https://commons.wikimedia.org/wiki/File:Jean_Simmons%2C_1953.jpg,https://upload.wikimedia.org/wikipedia/commons/5/5a/Jean_Simmons%2C_1953.jpg?utm_source=commons.wikimedia.org&utm_campaign=imageinfo&utm_content=original,Jean Simmons,Public domain,2026-09-23
Dorothy Malone Peyton Place 1964.JPG,https://commons.wikimedia.org/wiki/File:Dorothy_Malone_Peyton_Place_1964.JPG,https://upload.wikimedia.org/wikipedia/commons/d/d5/Dorothy_Malone_Peyton_Place_1964.JPG?utm_source=commons.wikimedia.org&utm_campaign=imageinfo&utm_content=original,Dorothy Malone,Public domain,2026-09-23
Julie London 1948 portrait.jpg,https://commons.wikimedia.org/wiki/File:Julie_London_1948_portrait.jpg,https://upload.wikimedia.org/wikipedia/commons/4/43/Julie_London_1948_portrait.jpg?utm_source=commons.wikimedia.org&utm_campaign=imageinfo&utm_content=original,Julie London,Public domain,2026-09-24
Sandra Dee 1959.jpg,https://commons.wikimedia.org/wiki/File:Sandra_Dee_1959.jpg,https://upload.wikimedia.org/wikipedia/commons/7/76/Sandra_Dee_1959.jpg?utm_source=commons.wikimedia.org&utm_campaign=imageinfo&utm_content=original,Sandra Dee,Public domain,2026-09-21
"Sandra Dee, April 1959.jpg",https://commons.wikimedia.org/wiki/File:Sandra_Dee%2C_April_1959.jpg,https://upload.wikimedia.org/wikipedia/commons/b/bc/Sandra_Dee%2C_April_1959.jpg?utm_source=commons.wikimedia.org&utm_campaign=imageinfo&utm_content=original,Sandra Dee,Public domain,2026-09-23
Gloria Grahame (1947 portrait).jpg,https://commons.wikimedia.org/wiki/File:Gloria_Grahame_%281947_portrait%29.jpg,https://upload.wikimedia.org/wikipedia/commons/d/d0/Gloria_Grahame_%281947_portrait%29.jpg?utm_source=commons.wikimedia.org&utm_campaign=imageinfo&utm_content=original,Gloria Grahame,Public domain,2026-09-23
"Publicity still for ""The Strange Love of Martha Ivers"" (1946).jpg",https://commons.wikimedia.org/wiki/File:Publicity_still_for_%22The_Strange_Love_of_Martha_Ivers%22_%281946%29.jpg,https://upload.wikimedia.org/wikipedia/commons/5/5d/Publicity_still_for_%22The_Strange_Love_of_Martha_Ivers%22_%281946%29.jpg?utm_source=commons.wikimedia.org&utm_campaign=imageinfo&utm_content=original,Lizabeth Scott,Public domain,2026-09-21
Publicity still for When You Came Along (1945).jpg,https://commons.wikimedia.org/wiki/File:Publicity_still_for_When_You_Came_Along_%281945%29.jpg,https://upload.wikimedia.org/wikipedia/commons/8/8d/Publicity_still_for_When_You_Came_Along_%281945%29.jpg?utm_source=commons.wikimedia.org&utm_campaign=imageinfo&utm_content=original,Lizabeth Scott,Public domain,2026-09-23
Dorothy Dandridge Cain's Hundred 1962.jpg,https://commons.wikimedia.org/wiki/File:Dorothy_Dandridge_Cain%27s_Hundred_1962.jpg,https://upload.wikimedia.org/wikipedia/commons/d/d9/Dorothy_Dandridge_Cain%27s_Hundred_1962.jpg?utm_source=commons.wikimedia.org&utm_campaign=imageinfo&utm_content=original,Dorothy Dandridge,Public domain,2026-09-23
Jet 1 Oct 1953 pg PA60.jpg,https://commons.wikimedia.org/wiki/File:Jet_1_Oct_1953_pg_PA60.jpg,https://upload.wikimedia.org/wikipedia/commons/3/37/Jet_1_Oct_1953_pg_PA60.jpg?utm_source=commons.wikimedia.org&utm_campaign=imageinfo&utm_content=original,Dorothy Dandridge,Public domain,2026-09-23
Jet 15 Nov 1951 pg PA38.png,https://commons.wikimedia.org/wiki/File:Jet_15_Nov_1951_pg_PA38.png,https://upload.wikimedia.org/wikipedia/commons/e/eb/Jet_15_Nov_1951_pg_PA38.png?utm_source=commons.wikimedia.org&utm_campaign=imageinfo&utm_content=original,Dorothy Dandridge,Public domain,2026-09-23
Jet 16 Oct 1952 pg PA59.jpg,https://commons.wikimedia.org/wiki/File:Jet_16_Oct_1952_pg_PA59.jpg,https://upload.wikimedia.org/wikipedia/commons/9/9f/Jet_16_Oct_1952_pg_PA59.jpg?utm_source=commons.wikimedia.org&utm_campaign=imageinfo&utm_content=original,Dorothy Dandridge,Public domain,2026-09-23
Jet 17 Jul 1952 pg PA1.png,https://commons.wikimedia.org/wiki/File:Jet_17_Jul_1952_pg_PA1.png,https://upload.wikimedia.org/wikipedia/commons/b/b5/Jet_17_Jul_1952_pg_PA1.png?utm_source=commons.wikimedia.org&utm_campaign=imageinfo&utm_content=original,Dorothy Dandridge,Public domain,2026-09-24
Jet 24 Apr 1952 pg PA31.jpg,https://commons.wikimedia.org/wiki/File:Jet_24_Apr_1952_pg_PA31.jpg,https://upload.wikimedia.org/wikipedia/commons/d/db/Jet_24_Apr_1952_pg_PA31.jpg?utm_source=commons.wikimedia.org&utm_campaign=imageinfo&utm_content=original,Dorothy Dandridge,Public domain,2026-09-23
Jet 27 Dec 1951 pg PA38.jpg,https://commons.wikimedia.org/wiki/File:Jet_27_Dec_1951_pg_PA38.jpg,https://upload.wikimedia.org/wikipedia/commons/b/b9/Jet_27_Dec_1951_pg_PA38.jpg?utm_source=commons.wikimedia.org&utm_campaign=imageinfo&utm_content=original,Dorothy Dandridge,Public domain,2026-09-24
Jet 30 Jul 1953 pg PA61.jpg,https://commons.wikimedia.org/wiki/File:Jet_30_Jul_1953_pg_PA61.jpg,https://upload.wikimedia.org/wikipedia/commons/6/6d/Jet_30_Jul_1953_pg_PA61.jpg?utm_source=commons.wikimedia.org&utm_campaign=imageinfo&utm_content=original,Dorothy Dandridge,Public domain,2026-09-23
Jet 6 Aug 1953 pg PA1.png,https://commons.wikimedia.org/wiki/File:Jet_6_Aug_1953_pg_PA1.png,https://upload.wikimedia.org/wikipedia/commons/6/61/Jet_6_Aug_1953_pg_PA1.png?utm_source=commons.wikimedia.org&utm_campaign=imageinfo&utm_content=original,Dorothy Dandridge,Public domain,2026-09-23
Jet 1 Oct 1953 pg PA58.jpg,https://commons.wikimedia.org/wiki/File:Jet_1_Oct_1953_pg_PA58.jpg,https://upload.wikimedia.org/wikipedia/commons/1/11/Jet_1_Oct_1953_pg_PA58.jpg?utm_source=commons.wikimedia.org&utm_campaign=imageinfo&utm_content=original,Lena Horne,Public domain,2026-09-23
Jet 22 Apr 1954 pg PA1.png,https://commons.wikimedia.org/wiki/File:Jet_22_Apr_1954_pg_PA1.png,https://upload.wikimedia.org/wikipedia/commons/1/17/Jet_22_Apr_1954_pg_PA1.png?utm_source=commons.wikimedia.org&utm_campaign=imageinfo&utm_content=original,Lena Horne,Public domain,2026-09-23
Jet 27 Dec 1951 pg PA1.jpg,https://commons.wikimedia.org/wiki/File:Jet_27_Dec_1951_pg_PA1.jpg,https://upload.wikimedia.org/wikipedia/commons/0/06/Jet_27_Dec_1951_pg_PA1.jpg?utm_source=commons.wikimedia.org&utm_campaign=imageinfo&utm_content=original,Lena Horne,Public domain,2026-09-23
Jet 3 Jun 1954 pg PA33.jpg,https://commons.wikimedia.org/wiki/File:Jet_3_Jun_1954_pg_PA33.jpg,https://upload.wikimedia.org/wikipedia/commons/7/76/Jet_3_Jun_1954_pg_PA33.jpg?utm_source=commons.wikimedia.org&utm_campaign=imageinfo&utm_content=original,Lena Horne,Public domain,2026-09-23
"Fay Wray, film actress (SAYRE 11065).jpg",https://commons.wikimedia.org/wiki/File:Fay_Wray%2C_film_actress_%28SAYRE_11065%29.jpg,https://upload.wikimedia.org/wikipedia/commons/f/f8/Fay_Wray%2C_film_actress_%28SAYRE_11065%29.jpg?utm_source=commons.wikimedia.org&utm_campaign=imageinfo&utm_content=original,Fay Wray,Public domain,2026-09-23
The Legion of the Condemned (SAYRE 14558).jpg,https://commons.wikimedia.org/wiki/File:The_Legion_of_the_Condemned_%28SAYRE_14558%29.jpg,https://upload.wikimedia.org/wikipedia/commons/1/1c/The_Legion_of_the_Condemned_%28SAYRE_14558%29.jpg?utm_source=commons.wikimedia.org&utm_campaign=imageinfo&utm_content=original,Fay Wray,Public domain,2026-09-23
Anna May Wong 1924.jpg,https://commons.wikimedia.org/wiki/File:Anna_May_Wong_1924.jpg,https://upload.wikimedia.org/wikipedia/commons/6/60/Anna_May_Wong_1924.jpg?utm_source=commons.wikimedia.org&utm_campaign=imageinfo&utm_content=original,Anna May Wong,Public domain,2026-09-23
Anna May Wong 1938 Portrait.webp,https://commons.wikimedia.org/wiki/File:Anna_May_Wong_1938_Portrait.webp,https://upload.wikimedia.org/wikipedia/commons/3/3f/Anna_May_Wong_1938_Portrait.webp?utm_source=commons.wikimedia.org&utm_campaign=imageinfo&utm_content=original,Anna May Wong,Public domain,2026-09-23
Anna-May-Wong-in-Limehouse-Causeway-1928.jpg,https://commons.wikimedia.org/wiki/File:Anna-May-Wong-in-Limehouse-Causeway-1928.jpg,https://upload.wikimedia.org/wikipedia/commons/7/78/Anna-May-Wong-in-Limehouse-Causeway-1928.jpg?utm_source=commons.wikimedia.org&utm_campaign=imageinfo&utm_content=original,Anna May Wong,Public domain,2026-09-24
AnnaMayWong-peterpan-publicityphoto1924.jpg,https://commons.wikimedia.org/wiki/File:AnnaMayWong-peterpan-publicityphoto1924.jpg,https://upload.wikimedia.org/wikipedia/commons/5/56/AnnaMayWong-peterpan-publicityphoto1924.jpg?utm_source=commons.wikimedia.org&utm_campaign=imageinfo&utm_content=original,Anna May Wong,Public domain,2026-09-24
Colleen Moore - Mar 1922 Silverscreen.jpg,https://commons.wikimedia.org/wiki/File:Colleen_Moore_-_Mar_1922_Silverscreen.jpg,https://upload.wikimedia.org/wikipedia/commons/e/ec/Colleen_Moore_-_Mar_1922_Silverscreen.jpg?utm_source=commons.wikimedia.org&utm_campaign=imageinfo&utm_content=original,Colleen Moore,Public domain,2026-09-23
"Colleen Moore, film actress (SAYRE 6888).jpg",https://commons.wikimedia.org/wiki/File:Colleen_Moore%2C_film_actress_%28SAYRE_6888%29.jpg,https://upload.wikimedia.org/wikipedia/commons/f/f6/Colleen_Moore%2C_film_actress_%28SAYRE_6888%29.jpg?utm_source=commons.wikimedia.org&utm_campaign=imageinfo&utm_content=original,Colleen Moore,Public domain,2026-09-23
"Colleen Moore, silent film actress (SAYRE 1422).jpg",https://commons.wikimedia.org/wiki/File:Colleen_Moore%2C_silent_film_actress_%28SAYRE_1422%29.jpg,https://upload.wikimedia.org/wikipedia/commons/5/5b/Colleen_Moore%2C_silent_film_actress_%28SAYRE_1422%29.jpg?utm_source=commons.wikimedia.org&utm_campaign=imageinfo&utm_content=original,Colleen Moore,Public domain,2026-09-21
"Colleen Moore, film actress (SAYRE 6342).jpg",https://commons.wikimedia.org/wiki/File:Colleen_Moore%2C_film_actress_%28SAYRE_6342%29.jpg,https://upload.wikimedia.org/wikipedia/commons/e/e0/Colleen_Moore%2C_film_actress_%28SAYRE_6342%29.jpg?utm_source=commons.wikimedia.org&utm_campaign=imageinfo&utm_content=original,Colleen Moore,Public domain,2026-09-23
Irene (1926) - 10.jpg,https://commons.wikimedia.org/wiki/File:Irene_%281926%29_-_10.jpg,https://upload.wikimedia.org/wikipedia/commons/4/40/Irene_%281926%29_-_10.jpg?utm_source=commons.wikimedia.org&utm_campaign=imageinfo&utm_content=original,Colleen Moore,Public domain,LOWRES
Smiling Irish Eyes (SAYRE 14180).jpg,https://commons.wikimedia.org/wiki/File:Smiling_Irish_Eyes_%28SAYRE_14180%29.jpg,https://upload.wikimedia.org/wikipedia/commons/d/d1/Smiling_Irish_Eyes_%28SAYRE_14180%29.jpg?utm_source=commons.wikimedia.org&utm_campaign=imageinfo&utm_content=original,Colleen Moore,Public domain,2026-09-23
Pola Negri (1925).jpg,https://commons.wikimedia.org/wiki/File:Pola_Negri_%281925%29.jpg,https://upload.wikimedia.org/wikipedia/commons/5/55/Pola_Negri_%281925%29.jpg?utm_source=commons.wikimedia.org&utm_campaign=imageinfo&utm_content=original,Pola Negri in 1925,Public domain,2026-09-21
"Pola Negri, film actress (SAYRE 4780).jpg",https://commons.wikimedia.org/wiki/File:Pola_Negri%2C_film_actress_%28SAYRE_4780%29.jpg,https://upload.wikimedia.org/wikipedia/commons/8/8e/Pola_Negri%2C_film_actress_%28SAYRE_4780%29.jpg?utm_source=commons.wikimedia.org&utm_campaign=imageinfo&utm_content=original,Pola Negri,Public domain,2026-09-22
Tadeusz Styka - Portret Poli Negri (ok. 1922).jpg,https://commons.wikimedia.org/wiki/File:Tadeusz_Styka_-_Portret_Poli_Negri_%28ok._1922%29.jpg,https://upload.wikimedia.org/wikipedia/commons/d/d5/Tadeusz_Styka_-_Portret_Poli_Negri_%28ok._1922%29.jpg?utm_source=commons.wikimedia.org&utm_campaign=imageinfo&utm_content=original,Pola Negri,Public domain,2026-09-23
"Davies Sisters, 1917.webp",https://commons.wikimedia.org/wiki/File:Davies_Sisters%2C_1917.webp,https://upload.wikimedia.org/wikipedia/commons/d/d6/Davies_Sisters%2C_1917.webp?utm_source=commons.wikimedia.org&utm_campaign=imageinfo&utm_content=original,Marion Davies,Public domain,2026-09-23
Marion Davies - Five and Ten (1931) (50346021361).jpg,https://commons.wikimedia.org/wiki/File:Marion_Davies_-_Five_and_Ten_%281931%29_%2850346021361%29.jpg,https://upload.wikimedia.org/wikipedia/commons/7/7a/Marion_Davies_-_Five_and_Ten_%281931%29_%2850346021361%29.jpg?utm_source=commons.wikimedia.org&utm_campaign=imageinfo&utm_content=original,Marion Davies,Public domain,2026-09-23
"Marion Davies, 1928.jpg",https://commons.wikimedia.org/wiki/File:Marion_Davies%2C_1928.jpg,https://upload.wikimedia.org/wikipedia/commons/c/c1/Marion_Davies%2C_1928.jpg?utm_source=commons.wikimedia.org&utm_campaign=imageinfo&utm_content=original,Marion Davies,Public domain,2026-09-23
"Marion Davies, ca. 1916.jpg",https://commons.wikimedia.org/wiki/File:Marion_Davies%2C_ca._1916.jpg,https://upload.wikimedia.org/wikipedia/commons/e/e7/Marion_Davies%2C_ca._1916.jpg?utm_source=commons.wikimedia.org&utm_campaign=imageinfo&utm_content=original,Marion Davies,Public domain,2026-09-22
"Tab Hunter, March 1961.jpg",https://commons.wikimedia.org/wiki/File:Tab_Hunter%2C_March_1961.jpg,https://upload.wikimedia.org/wikipedia/commons/9/97/Tab_Hunter%2C_March_1961.jpg?utm_source=commons.wikimedia.org&utm_campaign=imageinfo&utm_content=original,Tab Hunter,Public domain,2026-09-23
"Van Johnson with a bust of himself, 1946.jpg",https://commons.wikimedia.org/wiki/File:Van_Johnson_with_a_bust_of_himself%2C_1946.jpg,https://upload.wikimedia.org/wikipedia/commons/3/30/Van_Johnson_with_a_bust_of_himself%2C_1946.jpg?utm_source=commons.wikimedia.org&utm_campaign=imageinfo&utm_content=original,Van Johnson,Public domain,2026-09-22
Joel McCrea - publicity.JPG,https://commons.wikimedia.org/wiki/File:Joel_McCrea_-_publicity.JPG,https://upload.wikimedia.org/wikipedia/commons/c/c5/Joel_McCrea_-_publicity.JPG?utm_source=commons.wikimedia.org&utm_campaign=imageinfo&utm_content=original,Joel McCrea,Public domain,2026-09-23
1955 BFKeithTheatre WashingtonSt Boston.jpg,https://commons.wikimedia.org/wiki/File:1955_BFKeithTheatre_WashingtonSt_Boston.jpg,https://upload.wikimedia.org/wikipedia/commons/c/c4/1955_BFKeithTheatre_WashingtonSt_Boston.jpg?utm_source=commons.wikimedia.org&utm_campaign=imageinfo&utm_content=original,Audie Murphy,Public domain,2026-09-23
Audie Murphy - 1953 movie.jpg,https://commons.wikimedia.org/wiki/File:Audie_Murphy_-_1953_movie.jpg,https://upload.wikimedia.org/wikipedia/commons/d/dd/Audie_Murphy_-_1953_movie.jpg?utm_source=commons.wikimedia.org&utm_campaign=imageinfo&utm_content=original,Audie Murphy,Public domain,2026-09-23
Audie Murphy - Courage publicity.JPG,https://commons.wikimedia.org/wiki/File:Audie_Murphy_-_Courage_publicity.JPG,https://upload.wikimedia.org/wikipedia/commons/e/ed/Audie_Murphy_-_Courage_publicity.JPG?utm_source=commons.wikimedia.org&utm_campaign=imageinfo&utm_content=original,Audie Murphy,Public domain,2026-09-24
Clint Walker 1956.jpg,https://commons.wikimedia.org/wiki/File:Clint_Walker_1956.jpg,https://upload.wikimedia.org/wikipedia/commons/8/87/Clint_Walker_1956.jpg?utm_source=commons.wikimedia.org&utm_campaign=imageinfo&utm_content=original,Clint Walker,Public domain,2026-09-23
Bob Hope James Garner 1961.JPG,https://commons.wikimedia.org/wiki/File:Bob_Hope_James_Garner_1961.JPG,https://upload.wikimedia.org/wikipedia/commons/1/13/Bob_Hope_James_Garner_1961.JPG?utm_source=commons.wikimedia.org&utm_campaign=imageinfo&utm_content=original,James Garner,Public domain,2026-09-23
James Garner and family 1961.jpg,https://commons.wikimedia.org/wiki/File:James_Garner_and_family_1961.jpg,https://upload.wikimedia.org/wikipedia/commons/f/fe/James_Garner_and_family_1961.jpg?utm_source=commons.wikimedia.org&utm_campaign=imageinfo&utm_content=original,James Garner,Public domain,2026-09-23
"Jim Garner and his family, 1959.jpg",https://commons.wikimedia.org/wiki/File:Jim_Garner_and_his_family%2C_1959.jpg,https://upload.wikimedia.org/wikipedia/commons/b/b5/Jim_Garner_and_his_family%2C_1959.jpg?utm_source=commons.wikimedia.org&utm_campaign=imageinfo&utm_content=original,James Garner,Public domain,2026-09-21
Sterling Hayden 1953 Alt Edit.jpg,https://commons.wikimedia.org/wiki/File:Sterling_Hayden_1953_Alt_Edit.jpg,https://upload.wikimedia.org/wikipedia/commons/9/94/Sterling_Hayden_1953_Alt_Edit.jpg?utm_source=commons.wikimedia.org&utm_campaign=imageinfo&utm_content=original,Sterling Hayden,Public domain,2026-09-23
Sterling Hayden 1953 Alt.jpg,https://commons.wikimedia.org/wiki/File:Sterling_Hayden_1953_Alt.jpg,https://upload.wikimedia.org/wikipedia/commons/0/0a/Sterling_Hayden_1953_Alt.jpg?utm_source=commons.wikimedia.org&utm_campaign=imageinfo&utm_content=original,Sterling Hayden,Public domain,2026-09-23
Sterling Hayden 1953.jpg,https://commons.wikimedia.org/wiki/File:Sterling_Hayden_1953.jpg,https://upload.wikimedia.org/wikipedia/commons/2/2c/Sterling_Hayden_1953.jpg?utm_source=commons.wikimedia.org&utm_campaign=imageinfo&utm_content=original,Sterling Hayden,Public domain,2026-09-23
Harpo Marx Silent Panic DuPont Show 1960.JPG,https://commons.wikimedia.org/wiki/File:Harpo_Marx_Silent_Panic_DuPont_Show_1960.JPG,https://upload.wikimedia.org/wikipedia/commons/7/70/Harpo_Marx_Silent_Panic_DuPont_Show_1960.JPG?utm_source=commons.wikimedia.org&utm_campaign=imageinfo&utm_content=original,The DuPont Show with June Allyson,Public domain,2026-09-23
Marion Davies - Emerald Green.jpg,https://commons.wikimedia.org/wiki/File:Marion_Davies_-_Emerald_Green.jpg,https://upload.wikimedia.org/wikipedia/commons/9/9f/Marion_Davies_-_Emerald_Green.jpg?utm_source=commons.wikimedia.org&utm_campaign=imageinfo&utm_content=original,Marion Davies wearing fur,Public domain,2026-09-23
Barbara eden as jeannie 1966.JPG,https://commons.wikimedia.org/wiki/File:Barbara_eden_as_jeannie_1966.JPG,https://upload.wikimedia.org/wikipedia/commons/f/fd/Barbara_eden_as_jeannie_1966.JPG?utm_source=commons.wikimedia.org&utm_campaign=imageinfo&utm_content=original,Barbara Eden in 1966,Public domain,2026-09-23
"Mamie Van Doren, c. 1955.jpg",https://commons.wikimedia.org/wiki/File:Mamie_Van_Doren%2C_c._1955.jpg,https://upload.wikimedia.org/wikipedia/commons/3/37/Mamie_Van_Doren%2C_c._1955.jpg?utm_source=commons.wikimedia.org&utm_campaign=imageinfo&utm_content=original,Mamie Van Doren in 1955,Public domain,2026-09-21
"Van Doren at a swimming pool, c. 1955.jpg",https://commons.wikimedia.org/wiki/File:Van_Doren_at_a_swimming_pool%2C_c._1955.jpg,https://upload.wikimedia.org/wikipedia/commons/f/f5/Van_Doren_at_a_swimming_pool%2C_c._1955.jpg?utm_source=commons.wikimedia.org&utm_campaign=imageinfo&utm_content=original,Mamie Van Doren in 1955,Public domain,2026-09-23
Yvonne De Carlo publicity photo.JPG,https://commons.wikimedia.org/wiki/File:Yvonne_De_Carlo_publicity_photo.JPG,https://upload.wikimedia.org/wikipedia/commons/4/44/Yvonne_De_Carlo_publicity_photo.JPG?utm_source=commons.wikimedia.org&utm_campaign=imageinfo&utm_content=original,Yvonne De Carlo in 1955,Public domain,2026-09-21
"Eva Marie Saint Promo Portrait, c. 1951.jpg",https://commons.wikimedia.org/wiki/File:Eva_Marie_Saint_Promo_Portrait%2C_c._1951.jpg,https://upload.wikimedia.org/wikipedia/commons/b/bc/Eva_Marie_Saint_Promo_Portrait%2C_c._1951.jpg?utm_source=commons.wikimedia.org&utm_campaign=imageinfo&utm_content=original,Eva Marie Saint in 1951,Public domain,2026-09-21
Joan Collins 1952.jpg,https://commons.wikimedia.org/wiki/File:Joan_Collins_1952.jpg,https://upload.wikimedia.org/wikipedia/commons/2/29/Joan_Collins_1952.jpg?utm_source=commons.wikimedia.org&utm_campaign=imageinfo&utm_content=original,Joan Collins in 1952,Public domain,2026-09-22
Joan Collins Gregory Peck The Bravados 1958.jpg,https://commons.wikimedia.org/wiki/File:Joan_Collins_Gregory_Peck_The_Bravados_1958.jpg,https://upload.wikimedia.org/wikipedia/commons/archive/5/5f/20140308202353%21Joan_Collins_Gregory_Peck_The_Bravados_1958.jpg?utm_source=commons.wikimedia.org&utm_campaign=imageinfo&utm_content=original,Joan Collins in 1958,Public domain,2026-09-24
Carroll Baker Come On Strong Broadway 1962.jpg,https://commons.wikimedia.org/wiki/File:Carroll_Baker_Come_On_Strong_Broadway_1962.jpg,https://upload.wikimedia.org/wikipedia/commons/f/f7/Carroll_Baker_Come_On_Strong_Broadway_1962.jpg?utm_source=commons.wikimedia.org&utm_campaign=imageinfo&utm_content=original,Carroll Baker in 1962,Public domain,2026-09-23
Carroll Baker 64 Carpetbaggers JPG.jpg,https://commons.wikimedia.org/wiki/File:Carroll_Baker_64_Carpetbaggers_JPG.jpg,https://upload.wikimedia.org/wikipedia/commons/3/39/Carroll_Baker_64_Carpetbaggers_JPG.jpg?utm_source=commons.wikimedia.org&utm_campaign=imageinfo&utm_content=original,Carroll Baker in 1964,Public domain,2026-09-23
Carroll Baker The Carpetbaggers promo 64.png,https://commons.wikimedia.org/wiki/File:Carroll_Baker_The_Carpetbaggers_promo_64.png,https://upload.wikimedia.org/wikipedia/commons/8/87/Carroll_Baker_The_Carpetbaggers_promo_64.png?utm_source=commons.wikimedia.org&utm_campaign=imageinfo&utm_content=original,Carroll Baker in 1964,Public domain,2026-09-23
Carroll Baker 1964 portrait.jpg,https://commons.wikimedia.org/wiki/File:Carroll_Baker_1964_portrait.jpg,https://upload.wikimedia.org/wikipedia/commons/5/5c/Carroll_Baker_1964_portrait.jpg?utm_source=commons.wikimedia.org&utm_campaign=imageinfo&utm_content=original,Carroll Baker in 1964,Public domain,2026-09-21
Il dolce corpo di Deborah (1968) - Carroll Baker (1).jpg,https://commons.wikimedia.org/wiki/File:Il_dolce_corpo_di_Deborah_%281968%29_-_Carroll_Baker_%281%29.jpg,https://upload.wikimedia.org/wikipedia/commons/8/85/Il_dolce_corpo_di_Deborah_%281968%29_-_Carroll_Baker_%281%29.jpg?utm_source=commons.wikimedia.org&utm_campaign=imageinfo&utm_content=original,Carroll Baker in 1968,Public domain,2026-09-23
"Lucille Ball by John Miehle, 1938.jpg",https://commons.wikimedia.org/wiki/File:Lucille_Ball_by_John_Miehle%2C_1938.jpg,https://upload.wikimedia.org/wikipedia/commons/e/e9/Lucille_Ball_by_John_Miehle%2C_1938.jpg?utm_source=commons.wikimedia.org&utm_campaign=imageinfo&utm_content=original,Lucille Ball in 1938,Public domain,2026-09-22
Lucille Ball 1943.jpg,https://commons.wikimedia.org/wiki/File:Lucille_Ball_1943.jpg,https://upload.wikimedia.org/wikipedia/commons/9/9a/Lucille_Ball_1943.jpg?utm_source=commons.wikimedia.org&utm_campaign=imageinfo&utm_content=original,Lucille Ball in 1943,Public domain,2026-09-23
"I Love Lucy (TV Guide, October 9, 1954).jpg",https://commons.wikimedia.org/wiki/File:I_Love_Lucy_%28TV_Guide%2C_October_9%2C_1954%29.jpg,https://upload.wikimedia.org/wikipedia/commons/5/52/I_Love_Lucy_%28TV_Guide%2C_October_9%2C_1954%29.jpg?utm_source=commons.wikimedia.org&utm_campaign=imageinfo&utm_content=original,Lucille Ball in 1954,Public domain,2026-09-23
Lucille Ball Elizabeth Taylor Richard Burton Heres Lucy 1974.JPG,https://commons.wikimedia.org/wiki/File:Lucille_Ball_Elizabeth_Taylor_Richard_Burton_Heres_Lucy_1974.JPG,https://upload.wikimedia.org/wikipedia/commons/archive/a/a2/20110923004940%21Lucille_Ball_Elizabeth_Taylor_Richard_Burton_Heres_Lucy_1974.JPG?utm_source=commons.wikimedia.org&utm_campaign=imageinfo&utm_content=original,Lucille Ball in 1974,Public domain,2026-09-22
Jane Powell 1952.jpg,https://commons.wikimedia.org/wiki/File:Jane_Powell_1952.jpg,https://upload.wikimedia.org/wikipedia/commons/b/ba/Jane_Powell_1952.jpg?utm_source=commons.wikimedia.org&utm_campaign=imageinfo&utm_content=original,Jane Powell in 1952,Public domain,2026-09-21
1954 - Super Skyway Drive-In Ad - 8 Oct MC - Allentown PA.jpg,https://commons.wikimedia.org/wiki/File:1954_-_Super_Skyway_Drive-In_Ad_-_8_Oct_MC_-_Allentown_PA.jpg,https://upload.wikimedia.org/wikipedia/commons/3/37/1954_-_Super_Skyway_Drive-In_Ad_-_8_Oct_MC_-_Allentown_PA.jpg?utm_source=commons.wikimedia.org&utm_campaign=imageinfo&utm_content=original,Jane Powell in 1954,Public domain,2026-09-23
Lena Horne - 1941.jpg,https://commons.wikimedia.org/wiki/File:Lena_Horne_-_1941.jpg,https://upload.wikimedia.org/wikipedia/commons/6/60/Lena_Horne_-_1941.jpg?utm_source=commons.wikimedia.org&utm_campaign=imageinfo&utm_content=original,Lena Horne in 1941,Public domain,2026-09-22
"Lena Horne, 1946.jpg",https://commons.wikimedia.org/wiki/File:Lena_Horne%2C_1946.jpg,https://upload.wikimedia.org/wikipedia/commons/7/75/Lena_Horne%2C_1946.jpg?utm_source=commons.wikimedia.org&utm_campaign=imageinfo&utm_content=original,Lena Horne in 1946,Public domain,2026-09-21
Lena Horne 1947.JPG,https://commons.wikimedia.org/wiki/File:Lena_Horne_1947.JPG,https://upload.wikimedia.org/wikipedia/commons/archive/1/17/20150205003612%21Lena_Horne_1947.JPG?utm_source=commons.wikimedia.org&utm_campaign=imageinfo&utm_content=original,Lena Horne in 1947,Public domain,2026-09-22
Lena Horne 1955.JPG,https://commons.wikimedia.org/wiki/File:Lena_Horne_1955.JPG,https://upload.wikimedia.org/wikipedia/commons/d/d9/Lena_Horne_1955.JPG?utm_source=commons.wikimedia.org&utm_campaign=imageinfo&utm_content=original,Lena Horne in 1955,Public domain,2026-09-23
"Trans-Lux Plaza Ad - 20 October 1961, NW, Washington, D.C.png",https://commons.wikimedia.org/wiki/File:Trans-Lux_Plaza_Ad_-_20_October_1961%2C_NW%2C_Washington%2C_D.C.png,https://upload.wikimedia.org/wikipedia/commons/b/b1/Trans-Lux_Plaza_Ad_-_20_October_1961%2C_NW%2C_Washington%2C_D.C.png?utm_source=commons.wikimedia.org&utm_campaign=imageinfo&utm_content=original,Claudia Cardinale in 1961,Public domain,2026-09-24
Carmen (1915) - Bara.jpg,https://commons.wikimedia.org/wiki/File:Carmen_%281915%29_-_Bara.jpg,https://upload.wikimedia.org/wikipedia/commons/f/f2/Carmen_%281915%29_-_Bara.jpg?utm_source=commons.wikimedia.org&utm_campaign=imageinfo&utm_content=original,Theda Bara in 1915,Public domain,2026-09-23
Madame Du Barry (1917) - 4.jpg,https://commons.wikimedia.org/wiki/File:Madame_Du_Barry_%281917%29_-_4.jpg,https://upload.wikimedia.org/wikipedia/commons/5/58/Madame_Du_Barry_%281917%29_-_4.jpg?utm_source=commons.wikimedia.org&utm_campaign=imageinfo&utm_content=original,Theda Bara in 1917,Public domain,2026-09-23
Theda Bara by Albert Witzel 1917.jpg,https://commons.wikimedia.org/wiki/File:Theda_Bara_by_Albert_Witzel_1917.jpg,https://upload.wikimedia.org/wikipedia/commons/2/21/Theda_Bara_by_Albert_Witzel_1917.jpg?utm_source=commons.wikimedia.org&utm_campaign=imageinfo&utm_content=original,Theda Bara in 1917,Public domain,2026-09-23
Theda Bara 1918 Salome by Witzel.jpg,https://commons.wikimedia.org/wiki/File:Theda_Bara_1918_Salome_by_Witzel.jpg,https://upload.wikimedia.org/wikipedia/commons/9/9b/Theda_Bara_1918_Salome_by_Witzel.jpg?utm_source=commons.wikimedia.org&utm_campaign=imageinfo&utm_content=original,Theda Bara in 1918,Public domain,2026-09-23
Theda Bara 1918 still.jpg,https://commons.wikimedia.org/wiki/File:Theda_Bara_1918_still.jpg,https://upload.wikimedia.org/wikipedia/commons/2/24/Theda_Bara_1918_still.jpg?utm_source=commons.wikimedia.org&utm_campaign=imageinfo&utm_content=original,Theda Bara in 1918,Public domain,2026-09-23
Salome (1918) - Ad 3.jpg,https://commons.wikimedia.org/wiki/File:Salome_%281918%29_-_Ad_3.jpg,https://upload.wikimedia.org/wikipedia/commons/6/6a/Salome_%281918%29_-_Ad_3.jpg?utm_source=commons.wikimedia.org&utm_campaign=imageinfo&utm_content=original,Theda Bara in 1918,Public domain,2026-09-23
The Soul of Buddha 1918 standing.jpg,https://commons.wikimedia.org/wiki/File:The_Soul_of_Buddha_1918_standing.jpg,https://upload.wikimedia.org/wikipedia/commons/1/11/The_Soul_of_Buddha_1918_standing.jpg?utm_source=commons.wikimedia.org&utm_campaign=imageinfo&utm_content=original,Theda Bara in 1918,Public domain,2026-09-23
La Belle Russe (1919) - Ad 2.jpg,https://commons.wikimedia.org/wiki/File:La_Belle_Russe_%281919%29_-_Ad_2.jpg,https://upload.wikimedia.org/wikipedia/commons/9/92/La_Belle_Russe_%281919%29_-_Ad_2.jpg?utm_source=commons.wikimedia.org&utm_campaign=imageinfo&utm_content=original,Theda Bara in 1919,Public domain,2026-09-23
"Pola Negri, film actress (SAYRE 4493).jpg",https://commons.wikimedia.org/wiki/File:Pola_Negri%2C_film_actress_%28SAYRE_4493%29.jpg,https://upload.wikimedia.org/wikipedia/commons/9/92/Pola_Negri%2C_film_actress_%28SAYRE_4493%29.jpg?utm_source=commons.wikimedia.org&utm_campaign=imageinfo&utm_content=original,Pola Negri in 1919,Public domain,2026-09-23
"Pola Negri, silent film actress (SAYRE 7267).jpg",https://commons.wikimedia.org/wiki/File:Pola_Negri%2C_silent_film_actress_%28SAYRE_7267%29.jpg,https://upload.wikimedia.org/wikipedia/commons/f/f8/Pola_Negri%2C_silent_film_actress_%28SAYRE_7267%29.jpg?utm_source=commons.wikimedia.org&utm_campaign=imageinfo&utm_content=original,Pola Negri in 1922,Public domain,2026-09-23
Pola Negri 1923.jpg,https://commons.wikimedia.org/wiki/File:Pola_Negri_1923.jpg,https://upload.wikimedia.org/wikipedia/commons/5/55/Pola_Negri_1923.jpg?utm_source=commons.wikimedia.org&utm_campaign=imageinfo&utm_content=original,Pola Negri in 1923,Public domain,2026-09-24
Beauty's Worth (1922) - 5.jpg,https://commons.wikimedia.org/wiki/File:Beauty%27s_Worth_%281922%29_-_5.jpg,https://upload.wikimedia.org/wikipedia/commons/9/9d/Beauty%27s_Worth_%281922%29_-_5.jpg?utm_source=commons.wikimedia.org&utm_campaign=imageinfo&utm_content=original,Marion Davies in 1922,Public domain,2026-09-23
Beauty's Worth (1922) - 7.jpg,https://commons.wikimedia.org/wiki/File:Beauty%27s_Worth_%281922%29_-_7.jpg,https://upload.wikimedia.org/wikipedia/commons/8/80/Beauty%27s_Worth_%281922%29_-_7.jpg?utm_source=commons.wikimedia.org&utm_campaign=imageinfo&utm_content=original,Marion Davies in 1922,Public domain,2026-09-24
Little Old New York (SAYRE 14308).jpg,https://commons.wikimedia.org/wiki/File:Little_Old_New_York_%28SAYRE_14308%29.jpg,https://upload.wikimedia.org/wikipedia/commons/2/2f/Little_Old_New_York_%28SAYRE_14308%29.jpg?utm_source=commons.wikimedia.org&utm_campaign=imageinfo&utm_content=original,Marion Davies in 1923,Public domain,2026-09-23
Publicity still for Beverly of Graustark (1926) 01.jpg,https://commons.wikimedia.org/wiki/File:Publicity_still_for_Beverly_of_Graustark_%281926%29_01.jpg,https://upload.wikimedia.org/wikipedia/commons/b/b9/Publicity_still_for_Beverly_of_Graustark_%281926%29_01.jpg?utm_source=commons.wikimedia.org&utm_campaign=imageinfo&utm_content=original,Marion Davies in 1926,Public domain,2026-09-24
Publicity still for Beverly of Graustark (1926) 02.jpg,https://commons.wikimedia.org/wiki/File:Publicity_still_for_Beverly_of_Graustark_%281926%29_02.jpg,https://upload.wikimedia.org/wikipedia/commons/6/60/Publicity_still_for_Beverly_of_Graustark_%281926%29_02.jpg?utm_source=commons.wikimedia.org&utm_campaign=imageinfo&utm_content=original,Marion Davies in 1926,Public domain,2026-09-24
Publicity still for Beverly of Graustark (1926) 03.jpg,https://commons.wikimedia.org/wiki/File:Publicity_still_for_Beverly_of_Graustark_%281926%29_03.jpg,https://upload.wikimedia.org/wikipedia/commons/7/74/Publicity_still_for_Beverly_of_Graustark_%281926%29_03.jpg?utm_source=commons.wikimedia.org&utm_campaign=imageinfo&utm_content=original,Marion Davies in 1926,Public domain,2026-09-23
Publicity still for Beverly of Graustark (1926) 04.jpg,https://commons.wikimedia.org/wiki/File:Publicity_still_for_Beverly_of_Graustark_%281926%29_04.jpg,https://upload.wikimedia.org/wikipedia/commons/7/75/Publicity_still_for_Beverly_of_Graustark_%281926%29_04.jpg?utm_source=commons.wikimedia.org&utm_campaign=imageinfo&utm_content=original,Marion Davies in 1926,Public domain,2026-09-21
Publicity still for Beverly of Graustark (1926) 06.jpg,https://commons.wikimedia.org/wiki/File:Publicity_still_for_Beverly_of_Graustark_%281926%29_06.jpg,https://upload.wikimedia.org/wikipedia/commons/b/b4/Publicity_still_for_Beverly_of_Graustark_%281926%29_06.jpg?utm_source=commons.wikimedia.org&utm_campaign=imageinfo&utm_content=original,Marion Davies in 1926,Public domain,2026-09-22
The Fair Co-ed (SAYRE 14597).jpg,https://commons.wikimedia.org/wiki/File:The_Fair_Co-ed_%28SAYRE_14597%29.jpg,https://upload.wikimedia.org/wikipedia/commons/0/04/The_Fair_Co-ed_%28SAYRE_14597%29.jpg?utm_source=commons.wikimedia.org&utm_campaign=imageinfo&utm_content=original,Marion Davies in 1927,Public domain,2026-09-23
Quality Street (SAYRE 14574).jpg,https://commons.wikimedia.org/wiki/File:Quality_Street_%28SAYRE_14574%29.jpg,https://upload.wikimedia.org/wikipedia/commons/0/00/Quality_Street_%28SAYRE_14574%29.jpg?utm_source=commons.wikimedia.org&utm_campaign=imageinfo&utm_content=original,Marion Davies in 1927,Public domain,2026-09-23
The Red Mill (SAYRE 13968).jpg,https://commons.wikimedia.org/wiki/File:The_Red_Mill_%28SAYRE_13968%29.jpg,https://upload.wikimedia.org/wikipedia/commons/a/a0/The_Red_Mill_%28SAYRE_13968%29.jpg?utm_source=commons.wikimedia.org&utm_campaign=imageinfo&utm_content=original,Marion Davies in 1927,Public domain,2026-09-23
"1928-12-19, Mundo Gráfico, La actriz de cine Marión Davies condecorada por el Gobierno español.jpg",https://commons.wikimedia.org/wiki/File:1928-12-19%2C_Mundo_Gr%C3%A1fico%2C_La_actriz_de_cine_Mari%C3%B3n_Davies_condecorada_por_el_Gobierno_espa%C3%B1ol.jpg,https://upload.wikimedia.org/wikipedia/commons/2/22/1928-12-19%2C_Mundo_Gr%C3%A1fico%2C_La_actriz_de_cine_Mari%C3%B3n_Davies_condecorada_por_el_Gobierno_espa%C3%B1ol.jpg?utm_source=commons.wikimedia.org&utm_campaign=imageinfo&utm_content=original,Marion Davies in 1928,Public domain,2026-09-23
Publicity still for The Cardboard Lover (1928) 01.jpg,https://commons.wikimedia.org/wiki/File:Publicity_still_for_The_Cardboard_Lover_%281928%29_01.jpg,https://upload.wikimedia.org/wikipedia/commons/6/6e/Publicity_still_for_The_Cardboard_Lover_%281928%29_01.jpg?utm_source=commons.wikimedia.org&utm_campaign=imageinfo&utm_content=original,Marion Davies in 1928,Public domain,2026-09-23
Publicity still for The Cardboard Lover (1928) 05.jpg,https://commons.wikimedia.org/wiki/File:Publicity_still_for_The_Cardboard_Lover_%281928%29_05.jpg,https://upload.wikimedia.org/wikipedia/commons/d/de/Publicity_still_for_The_Cardboard_Lover_%281928%29_05.jpg?utm_source=commons.wikimedia.org&utm_campaign=imageinfo&utm_content=original,Marion Davies in 1928,Public domain,2026-09-23
"Dick Powell - Radio Mirror, June 1936.jpg",https://commons.wikimedia.org/wiki/File:Dick_Powell_-_Radio_Mirror%2C_June_1936.jpg,https://upload.wikimedia.org/wikipedia/commons/7/72/Dick_Powell_-_Radio_Mirror%2C_June_1936.jpg?utm_source=commons.wikimedia.org&utm_campaign=imageinfo&utm_content=original,Hearts Divided,Public domain,2026-09-23
Tony Curtis 1958.jpg,https://commons.wikimedia.org/wiki/File:Tony_Curtis_1958.jpg,https://upload.wikimedia.org/wikipedia/commons/b/b9/Tony_Curtis_1958.jpg?utm_source=commons.wikimedia.org&utm_campaign=imageinfo&utm_content=original,Portrait photographs of Tony Curtis,Public domain,2026-09-22
"Tony Curtis, 1961.tif",https://commons.wikimedia.org/wiki/File:Tony_Curtis%2C_1961.tif,https://upload.wikimedia.org/wikipedia/commons/3/35/Tony_Curtis%2C_1961.tif?utm_source=commons.wikimedia.org&utm_campaign=imageinfo&utm_content=original,Portrait photographs of Tony Curtis,Public domain,2026-09-23
Double Indemnity (1944) Portrait Stills.jpg,https://commons.wikimedia.org/wiki/File:Double_Indemnity_%281944%29_Portrait_Stills.jpg,https://upload.wikimedia.org/wikipedia/commons/4/41/Double_Indemnity_%281944%29_Portrait_Stills.jpg?utm_source=commons.wikimedia.org&utm_campaign=imageinfo&utm_content=original,Fred MacMurray in 1943,Public domain,2026-09-24
Fred MacMurray - publicity.JPG,https://commons.wikimedia.org/wiki/File:Fred_MacMurray_-_publicity.JPG,https://upload.wikimedia.org/wikipedia/commons/archive/0/0f/20120507184319%21Fred_MacMurray_-_publicity.JPG?utm_source=commons.wikimedia.org&utm_campaign=imageinfo&utm_content=original,Fred MacMurray in unidentified year,Public domain,2026-09-23
"Theda Bara as Cleopatra - The Washington Times, 1917.png",https://commons.wikimedia.org/wiki/File:Theda_Bara_as_Cleopatra_-_The_Washington_Times%2C_1917.png,https://upload.wikimedia.org/wikipedia/commons/4/4b/Theda_Bara_as_Cleopatra_-_The_Washington_Times%2C_1917.png?utm_source=commons.wikimedia.org&utm_campaign=imageinfo&utm_content=original,Theda Bara depicting Cleopatra,Public domain,2026-09-23
