image_filename,file_page_url,image_url,source_category,used
1919-lon-chaney-miracle-man-still.jpg,https://commons.wikimedia.org/wiki/File:1919-lon-chaney-miracle-man-still.jpg,https://upload.wikimedia.org/wikipedia/commons/b/b3/1919-lon-chaney-miracle-man-still.jpg,Category:Paramount Pictures publicity photos,TRUE
1925 - Raoul Paoli-Cinéma - Mme Sans Gêne.jpg,https://commons.wikimedia.org/wiki/File:1925_-_Raoul_Paoli-Cin%C3%A9ma_-_Mme_Sans_G%C3%AAne.jpg,https://upload.wikimedia.org/wikipedia/commons/9/9c/1925_-_Raoul_Paoli-Cin%C3%A9ma_-_Mme_Sans_G%C3%AAne.jpg,Category:Paramount Pictures publicity photos,TRUE
1930s portrait of Clara Bow (front) (cropped).jpg,https://commons.wikimedia.org/wiki/File:1930s_portrait_of_Clara_Bow_(front)_(cropped).jpg,https://upload.wikimedia.org/wikipedia/commons/4/4b/1930s_portrait_of_Clara_Bow_%28front%29_%28cropped%29.jpg,Category:Paramount Pictures publicity photos,TRUE
1930s portrait of Clara Bow (front) (tighter crop).jpg,https://commons.wikimedia.org/wiki/File:1930s_portrait_of_Clara_Bow_(front)_(tighter_crop).jpg,https://upload.wikimedia.org/wikipedia/commons/5/52/1930s_portrait_of_Clara_Bow_%28front%29_%28tighter_crop%29.jpg,Category:Paramount Pictures publicity photos,TRUE
1930s portrait of Clara Bow (front).jpg,https://commons.wikimedia.org/wiki/File:1930s_portrait_of_Clara_Bow_(front).jpg,https://upload.wikimedia.org/wikipedia/commons/f/f9/1930s_portrait_of_Clara_Bow_%28front%29.jpg,Category:Paramount Pictures publicity photos,TRUE
A Night of Mystery (SAYRE 14265) (cropped).jpg,https://commons.wikimedia.org/wiki/File:A_Night_of_Mystery_(SAYRE_14265)_(cropped).jpg,https://upload.wikimedia.org/wikipedia/commons/a/a8/A_Night_of_Mystery_%28SAYRE_14265%29_%28cropped%29.jpg,Category:Paramount Pictures publicity photos,TRUE
A Night of Mystery (SAYRE 14265).jpg,https://commons.wikimedia.org/wiki/File:A_Night_of_Mystery_(SAYRE_14265).jpg,https://upload.wikimedia.org/wikipedia/commons/6/6c/A_Night_of_Mystery_%28SAYRE_14265%29.jpg,Category:Paramount Pictures publicity photos,2026-09-10
Abner Biberman 1943.jpg,https://commons.wikimedia.org/wiki/File:Abner_Biberman_1943.jpg,https://upload.wikimedia.org/wikipedia/commons/9/93/Abner_Biberman_1943.jpg,Category:Paramount Pictures publicity photos,2026-09-15
Affairs of Anatol cast.jpg,https://commons.wikimedia.org/wiki/File:Affairs_of_Anatol_cast.jpg,https://upload.wikimedia.org/wikipedia/commons/8/85/Affairs_of_Anatol_cast.jpg,Category:Paramount Pictures publicity photos,TRUE
Affairs of Anatol stills.jpg,https://commons.wikimedia.org/wiki/File:Affairs_of_Anatol_stills.jpg,https://upload.wikimedia.org/wikipedia/commons/1/12/Affairs_of_Anatol_stills.jpg,Category:Paramount Pictures publicity photos,2026-09-24
Actor Monte Blue (SAYRE 8023).jpg,https://commons.wikimedia.org/wiki/File:Actor_Monte_Blue_(SAYRE_8023).jpg,https://upload.wikimedia.org/wikipedia/commons/1/11/Actor_Monte_Blue_%28SAYRE_8023%29.jpg,Category:Paramount Pictures publicity photos,TRUE
Bebe Daniels and Gloria Swanson in The Affairs of Anatol.jpg,https://commons.wikimedia.org/wiki/File:Bebe_Daniels_and_Gloria_Swanson_in_The_Affairs_of_Anatol.jpg,https://upload.wikimedia.org/wikipedia/commons/b/b7/Bebe_Daniels_and_Gloria_Swanson_in_The_Affairs_of_Anatol.jpg,Category:Paramount Pictures publicity photos,2026-09-07
Gloria Swanson in The Affairs of Anatol.jpg,https://commons.wikimedia.org/wiki/File:Gloria_Swanson_in_The_Affairs_of_Anatol.jpg,https://upload.wikimedia.org/wikipedia/commons/3/37/Gloria_Swanson_in_The_Affairs_of_Anatol.jpg,Category:Paramount Pictures publicity photos,2026-09-07
Silent film actor Raymond Hatton (SAYRE 3426).jpg,https://commons.wikimedia.org/wiki/File:Silent_film_actor_Raymond_Hatton_(SAYRE_3426).jpg,https://upload.wikimedia.org/wikipedia/commons/9/9e/Silent_film_actor_Raymond_Hatton_%28SAYRE_3426%29.jpg,Category:Paramount Pictures publicity photos,TRUE
The Affairs of Anatol (1921) - 3.jpg,https://commons.wikimedia.org/wiki/File:The_Affairs_of_Anatol_(1921)_-_3.jpg,https://upload.wikimedia.org/wikipedia/commons/5/5d/The_Affairs_of_Anatol_%281921%29_-_3.jpg,Category:Paramount Pictures publicity photos,TRUE
The Affairs of Anatol (1921) - 4.jpg,https://commons.wikimedia.org/wiki/File:The_Affairs_of_Anatol_(1921)_-_4.jpg,https://upload.wikimedia.org/wikipedia/commons/c/cc/The_Affairs_of_Anatol_%281921%29_-_4.jpg,Category:Paramount Pictures publicity photos,TRUE
The Affairs of Anatol (1921) - 5.jpg,https://commons.wikimedia.org/wiki/File:The_Affairs_of_Anatol_(1921)_-_5.jpg,https://upload.wikimedia.org/wikipedia/commons/1/19/The_Affairs_of_Anatol_%281921%29_-_5.jpg,Category:Paramount Pictures publicity photos,LOWRES
The Affairs of Anatol (1921) - Daniels Octopus Gown.jpg,https://commons.wikimedia.org/wiki/File:The_Affairs_of_Anatol_(1921)_-_Daniels_Octopus_Gown.jpg,https://upload.wikimedia.org/wikipedia/commons/b/bd/The_Affairs_of_Anatol_%281921%29_-_Daniels_Octopus_Gown.jpg,Category:Paramount Pictures publicity photos,LOWRES
The Affairs of Anatol (1921) - Daniels Reid.jpg,https://commons.wikimedia.org/wiki/File:The_Affairs_of_Anatol_(1921)_-_Daniels_Reid.jpg,https://upload.wikimedia.org/wikipedia/commons/3/34/The_Affairs_of_Anatol_%281921%29_-_Daniels_Reid.jpg,Category:Paramount Pictures publicity photos,LOWRES
"The Octopus Gown - Photoplay, September 1921.jpg","https://commons.wikimedia.org/wiki/File:The_Octopus_Gown_-_Photoplay,_September_1921.jpg",https://upload.wikimedia.org/wikipedia/commons/9/97/The_Octopus_Gown_-_Photoplay%2C_September_1921.jpg,Category:Paramount Pictures publicity photos,FALSE
"Theodore Kosloff, film actor (SAYRE 5410).jpg","https://commons.wikimedia.org/wiki/File:Theodore_Kosloff,_film_actor_(SAYRE_5410).jpg",https://upload.wikimedia.org/wikipedia/commons/8/86/Theodore_Kosloff%2C_film_actor_%28SAYRE_5410%29.jpg,Category:Paramount Pictures publicity photos,2026-09-24
Wallace Reid and Wanda Hawley in The Affairs of Anatol.jpg,https://commons.wikimedia.org/wiki/File:Wallace_Reid_and_Wanda_Hawley_in_The_Affairs_of_Anatol.jpg,https://upload.wikimedia.org/wikipedia/commons/b/ba/Wallace_Reid_and_Wanda_Hawley_in_The_Affairs_of_Anatol.jpg,Category:Paramount Pictures publicity photos,TRUE
"Wallace Reid, Wanda Hawley, and Theodore Roberts in The Affairs of Anatol.jpg","https://commons.wikimedia.org/wiki/File:Wallace_Reid,_Wanda_Hawley,_and_Theodore_Roberts_in_The_Affairs_of_Anatol.jpg",https://upload.wikimedia.org/wikipedia/commons/7/7e/Wallace_Reid%2C_Wanda_Hawley%2C_and_Theodore_Roberts_in_The_Affairs_of_Anatol.jpg,Category:Paramount Pictures publicity photos,TRUE
Clive Brook and Florence Vidor in Afraid to Love (2).jpg,https://commons.wikimedia.org/wiki/File:Clive_Brook_and_Florence_Vidor_in_Afraid_to_Love_(2).jpg,https://upload.wikimedia.org/wikipedia/commons/f/f4/Clive_Brook_and_Florence_Vidor_in_Afraid_to_Love_%282%29.jpg,Category:Paramount Pictures publicity photos,TRUE
Clive Brook and Florence Vidor in Afraid to Love.jpg,https://commons.wikimedia.org/wiki/File:Clive_Brook_and_Florence_Vidor_in_Afraid_to_Love.jpg,https://upload.wikimedia.org/wikipedia/commons/7/7f/Clive_Brook_and_Florence_Vidor_in_Afraid_to_Love.jpg,Category:Paramount Pictures publicity photos,TRUE
Florence Vidor and Clive Brook in Afraid to Love.jpg,https://commons.wikimedia.org/wiki/File:Florence_Vidor_and_Clive_Brook_in_Afraid_to_Love.jpg,https://upload.wikimedia.org/wikipedia/commons/d/d8/Florence_Vidor_and_Clive_Brook_in_Afraid_to_Love.jpg,Category:Paramount Pictures publicity photos,FALSE
Florence Vidor and Norman Trevor in Afraid to Love.jpg,https://commons.wikimedia.org/wiki/File:Florence_Vidor_and_Norman_Trevor_in_Afraid_to_Love.jpg,https://upload.wikimedia.org/wikipedia/commons/3/37/Florence_Vidor_and_Norman_Trevor_in_Afraid_to_Love.jpg,Category:Paramount Pictures publicity photos,TRUE
"A scene from ""After the Show"" (SAYRE 14140).jpg",https://commons.wikimedia.org/wiki/File:A_scene_from_%22After_the_Show%22_(SAYRE_14140).jpg,https://upload.wikimedia.org/wikipedia/commons/b/b1/A_scene_from_%22After_the_Show%22_%28SAYRE_14140%29.jpg,Category:Paramount Pictures publicity photos,2026-09-24
Lila Lee and Charles Ogle in After the Show.jpg,https://commons.wikimedia.org/wiki/File:Lila_Lee_and_Charles_Ogle_in_After_the_Show.jpg,https://upload.wikimedia.org/wikipedia/commons/f/fb/Lila_Lee_and_Charles_Ogle_in_After_the_Show.jpg,Category:Paramount Pictures publicity photos,TRUE
Lila Lee Jack Holt 1921.jpg,https://commons.wikimedia.org/wiki/File:Lila_Lee_Jack_Holt_1921.jpg,https://upload.wikimedia.org/wikipedia/commons/d/d2/Lila_Lee_Jack_Holt_1921.jpg,Category:Paramount Pictures publicity photos,TRUE
After the Show (1921) - 3.jpg,https://commons.wikimedia.org/wiki/File:After_the_Show_(1921)_-_3.jpg,https://upload.wikimedia.org/wikipedia/commons/2/23/After_the_Show_%281921%29_-_3.jpg,Category:Paramount Pictures publicity photos,TRUE
After the Show (1921) - 5.jpg,https://commons.wikimedia.org/wiki/File:After_the_Show_(1921)_-_5.jpg,https://upload.wikimedia.org/wikipedia/commons/1/12/After_the_Show_%281921%29_-_5.jpg,Category:Paramount Pictures publicity photos,TRUE
After the Show (1921) - Holt & Lee.jpg,https://commons.wikimedia.org/wiki/File:After_the_Show_(1921)_-_Holt_%26_Lee.jpg,https://upload.wikimedia.org/wikipedia/commons/5/51/After_the_Show_%281921%29_-_Holt_%26_Lee.jpg,Category:Paramount Pictures publicity photos,TRUE
After the Show (1921) - Holt Lee & Ogle.jpg,https://commons.wikimedia.org/wiki/File:After_the_Show_(1921)_-_Holt_Lee_%26_Ogle.jpg,https://upload.wikimedia.org/wikipedia/commons/f/ff/After_the_Show_%281921%29_-_Holt_Lee_%26_Ogle.jpg,Category:Paramount Pictures publicity photos,LOWRES
After the Show (1921) - Larry's House Party.JPG,https://commons.wikimedia.org/wiki/File:After_the_Show_(1921)_-_Larry%27s_House_Party.JPG,https://upload.wikimedia.org/wikipedia/commons/0/03/After_the_Show_%281921%29_-_Larry%27s_House_Party.JPG,Category:Paramount Pictures publicity photos,LOWRES
After the Show (1921) - Lee.jpg,https://commons.wikimedia.org/wiki/File:After_the_Show_(1921)_-_Lee.jpg,https://upload.wikimedia.org/wikipedia/commons/5/58/After_the_Show_%281921%29_-_Lee.jpg,Category:Paramount Pictures publicity photos,TRUE
After the Show (1921) - the Stage Show.jpg,https://commons.wikimedia.org/wiki/File:After_the_Show_(1921)_-_the_Stage_Show.jpg,https://upload.wikimedia.org/wikipedia/commons/2/23/After_the_Show_%281921%29_-_the_Stage_Show.jpg,Category:Paramount Pictures publicity photos,TRUE
Agnes Ayres Screenland 1922-12.jpg,https://commons.wikimedia.org/wiki/File:Agnes_Ayres_Screenland_1922-12.jpg,https://upload.wikimedia.org/wikipedia/commons/8/8f/Agnes_Ayres_Screenland_1922-12.jpg,Category:Paramount Pictures publicity photos,TRUE
Billie Dove and Warner Baxter in The Air Mail.jpg,https://commons.wikimedia.org/wiki/File:Billie_Dove_and_Warner_Baxter_in_The_Air_Mail.jpg,https://upload.wikimedia.org/wikipedia/commons/d/d1/Billie_Dove_and_Warner_Baxter_in_The_Air_Mail.jpg,Category:Paramount Pictures publicity photos,TRUE
"Douglas Fairbanks Jr., Mary Brian and Warner Baxter in The Air Mail.jpg","https://commons.wikimedia.org/wiki/File:Douglas_Fairbanks_Jr.,_Mary_Brian_and_Warner_Baxter_in_The_Air_Mail.jpg",https://upload.wikimedia.org/wikipedia/commons/c/cc/Douglas_Fairbanks_Jr.%2C_Mary_Brian_and_Warner_Baxter_in_The_Air_Mail.jpg,Category:Paramount Pictures publicity photos,TRUE
The Air Mail (1925) - 1.jpg,https://commons.wikimedia.org/wiki/File:The_Air_Mail_(1925)_-_1.jpg,https://upload.wikimedia.org/wikipedia/commons/7/72/The_Air_Mail_%281925%29_-_1.jpg,Category:Paramount Pictures publicity photos,TRUE
Al Pacino in Serpico 1973.jpg,https://commons.wikimedia.org/wiki/File:Al_Pacino_in_Serpico_1973.jpg,https://upload.wikimedia.org/wikipedia/commons/3/30/Al_Pacino_in_Serpico_1973.jpg,Category:Paramount Pictures publicity photos,TRUE
The Alaskan (1924) 1 (cropped).jpg,https://commons.wikimedia.org/wiki/File:The_Alaskan_(1924)_1_(cropped).jpg,https://upload.wikimedia.org/wikipedia/commons/5/5d/The_Alaskan_%281924%29_1_%28cropped%29.jpg,Category:Paramount Pictures publicity photos,TRUE
The Alaskan (1924) 1.jpg,https://commons.wikimedia.org/wiki/File:The_Alaskan_(1924)_1.jpg,https://upload.wikimedia.org/wikipedia/commons/4/43/The_Alaskan_%281924%29_1.jpg,Category:Paramount Pictures publicity photos,TRUE
Thomas Meighan and Estelle Taylor in The Alaskan.jpg,https://commons.wikimedia.org/wiki/File:Thomas_Meighan_and_Estelle_Taylor_in_The_Alaskan.jpg,https://upload.wikimedia.org/wikipedia/commons/4/40/Thomas_Meighan_and_Estelle_Taylor_in_The_Alaskan.jpg,Category:Paramount Pictures publicity photos,2026-09-24
"A scene from ""All-of-a-Sudden Peggy"" (SAYRE 13409) (cropped).jpg",https://commons.wikimedia.org/wiki/File:A_scene_from_%22All-of-a-Sudden_Peggy%22_(SAYRE_13409)_(cropped).jpg,https://upload.wikimedia.org/wikipedia/commons/a/a3/A_scene_from_%22All-of-a-Sudden_Peggy%22_%28SAYRE_13409%29_%28cropped%29.jpg,Category:Paramount Pictures publicity photos,FALSE
"A scene from ""All-of-a-Sudden Peggy"" (SAYRE 13409).jpg",https://commons.wikimedia.org/wiki/File:A_scene_from_%22All-of-a-Sudden_Peggy%22_(SAYRE_13409).jpg,https://upload.wikimedia.org/wikipedia/commons/4/42/A_scene_from_%22All-of-a-Sudden_Peggy%22_%28SAYRE_13409%29.jpg,Category:Paramount Pictures publicity photos,2026-09-24
"A scene from ""All-of-a-Sudden Peggy"" (SAYRE 13818).jpg",https://commons.wikimedia.org/wiki/File:A_scene_from_%22All-of-a-Sudden_Peggy%22_(SAYRE_13818).jpg,https://upload.wikimedia.org/wikipedia/commons/8/80/A_scene_from_%22All-of-a-Sudden_Peggy%22_%28SAYRE_13818%29.jpg,Category:Paramount Pictures publicity photos,TRUE
Gilda Gray and Joseph Smiley in Aloma of the South Seas.jpg,https://commons.wikimedia.org/wiki/File:Gilda_Gray_and_Joseph_Smiley_in_Aloma_of_the_South_Seas.jpg,https://upload.wikimedia.org/wikipedia/commons/7/7e/Gilda_Gray_and_Joseph_Smiley_in_Aloma_of_the_South_Seas.jpg,Category:Paramount Pictures publicity photos,TRUE
Warner Baxter and others in Aloma of the South Seas.jpg,https://commons.wikimedia.org/wiki/File:Warner_Baxter_and_others_in_Aloma_of_the_South_Seas.jpg,https://upload.wikimedia.org/wikipedia/commons/b/bd/Warner_Baxter_and_others_in_Aloma_of_the_South_Seas.jpg,Category:Paramount Pictures publicity photos,TRUE
Aloma of the South Seas (1926) - 3.jpg,https://commons.wikimedia.org/wiki/File:Aloma_of_the_South_Seas_(1926)_-_3.jpg,https://upload.wikimedia.org/wikipedia/commons/5/5a/Aloma_of_the_South_Seas_%281926%29_-_3.jpg,Category:Paramount Pictures publicity photos,LOWRES
Aloma of the South Seas (1926) - 4.jpg,https://commons.wikimedia.org/wiki/File:Aloma_of_the_South_Seas_(1926)_-_4.jpg,https://upload.wikimedia.org/wikipedia/commons/6/6f/Aloma_of_the_South_Seas_%281926%29_-_4.jpg,Category:Paramount Pictures publicity photos,TRUE
Aloma of the South Seas (SAYRE 14415).jpg,https://commons.wikimedia.org/wiki/File:Aloma_of_the_South_Seas_(SAYRE_14415).jpg,https://upload.wikimedia.org/wikipedia/commons/a/a7/Aloma_of_the_South_Seas_%28SAYRE_14415%29.jpg,Category:Paramount Pictures publicity photos,TRUE
Mathilde Comont-Frances Dee in Along Came Youth.jpg,https://commons.wikimedia.org/wiki/File:Mathilde_Comont-Frances_Dee_in_Along_Came_Youth.jpg,https://upload.wikimedia.org/wikipedia/commons/b/b6/Mathilde_Comont-Frances_Dee_in_Along_Came_Youth.jpg,Category:Paramount Pictures publicity photos,LOWRES
Amarilly of Clothes-Line Alley (1918) - 1.jpg,https://commons.wikimedia.org/wiki/File:Amarilly_of_Clothes-Line_Alley_(1918)_-_1.jpg,https://upload.wikimedia.org/wikipedia/commons/b/bd/Amarilly_of_Clothes-Line_Alley_%281918%29_-_1.jpg,Category:Paramount Pictures publicity photos,LOWRES
William Scott and Mary Pickford in Amarilly of Clothes-Line Alley.jpg,https://commons.wikimedia.org/wiki/File:William_Scott_and_Mary_Pickford_in_Amarilly_of_Clothes-Line_Alley.jpg,https://upload.wikimedia.org/wikipedia/commons/2/25/William_Scott_and_Mary_Pickford_in_Amarilly_of_Clothes-Line_Alley.jpg,Category:Paramount Pictures publicity photos,TRUE
The American Beauty still.jpg,https://commons.wikimedia.org/wiki/File:The_American_Beauty_still.jpg,https://upload.wikimedia.org/wikipedia/commons/2/2e/The_American_Beauty_still.jpg,Category:Paramount Pictures publicity photos,TRUE
Esther Ralston and Lawrence Gray in The American Venus.jpg,https://commons.wikimedia.org/wiki/File:Esther_Ralston_and_Lawrence_Gray_in_The_American_Venus.jpg,https://upload.wikimedia.org/wikipedia/commons/9/94/Esther_Ralston_and_Lawrence_Gray_in_The_American_Venus.jpg,Category:Paramount Pictures publicity photos,FALSE
"Fay Lanphier, silent film actress (SAYRE 5438).jpg","https://commons.wikimedia.org/wiki/File:Fay_Lanphier,_silent_film_actress_(SAYRE_5438).jpg",https://upload.wikimedia.org/wikipedia/commons/a/ac/Fay_Lanphier%2C_silent_film_actress_%28SAYRE_5438%29.jpg,Category:Paramount Pictures publicity photos,TRUE
Lawrence Gray and Esther Ralston in The American Venus.jpg,https://commons.wikimedia.org/wiki/File:Lawrence_Gray_and_Esther_Ralston_in_The_American_Venus.jpg,https://upload.wikimedia.org/wikipedia/commons/4/4f/Lawrence_Gray_and_Esther_Ralston_in_The_American_Venus.jpg,Category:Paramount Pictures publicity photos,2026-09-24
The American Venus (1926) - 10.jpg,https://commons.wikimedia.org/wiki/File:The_American_Venus_(1926)_-_10.jpg,https://upload.wikimedia.org/wikipedia/commons/f/fe/The_American_Venus_%281926%29_-_10.jpg,Category:Paramount Pictures publicity photos,LOWRES
The American Venus (1926) - 11.jpg,https://commons.wikimedia.org/wiki/File:The_American_Venus_(1926)_-_11.jpg,https://upload.wikimedia.org/wikipedia/commons/8/81/The_American_Venus_%281926%29_-_11.jpg,Category:Paramount Pictures publicity photos,TRUE
The American Venus (1926) - 12.jpg,https://commons.wikimedia.org/wiki/File:The_American_Venus_(1926)_-_12.jpg,https://upload.wikimedia.org/wikipedia/commons/c/c1/The_American_Venus_%281926%29_-_12.jpg,Category:Paramount Pictures publicity photos,LOWRES
The American Venus (1926) - 13.jpg,https://commons.wikimedia.org/wiki/File:The_American_Venus_(1926)_-_13.jpg,https://upload.wikimedia.org/wikipedia/commons/d/d1/The_American_Venus_%281926%29_-_13.jpg,Category:Paramount Pictures publicity photos,LOWRES
The American Venus (1926) - 15.jpg,https://commons.wikimedia.org/wiki/File:The_American_Venus_(1926)_-_15.jpg,https://upload.wikimedia.org/wikipedia/commons/4/45/The_American_Venus_%281926%29_-_15.jpg,Category:Paramount Pictures publicity photos,LOWRES
The American Venus (1926) - 3.jpg,https://commons.wikimedia.org/wiki/File:The_American_Venus_(1926)_-_3.jpg,https://upload.wikimedia.org/wikipedia/commons/a/ae/The_American_Venus_%281926%29_-_3.jpg,Category:Paramount Pictures publicity photos,TRUE
The American Venus (1926) - 5.jpg,https://commons.wikimedia.org/wiki/File:The_American_Venus_(1926)_-_5.jpg,https://upload.wikimedia.org/wikipedia/commons/9/9e/The_American_Venus_%281926%29_-_5.jpg,Category:Paramount Pictures publicity photos,TRUE
The American Venus (1926) - 6.jpg,https://commons.wikimedia.org/wiki/File:The_American_Venus_(1926)_-_6.jpg,https://upload.wikimedia.org/wikipedia/commons/2/2c/The_American_Venus_%281926%29_-_6.jpg,Category:Paramount Pictures publicity photos,LOWRES
The American Venus (1926) - 7.jpg,https://commons.wikimedia.org/wiki/File:The_American_Venus_(1926)_-_7.jpg,https://upload.wikimedia.org/wikipedia/commons/1/1e/The_American_Venus_%281926%29_-_7.jpg,Category:Paramount Pictures publicity photos,TRUE
The American Venus (1926) - 8.jpg,https://commons.wikimedia.org/wiki/File:The_American_Venus_(1926)_-_8.jpg,https://upload.wikimedia.org/wikipedia/commons/b/b0/The_American_Venus_%281926%29_-_8.jpg,Category:Paramount Pictures publicity photos,TRUE
The American Venus (1926) - 9.jpg,https://commons.wikimedia.org/wiki/File:The_American_Venus_(1926)_-_9.jpg,https://upload.wikimedia.org/wikipedia/commons/6/6f/The_American_Venus_%281926%29_-_9.jpg,Category:Paramount Pictures publicity photos,TRUE
Andre Patrick Hillie CM833.jpg,https://commons.wikimedia.org/wiki/File:Andre_Patrick_Hillie_CM833.jpg,https://upload.wikimedia.org/wikipedia/commons/7/7a/Andre_Patrick_Hillie_CM833.jpg,Category:Paramount Pictures publicity photos,TRUE
Andress-Presley-Cardenas.jpg,https://commons.wikimedia.org/wiki/File:Andress-Presley-Cardenas.jpg,https://upload.wikimedia.org/wikipedia/commons/0/05/Andress-Presley-Cardenas.jpg,Category:Paramount Pictures publicity photos,LOWRES
Anita Ekberg posa como a valquíria guardiã do Sagrado Jarro de Hidromel.jpg,https://commons.wikimedia.org/wiki/File:Anita_Ekberg_posa_como_a_valqu%C3%ADria_guardi%C3%A3_do_Sagrado_Jarro_de_Hidromel.jpg,https://upload.wikimedia.org/wikipedia/commons/2/25/Anita_Ekberg_posa_como_a_valqu%C3%ADria_guardi%C3%A3_do_Sagrado_Jarro_de_Hidromel.jpg,Category:Paramount Pictures publicity photos,FALSE
Alice Brady in Anna Ascends (1).jpg,https://commons.wikimedia.org/wiki/File:Alice_Brady_in_Anna_Ascends_(1).jpg,https://upload.wikimedia.org/wikipedia/commons/d/d3/Alice_Brady_in_Anna_Ascends_%281%29.jpg,Category:Paramount Pictures publicity photos,FALSE
Alice Brady in Anna Ascends (2).jpg,https://commons.wikimedia.org/wiki/File:Alice_Brady_in_Anna_Ascends_(2).jpg,https://upload.wikimedia.org/wikipedia/commons/f/f5/Alice_Brady_in_Anna_Ascends_%282%29.jpg,Category:Paramount Pictures publicity photos,TRUE
"Alice Brady, Robert Ellis, and Grace Griswold in Anna Ascends.jpg","https://commons.wikimedia.org/wiki/File:Alice_Brady,_Robert_Ellis,_and_Grace_Griswold_in_Anna_Ascends.jpg",https://upload.wikimedia.org/wikipedia/commons/3/36/Alice_Brady%2C_Robert_Ellis%2C_and_Grace_Griswold_in_Anna_Ascends.jpg,Category:Paramount Pictures publicity photos,FALSE
David Powell and Lillian Gish in Anna Ascends.jpg,https://commons.wikimedia.org/wiki/File:David_Powell_and_Lillian_Gish_in_Anna_Ascends.jpg,https://upload.wikimedia.org/wikipedia/commons/6/6b/David_Powell_and_Lillian_Gish_in_Anna_Ascends.jpg,Category:Paramount Pictures publicity photos,2026-09-16
Anna May Wong wearing Travis Banton in Limehouse Blues.jpg,https://commons.wikimedia.org/wiki/File:Anna_May_Wong_wearing_Travis_Banton_in_Limehouse_Blues.jpg,https://upload.wikimedia.org/wikipedia/commons/f/ff/Anna_May_Wong_wearing_Travis_Banton_in_Limehouse_Blues.jpg,Category:Paramount Pictures publicity photos,TRUE
Anne Bauchens (cropped).jpg,https://commons.wikimedia.org/wiki/File:Anne_Bauchens_(cropped).jpg,https://upload.wikimedia.org/wikipedia/commons/1/1a/Anne_Bauchens_%28cropped%29.jpg,Category:Paramount Pictures publicity photos,TRUE
Anne Chevalier 1931-07-01.jpg,https://commons.wikimedia.org/wiki/File:Anne_Chevalier_1931-07-01.jpg,https://upload.wikimedia.org/wikipedia/commons/a/af/Anne_Chevalier_1931-07-01.jpg,Category:Paramount Pictures publicity photos,2026-09-08
Anne Chevalier in Tabu 01.jpg,https://commons.wikimedia.org/wiki/File:Anne_Chevalier_in_Tabu_01.jpg,https://upload.wikimedia.org/wikipedia/commons/c/ca/Anne_Chevalier_in_Tabu_01.jpg,Category:Paramount Pictures publicity photos,LOWRES
Anne Chevalier in Tabu 02.jpg,https://commons.wikimedia.org/wiki/File:Anne_Chevalier_in_Tabu_02.jpg,https://upload.wikimedia.org/wikipedia/commons/a/ac/Anne_Chevalier_in_Tabu_02.jpg,Category:Paramount Pictures publicity photos,LOWRES
Anne Chevalier in Tabu 03.jpg,https://commons.wikimedia.org/wiki/File:Anne_Chevalier_in_Tabu_03.jpg,https://upload.wikimedia.org/wikipedia/commons/c/ca/Anne_Chevalier_in_Tabu_03.jpg,Category:Paramount Pictures publicity photos,TRUE
Anthony Perkins Psycho Promotional Still.jpg,https://commons.wikimedia.org/wiki/File:Anthony_Perkins_Psycho_Promotional_Still.jpg,https://upload.wikimedia.org/wikipedia/commons/7/76/Anthony_Perkins_Psycho_Promotional_Still.jpg,Category:Paramount Pictures publicity photos,TRUE
Anthony Perkins Psycho Publicity Photo (cropped) 2.jpg,https://commons.wikimedia.org/wiki/File:Anthony_Perkins_Psycho_Publicity_Photo_(cropped)_2.jpg,https://upload.wikimedia.org/wikipedia/commons/9/9e/Anthony_Perkins_Psycho_Publicity_Photo_%28cropped%29_2.jpg,Category:Paramount Pictures publicity photos,LOWRES
Anthony Perkins Psycho Publicity Photo (cropped).jpg,https://commons.wikimedia.org/wiki/File:Anthony_Perkins_Psycho_Publicity_Photo_(cropped).jpg,https://upload.wikimedia.org/wikipedia/commons/2/20/Anthony_Perkins_Psycho_Publicity_Photo_%28cropped%29.jpg,Category:Paramount Pictures publicity photos,LOWRES
Anthony Perkins Psycho Publicity Photo.jpg,https://commons.wikimedia.org/wiki/File:Anthony_Perkins_Psycho_Publicity_Photo.jpg,https://upload.wikimedia.org/wikipedia/commons/b/b4/Anthony_Perkins_Psycho_Publicity_Photo.jpg,Category:Paramount Pictures publicity photos,TRUE
"Anthony Perkins, Alfred Hitchcock & Janet Leigh on Psycho Set.jpg","https://commons.wikimedia.org/wiki/File:Anthony_Perkins,_Alfred_Hitchcock_%26_Janet_Leigh_on_Psycho_Set.jpg",https://upload.wikimedia.org/wikipedia/commons/f/fb/Anthony_Perkins%2C_Alfred_Hitchcock_%26_Janet_Leigh_on_Psycho_Set.jpg,Category:Paramount Pictures publicity photos,TRUE
Donald Reed and Alice Terry in Any Woman.jpg,https://commons.wikimedia.org/wiki/File:Donald_Reed_and_Alice_Terry_in_Any_Woman.jpg,https://upload.wikimedia.org/wikipedia/commons/a/a3/Donald_Reed_and_Alice_Terry_in_Any_Woman.jpg,Category:Paramount Pictures publicity photos,TRUE
Jack Huff and Alice Terry on the set of Any Woman.jpg,https://commons.wikimedia.org/wiki/File:Jack_Huff_and_Alice_Terry_on_the_set_of_Any_Woman.jpg,https://upload.wikimedia.org/wikipedia/commons/0/00/Jack_Huff_and_Alice_Terry_on_the_set_of_Any_Woman.jpg,Category:Paramount Pictures publicity photos,FALSE
James Neill and Alice Terry in Any Woman.jpg,https://commons.wikimedia.org/wiki/File:James_Neill_and_Alice_Terry_in_Any_Woman.jpg,https://upload.wikimedia.org/wikipedia/commons/a/ac/James_Neill_and_Alice_Terry_in_Any_Woman.jpg,Category:Paramount Pictures publicity photos,FALSE
Florence Vidor and Adolphe Menjou in Are Parents People.jpg,https://commons.wikimedia.org/wiki/File:Florence_Vidor_and_Adolphe_Menjou_in_Are_Parents_People.jpg,https://upload.wikimedia.org/wikipedia/commons/d/dd/Florence_Vidor_and_Adolphe_Menjou_in_Are_Parents_People.jpg,Category:Paramount Pictures publicity photos,TRUE
Florence Vidor and two unidentified actors in a test shot for Are Parents People?.jpg,https://commons.wikimedia.org/wiki/File:Florence_Vidor_and_two_unidentified_actors_in_a_test_shot_for_Are_Parents_People%3F.jpg,https://upload.wikimedia.org/wikipedia/commons/e/eb/Florence_Vidor_and_two_unidentified_actors_in_a_test_shot_for_Are_Parents_People%3F.jpg,Category:Paramount Pictures publicity photos,TRUE
"Lawrence Gray, Adolphe Menjou, Florence Vidor, and Betty Bronson in Are Parents People.jpg","https://commons.wikimedia.org/wiki/File:Lawrence_Gray,_Adolphe_Menjou,_Florence_Vidor,_and_Betty_Bronson_in_Are_Parents_People.jpg",https://upload.wikimedia.org/wikipedia/commons/0/00/Lawrence_Gray%2C_Adolphe_Menjou%2C_Florence_Vidor%2C_and_Betty_Bronson_in_Are_Parents_People.jpg,Category:Paramount Pictures publicity photos,TRUE
William Courtright and Adolphe Menjou in Are Parents People.jpg,https://commons.wikimedia.org/wiki/File:William_Courtright_and_Adolphe_Menjou_in_Are_Parents_People.jpg,https://upload.wikimedia.org/wikipedia/commons/f/f1/William_Courtright_and_Adolphe_Menjou_in_Are_Parents_People.jpg,Category:Paramount Pictures publicity photos,TRUE
Are Parents People (1925) - 1.jpg,https://commons.wikimedia.org/wiki/File:Are_Parents_People_(1925)_-_1.jpg,https://upload.wikimedia.org/wikipedia/commons/6/6e/Are_Parents_People_%281925%29_-_1.jpg,Category:Paramount Pictures publicity photos,LOWRES
Are Parents People (1925) - 2.jpg,https://commons.wikimedia.org/wiki/File:Are_Parents_People_(1925)_-_2.jpg,https://upload.wikimedia.org/wikipedia/commons/4/4f/Are_Parents_People_%281925%29_-_2.jpg,Category:Paramount Pictures publicity photos,LOWRES
Are Parents People (1925) - 3.jpg,https://commons.wikimedia.org/wiki/File:Are_Parents_People_(1925)_-_3.jpg,https://upload.wikimedia.org/wikipedia/commons/6/62/Are_Parents_People_%281925%29_-_3.jpg,Category:Paramount Pictures publicity photos,LOWRES
Are Parents People (1925) - 4.jpg,https://commons.wikimedia.org/wiki/File:Are_Parents_People_(1925)_-_4.jpg,https://upload.wikimedia.org/wikipedia/commons/b/be/Are_Parents_People_%281925%29_-_4.jpg,Category:Paramount Pictures publicity photos,TRUE
Are Parents People (1925) - 5.jpg,https://commons.wikimedia.org/wiki/File:Are_Parents_People_(1925)_-_5.jpg,https://upload.wikimedia.org/wikipedia/commons/3/3f/Are_Parents_People_%281925%29_-_5.jpg,Category:Paramount Pictures publicity photos,TRUE
"Bebe Daniels, James Rennie, and Ricardo Cortez in Argentine Love.jpg","https://commons.wikimedia.org/wiki/File:Bebe_Daniels,_James_Rennie,_and_Ricardo_Cortez_in_Argentine_Love.jpg",https://upload.wikimedia.org/wikipedia/commons/0/02/Bebe_Daniels%2C_James_Rennie%2C_and_Ricardo_Cortez_in_Argentine_Love.jpg,Category:Paramount Pictures publicity photos,2026-09-24
James Rennie and Bebe Daniels in Argentine Love.jpg,https://commons.wikimedia.org/wiki/File:James_Rennie_and_Bebe_Daniels_in_Argentine_Love.jpg,https://upload.wikimedia.org/wikipedia/commons/8/89/James_Rennie_and_Bebe_Daniels_in_Argentine_Love.jpg,Category:Paramount Pictures publicity photos,TRUE
Ricardo Cortez and Bebe Daniels in Argentine Love.jpg,https://commons.wikimedia.org/wiki/File:Ricardo_Cortez_and_Bebe_Daniels_in_Argentine_Love.jpg,https://upload.wikimedia.org/wikipedia/commons/3/33/Ricardo_Cortez_and_Bebe_Daniels_in_Argentine_Love.jpg,Category:Paramount Pictures publicity photos,FALSE
Betty Jewel and Gary Cooper in Arizona Bound.jpg,https://commons.wikimedia.org/wiki/File:Betty_Jewel_and_Gary_Cooper_in_Arizona_Bound.jpg,https://upload.wikimedia.org/wikipedia/commons/e/e5/Betty_Jewel_and_Gary_Cooper_in_Arizona_Bound.jpg,Category:Paramount Pictures publicity photos,2026-09-14
El Brendel and Betty Jewel in Arizona Bound.jpg,https://commons.wikimedia.org/wiki/File:El_Brendel_and_Betty_Jewel_in_Arizona_Bound.jpg,https://upload.wikimedia.org/wikipedia/commons/0/03/El_Brendel_and_Betty_Jewel_in_Arizona_Bound.jpg,Category:Paramount Pictures publicity photos,FALSE
"Arizona Bound, Betty Jewel and Gary Cooper.jpg","https://commons.wikimedia.org/wiki/File:Arizona_Bound,_Betty_Jewel_and_Gary_Cooper.jpg",https://upload.wikimedia.org/wikipedia/commons/4/49/Arizona_Bound%2C_Betty_Jewel_and_Gary_Cooper.jpg,Category:Paramount Pictures publicity photos,TRUE
Audrey Hepburn 1956 (2).jpg,https://commons.wikimedia.org/wiki/File:Audrey_Hepburn_1956_(2).jpg,https://upload.wikimedia.org/wikipedia/commons/e/ea/Audrey_Hepburn_1956_%282%29.jpg,Category:Paramount Pictures publicity photos,LOWRES
Audrey Hepburn 1956 (cropped).jpg,https://commons.wikimedia.org/wiki/File:Audrey_Hepburn_1956_(cropped).jpg,https://upload.wikimedia.org/wikipedia/commons/b/b3/Audrey_Hepburn_1956_%28cropped%29.jpg,Category:Paramount Pictures publicity photos,LOWRES
Audrey Hepburn 1956.jpg,https://commons.wikimedia.org/wiki/File:Audrey_Hepburn_1956.jpg,https://upload.wikimedia.org/wikipedia/commons/5/5e/Audrey_Hepburn_1956.jpg,Category:Paramount Pictures publicity photos,LOWRES
Audrey Hepburn 1956om (3x4 cropped).jpg,https://commons.wikimedia.org/wiki/File:Audrey_Hepburn_1956om_(3x4_cropped).jpg,https://upload.wikimedia.org/wikipedia/commons/d/d3/Audrey_Hepburn_1956om_%283x4_cropped%29.jpg,Category:Paramount Pictures publicity photos,LOWRES
Audrey Hepburn 1956om (cropped).jpg,https://commons.wikimedia.org/wiki/File:Audrey_Hepburn_1956om_(cropped).jpg,https://upload.wikimedia.org/wikipedia/commons/e/e2/Audrey_Hepburn_1956om_%28cropped%29.jpg,Category:Paramount Pictures publicity photos,LOWRES
Audrey Hepburn Funny Face Still.jpg,https://commons.wikimedia.org/wiki/File:Audrey_Hepburn_Funny_Face_Still.jpg,https://upload.wikimedia.org/wikipedia/commons/1/16/Audrey_Hepburn_Funny_Face_Still.jpg,Category:Paramount Pictures publicity photos,LOWRES
Audrey Hepburn − Sabrina (1954).jpg,https://commons.wikimedia.org/wiki/File:Audrey_Hepburn_%E2%88%92_Sabrina_(1954).jpg,https://upload.wikimedia.org/wikipedia/commons/1/16/Audrey_Hepburn_%E2%88%92_Sabrina_%281954%29.jpg,Category:Paramount Pictures publicity photos,2026-09-05
AudreyKHepburn.jpg,https://commons.wikimedia.org/wiki/File:AudreyKHepburn.jpg,https://upload.wikimedia.org/wikipedia/commons/7/74/AudreyKHepburn.jpg,Category:Paramount Pictures publicity photos,TRUE
Doris Hill and Jack Holt in Avalanche.jpg,https://commons.wikimedia.org/wiki/File:Doris_Hill_and_Jack_Holt_in_Avalanche.jpg,https://upload.wikimedia.org/wikipedia/commons/d/d4/Doris_Hill_and_Jack_Holt_in_Avalanche.jpg,Category:Paramount Pictures publicity photos,TRUE
Olga Baclanova and Jack Holt in Avalanche.jpg,https://commons.wikimedia.org/wiki/File:Olga_Baclanova_and_Jack_Holt_in_Avalanche.jpg,https://upload.wikimedia.org/wikipedia/commons/7/78/Olga_Baclanova_and_Jack_Holt_in_Avalanche.jpg,Category:Paramount Pictures publicity photos,FALSE
Maude Wayne and Thomas Meighan in The Bachelor Daddy.jpg,https://commons.wikimedia.org/wiki/File:Maude_Wayne_and_Thomas_Meighan_in_The_Bachelor_Daddy.jpg,https://upload.wikimedia.org/wikipedia/commons/6/6c/Maude_Wayne_and_Thomas_Meighan_in_The_Bachelor_Daddy.jpg,Category:Paramount Pictures publicity photos,TRUE
The Bachelor Daddy (1922) - 3.jpg,https://commons.wikimedia.org/wiki/File:The_Bachelor_Daddy_(1922)_-_3.jpg,https://upload.wikimedia.org/wikipedia/commons/7/77/The_Bachelor_Daddy_%281922%29_-_3.jpg,Category:Paramount Pictures publicity photos,LOWRES
The Bachelor Daddy (1922) - 4.jpg,https://commons.wikimedia.org/wiki/File:The_Bachelor_Daddy_(1922)_-_4.jpg,https://upload.wikimedia.org/wikipedia/commons/d/d0/The_Bachelor_Daddy_%281922%29_-_4.jpg,Category:Paramount Pictures publicity photos,TRUE
The Bachelor Daddy (1922) - 7.jpg,https://commons.wikimedia.org/wiki/File:The_Bachelor_Daddy_(1922)_-_7.jpg,https://upload.wikimedia.org/wikipedia/commons/4/4b/The_Bachelor_Daddy_%281922%29_-_7.jpg,Category:Paramount Pictures publicity photos,TRUE
The Bachelor Daddy (1922) - 8.jpg,https://commons.wikimedia.org/wiki/File:The_Bachelor_Daddy_(1922)_-_8.jpg,https://upload.wikimedia.org/wikipedia/commons/b/b1/The_Bachelor_Daddy_%281922%29_-_8.jpg,Category:Paramount Pictures publicity photos,TRUE
The Bachelor Daddy (1922) - 9.jpg,https://commons.wikimedia.org/wiki/File:The_Bachelor_Daddy_(1922)_-_9.jpg,https://upload.wikimedia.org/wikipedia/commons/9/9c/The_Bachelor_Daddy_%281922%29_-_9.jpg,Category:Paramount Pictures publicity photos,TRUE
The Bachelor Daddy (1922) - Meighan.jpg,https://commons.wikimedia.org/wiki/File:The_Bachelor_Daddy_(1922)_-_Meighan.jpg,https://upload.wikimedia.org/wikipedia/commons/e/ea/The_Bachelor_Daddy_%281922%29_-_Meighan.jpg,Category:Paramount Pictures publicity photos,TRUE
The Bachelor Daddy (SAYRE 14430).jpg,https://commons.wikimedia.org/wiki/File:The_Bachelor_Daddy_(SAYRE_14430).jpg,https://upload.wikimedia.org/wikipedia/commons/2/2b/The_Bachelor_Daddy_%28SAYRE_14430%29.jpg,Category:Paramount Pictures publicity photos,TRUE
Thomas Meighan and others in The Bachelor Daddy.jpg,https://commons.wikimedia.org/wiki/File:Thomas_Meighan_and_others_in_The_Bachelor_Daddy.jpg,https://upload.wikimedia.org/wikipedia/commons/f/f8/Thomas_Meighan_and_others_in_The_Bachelor_Daddy.jpg,Category:Paramount Pictures publicity photos,TRUE
Thomas Meighan and two girls in The Bachelor Daddy.jpg,https://commons.wikimedia.org/wiki/File:Thomas_Meighan_and_two_girls_in_The_Bachelor_Daddy.jpg,https://upload.wikimedia.org/wikipedia/commons/6/6e/Thomas_Meighan_and_two_girls_in_The_Bachelor_Daddy.jpg,Category:Paramount Pictures publicity photos,TRUE
Frederick Burton and Thomas Meighan in Back Home and Broke.jpg,https://commons.wikimedia.org/wiki/File:Frederick_Burton_and_Thomas_Meighan_in_Back_Home_and_Broke.jpg,https://upload.wikimedia.org/wikipedia/commons/0/09/Frederick_Burton_and_Thomas_Meighan_in_Back_Home_and_Broke.jpg,Category:Paramount Pictures publicity photos,FALSE
Back Home and Broke (1922) - 1.jpg,https://commons.wikimedia.org/wiki/File:Back_Home_and_Broke_(1922)_-_1.jpg,https://upload.wikimedia.org/wikipedia/commons/d/d4/Back_Home_and_Broke_%281922%29_-_1.jpg,Category:Paramount Pictures publicity photos,TRUE
Back Home and Broke (1922).jpg,https://commons.wikimedia.org/wiki/File:Back_Home_and_Broke_(1922).jpg,https://upload.wikimedia.org/wikipedia/commons/a/ad/Back_Home_and_Broke_%281922%29.jpg,Category:Paramount Pictures publicity photos,LOWRES
Battle of Paris still 1929.jpg,https://commons.wikimedia.org/wiki/File:Battle_of_Paris_still_1929.jpg,https://upload.wikimedia.org/wikipedia/commons/1/16/Battle_of_Paris_still_1929.jpg,Category:Paramount Pictures publicity photos,TRUE
Battling Jane (1918) - 1.jpg,https://commons.wikimedia.org/wiki/File:Battling_Jane_(1918)_-_1.jpg,https://upload.wikimedia.org/wikipedia/commons/7/71/Battling_Jane_%281918%29_-_1.jpg,Category:Paramount Pictures publicity photos,TRUE
Beggar on Horseback (1925) - 3.jpg,https://commons.wikimedia.org/wiki/File:Beggar_on_Horseback_(1925)_-_3.jpg,https://upload.wikimedia.org/wikipedia/commons/e/e7/Beggar_on_Horseback_%281925%29_-_3.jpg,Category:Paramount Pictures publicity photos,TRUE
Beggar on Horseback (1925) - 4.jpg,https://commons.wikimedia.org/wiki/File:Beggar_on_Horseback_(1925)_-_4.jpg,https://upload.wikimedia.org/wikipedia/commons/5/5a/Beggar_on_Horseback_%281925%29_-_4.jpg,Category:Paramount Pictures publicity photos,TRUE
Beggar on Horseback (1925) - 5.jpg,https://commons.wikimedia.org/wiki/File:Beggar_on_Horseback_(1925)_-_5.jpg,https://upload.wikimedia.org/wikipedia/commons/d/d6/Beggar_on_Horseback_%281925%29_-_5.jpg,Category:Paramount Pictures publicity photos,LOWRES
Behind-the-scenes-zulu-1964.jpg,https://commons.wikimedia.org/wiki/File:Behind-the-scenes-zulu-1964.jpg,https://upload.wikimedia.org/wikipedia/commons/7/79/Behind-the-scenes-zulu-1964.jpg,Category:Paramount Pictures publicity photos,TRUE
Bergman & Cooper For Whom the Bell Tolls still.jpg,https://commons.wikimedia.org/wiki/File:Bergman_%26_Cooper_For_Whom_the_Bell_Tolls_still.jpg,https://upload.wikimedia.org/wikipedia/commons/6/67/Bergman_%26_Cooper_For_Whom_the_Bell_Tolls_still.jpg,Category:Paramount Pictures publicity photos,TRUE
Betty Hutton Paramount studio portrait c. 1945.jpg,https://commons.wikimedia.org/wiki/File:Betty_Hutton_Paramount_studio_portrait_c._1945.jpg,https://upload.wikimedia.org/wikipedia/commons/d/db/Betty_Hutton_Paramount_studio_portrait_c._1945.jpg,Category:Paramount Pictures publicity photos,TRUE
Betty Hutton.jpg,https://commons.wikimedia.org/wiki/File:Betty_Hutton.jpg,https://upload.wikimedia.org/wikipedia/commons/b/b1/Betty_Hutton.jpg,Category:Paramount Pictures publicity photos,TRUE
Beware of Boarders 1918.jpg,https://commons.wikimedia.org/wiki/File:Beware_of_Boarders_1918.jpg,https://upload.wikimedia.org/wikipedia/commons/b/be/Beware_of_Boarders_1918.jpg,Category:Paramount Pictures publicity photos,TRUE
"Glora Swanson and Rudolph Valentino in 'Beyond the Rocks', 1922.jpg","https://commons.wikimedia.org/wiki/File:Glora_Swanson_and_Rudolph_Valentino_in_%27Beyond_the_Rocks%27,_1922.jpg",https://upload.wikimedia.org/wikipedia/commons/a/ac/Glora_Swanson_and_Rudolph_Valentino_in_%27Beyond_the_Rocks%27%2C_1922.jpg,Category:Paramount Pictures publicity photos,TRUE
Mabel Van Buren Rudolf Valentino 1922.jpg,https://commons.wikimedia.org/wiki/File:Mabel_Van_Buren_Rudolf_Valentino_1922.jpg,https://upload.wikimedia.org/wikipedia/commons/d/dd/Mabel_Van_Buren_Rudolf_Valentino_1922.jpg,Category:Paramount Pictures publicity photos,TRUE
Swanson Francis Valentino 1922.jpg,https://commons.wikimedia.org/wiki/File:Swanson_Francis_Valentino_1922.jpg,https://upload.wikimedia.org/wikipedia/commons/a/ac/Swanson_Francis_Valentino_1922.jpg,Category:Paramount Pictures publicity photos,TRUE
Beyond the Rocks (1922) - 4.jpg,https://commons.wikimedia.org/wiki/File:Beyond_the_Rocks_(1922)_-_4.jpg,https://upload.wikimedia.org/wikipedia/commons/c/c7/Beyond_the_Rocks_%281922%29_-_4.jpg,Category:Paramount Pictures publicity photos,TRUE
Beyond the Rocks (1922) - 5.jpg,https://commons.wikimedia.org/wiki/File:Beyond_the_Rocks_(1922)_-_5.jpg,https://upload.wikimedia.org/wikipedia/commons/b/bc/Beyond_the_Rocks_%281922%29_-_5.jpg,Category:Paramount Pictures publicity photos,TRUE
Beyond the Rocks (1922) - Swanson & Valentino.jpg,https://commons.wikimedia.org/wiki/File:Beyond_the_Rocks_(1922)_-_Swanson_%26_Valentino.jpg,https://upload.wikimedia.org/wikipedia/commons/b/b2/Beyond_the_Rocks_%281922%29_-_Swanson_%26_Valentino.jpg,Category:Paramount Pictures publicity photos,TRUE
Beyond the Rocks (1922) 2.jpg,https://commons.wikimedia.org/wiki/File:Beyond_the_Rocks_(1922)_2.jpg,https://upload.wikimedia.org/wikipedia/commons/9/92/Beyond_the_Rocks_%281922%29_2.jpg,Category:Paramount Pictures publicity photos,2026-09-18
Beyond the Rocks (1922).jpg,https://commons.wikimedia.org/wiki/File:Beyond_the_Rocks_(1922).jpg,https://upload.wikimedia.org/wikipedia/commons/7/70/Beyond_the_Rocks_%281922%29.jpg,Category:Paramount Pictures publicity photos,2026-09-24
Beyond the rocks 1922.jpg,https://commons.wikimedia.org/wiki/File:Beyond_the_rocks_1922.jpg,https://upload.wikimedia.org/wikipedia/commons/b/b7/Beyond_the_rocks_1922.jpg,Category:Paramount Pictures publicity photos,TRUE
Billie Dove - Paramount Pictures.jpg,https://commons.wikimedia.org/wiki/File:Billie_Dove_-_Paramount_Pictures.jpg,https://upload.wikimedia.org/wikipedia/commons/6/68/Billie_Dove_-_Paramount_Pictures.jpg,Category:Paramount Pictures publicity photos,TRUE
Bing Crosby Paramount Pictures (cropped).jpg,https://commons.wikimedia.org/wiki/File:Bing_Crosby_Paramount_Pictures_(cropped).jpg,https://upload.wikimedia.org/wikipedia/commons/6/6f/Bing_Crosby_Paramount_Pictures_%28cropped%29.jpg,Category:Paramount Pictures publicity photos,TRUE
Bing Crosby Paramount Pictures.jpg,https://commons.wikimedia.org/wiki/File:Bing_Crosby_Paramount_Pictures.jpg,https://upload.wikimedia.org/wikipedia/commons/e/e5/Bing_Crosby_Paramount_Pictures.jpg,Category:Paramount Pictures publicity photos,LOWRES
Blood and Sand (1922) - 3.jpg,https://commons.wikimedia.org/wiki/File:Blood_and_Sand_(1922)_-_3.jpg,https://upload.wikimedia.org/wikipedia/commons/a/a5/Blood_and_Sand_%281922%29_-_3.jpg,Category:Paramount Pictures publicity photos,FALSE
Blood and Sand (1922) - 8.jpg,https://commons.wikimedia.org/wiki/File:Blood_and_Sand_(1922)_-_8.jpg,https://upload.wikimedia.org/wikipedia/commons/7/74/Blood_and_Sand_%281922%29_-_8.jpg,Category:Paramount Pictures publicity photos,LOWRES
Blood and Sand (1922) - Lee & Valentino.jpg,https://commons.wikimedia.org/wiki/File:Blood_and_Sand_(1922)_-_Lee_%26_Valentino.jpg,https://upload.wikimedia.org/wikipedia/commons/6/6c/Blood_and_Sand_%281922%29_-_Lee_%26_Valentino.jpg,Category:Paramount Pictures publicity photos,TRUE
Blood and Sand (1922) - Valentino & Naldi 1.jpg,https://commons.wikimedia.org/wiki/File:Blood_and_Sand_(1922)_-_Valentino_%26_Naldi_1.jpg,https://upload.wikimedia.org/wikipedia/commons/7/70/Blood_and_Sand_%281922%29_-_Valentino_%26_Naldi_1.jpg,Category:Paramount Pictures publicity photos,TRUE
Blood and Sand (1922) - Valentino & Naldi 2.jpg,https://commons.wikimedia.org/wiki/File:Blood_and_Sand_(1922)_-_Valentino_%26_Naldi_2.jpg,https://upload.wikimedia.org/wikipedia/commons/2/21/Blood_and_Sand_%281922%29_-_Valentino_%26_Naldi_2.jpg,Category:Paramount Pictures publicity photos,LOWRES
Blood and Sand (1922) - Valentino 1.jpg,https://commons.wikimedia.org/wiki/File:Blood_and_Sand_(1922)_-_Valentino_1.jpg,https://upload.wikimedia.org/wikipedia/commons/8/88/Blood_and_Sand_%281922%29_-_Valentino_1.jpg,Category:Paramount Pictures publicity photos,TRUE
Blood and Sand (SAYRE 14077).jpg,https://commons.wikimedia.org/wiki/File:Blood_and_Sand_(SAYRE_14077).jpg,https://upload.wikimedia.org/wikipedia/commons/0/00/Blood_and_Sand_%28SAYRE_14077%29.jpg,Category:Paramount Pictures publicity photos,TRUE
Blood and Sand - Valentino.jpg,https://commons.wikimedia.org/wiki/File:Blood_and_Sand_-_Valentino.jpg,https://upload.wikimedia.org/wikipedia/commons/b/be/Blood_and_Sand_-_Valentino.jpg,Category:Paramount Pictures publicity photos,TRUE
Bogart & Hepburn Sabrina 1954.jpg,https://commons.wikimedia.org/wiki/File:Bogart_%26_Hepburn_Sabrina_1954.jpg,https://upload.wikimedia.org/wikipedia/commons/8/8b/Bogart_%26_Hepburn_Sabrina_1954.jpg,Category:Paramount Pictures publicity photos,LOWRES
Bogart Hepburn Holden 1954.jpg,https://commons.wikimedia.org/wiki/File:Bogart_Hepburn_Holden_1954.jpg,https://upload.wikimedia.org/wikipedia/commons/d/d3/Bogart_Hepburn_Holden_1954.jpg,Category:Paramount Pictures publicity photos,LOWRES
The Border Wireless (1918) - 1.jpg,https://commons.wikimedia.org/wiki/File:The_Border_Wireless_(1918)_-_1.jpg,https://upload.wikimedia.org/wikipedia/commons/1/17/The_Border_Wireless_%281918%29_-_1.jpg,Category:Paramount Pictures publicity photos,LOWRES
Born to the West (1937) 1.jpg,https://commons.wikimedia.org/wiki/File:Born_to_the_West_(1937)_1.jpg,https://upload.wikimedia.org/wikipedia/commons/3/37/Born_to_the_West_%281937%29_1.jpg,Category:Paramount Pictures publicity photos,TRUE
Brackett-Wilder-Harrison still.jpg,https://commons.wikimedia.org/wiki/File:Brackett-Wilder-Harrison_still.jpg,https://upload.wikimedia.org/wikipedia/commons/e/e3/Brackett-Wilder-Harrison_still.jpg,Category:Paramount Pictures publicity photos,TRUE
"A scene from ""Branding Broadway"" (SAYRE 13055).jpg",https://commons.wikimedia.org/wiki/File:A_scene_from_%22Branding_Broadway%22_(SAYRE_13055).jpg,https://upload.wikimedia.org/wikipedia/commons/0/08/A_scene_from_%22Branding_Broadway%22_%28SAYRE_13055%29.jpg,Category:Paramount Pictures publicity photos,FALSE
Branding Broadway (1918) - 2.jpg,https://commons.wikimedia.org/wiki/File:Branding_Broadway_(1918)_-_2.jpg,https://upload.wikimedia.org/wikipedia/commons/b/bd/Branding_Broadway_%281918%29_-_2.jpg,Category:Paramount Pictures publicity photos,TRUE
Branding Broadway (1918) 1.jpg,https://commons.wikimedia.org/wiki/File:Branding_Broadway_(1918)_1.jpg,https://upload.wikimedia.org/wikipedia/commons/9/98/Branding_Broadway_%281918%29_1.jpg,Category:Paramount Pictures publicity photos,TRUE
Briggs Film Crew - Oct 1919 FF.jpg,https://commons.wikimedia.org/wiki/File:Briggs_Film_Crew_-_Oct_1919_FF.jpg,https://upload.wikimedia.org/wikipedia/commons/c/ca/Briggs_Film_Crew_-_Oct_1919_FF.jpg,Category:Paramount Pictures publicity photos,TRUE
Veronica Lake by A. L. Whitey Schafer.jpg,https://commons.wikimedia.org/wiki/File:Veronica_Lake_by_A._L._Whitey_Schafer.jpg,https://upload.wikimedia.org/wikipedia/commons/0/00/Veronica_Lake_by_A._L._Whitey_Schafer.jpg,Category:Paramount Pictures publicity photos,TRUE
Burt Lancaster - publicity 1947 (cropped).JPG,https://commons.wikimedia.org/wiki/File:Burt_Lancaster_-_publicity_1947_(cropped).JPG,https://upload.wikimedia.org/wikipedia/commons/8/8a/Burt_Lancaster_-_publicity_1947_%28cropped%29.JPG,Category:Paramount Pictures publicity photos,TRUE
Burt Lancaster - publicity 1947.JPG,https://commons.wikimedia.org/wiki/File:Burt_Lancaster_-_publicity_1947.JPG,https://upload.wikimedia.org/wikipedia/commons/f/f2/Burt_Lancaster_-_publicity_1947.JPG,Category:Paramount Pictures publicity photos,FALSE
"Burt Lancaster and Shirley Booth in Come Back, Little Sheba (cropped).jpg","https://commons.wikimedia.org/wiki/File:Burt_Lancaster_and_Shirley_Booth_in_Come_Back,_Little_Sheba_(cropped).jpg",https://upload.wikimedia.org/wikipedia/commons/8/8e/Burt_Lancaster_and_Shirley_Booth_in_Come_Back%2C_Little_Sheba_%28cropped%29.jpg,Category:Paramount Pictures publicity photos,TRUE
"Burt Lancaster and Shirley Booth in Come Back, Little Sheba.jpg","https://commons.wikimedia.org/wiki/File:Burt_Lancaster_and_Shirley_Booth_in_Come_Back,_Little_Sheba.jpg",https://upload.wikimedia.org/wikipedia/commons/0/04/Burt_Lancaster_and_Shirley_Booth_in_Come_Back%2C_Little_Sheba.jpg,Category:Paramount Pictures publicity photos,FALSE
The Call of the Cumberlands (1916) - 1.jpg,https://commons.wikimedia.org/wiki/File:The_Call_of_the_Cumberlands_(1916)_-_1.jpg,https://upload.wikimedia.org/wikipedia/commons/c/c5/The_Call_of_the_Cumberlands_%281916%29_-_1.jpg,Category:Paramount Pictures publicity photos,LOWRES
The Call of the Cumberlands (1916) - 2.jpg,https://commons.wikimedia.org/wiki/File:The_Call_of_the_Cumberlands_(1916)_-_2.jpg,https://upload.wikimedia.org/wikipedia/commons/d/da/The_Call_of_the_Cumberlands_%281916%29_-_2.jpg,Category:Paramount Pictures publicity photos,TRUE
The Call of the Cumberlands (1916) - 3.jpg,https://commons.wikimedia.org/wiki/File:The_Call_of_the_Cumberlands_(1916)_-_3.jpg,https://upload.wikimedia.org/wikipedia/commons/7/7e/The_Call_of_the_Cumberlands_%281916%29_-_3.jpg,Category:Paramount Pictures publicity photos,TRUE
The Call of the Cumberlands (1916) - 4.jpg,https://commons.wikimedia.org/wiki/File:The_Call_of_the_Cumberlands_(1916)_-_4.jpg,https://upload.wikimedia.org/wikipedia/commons/c/ca/The_Call_of_the_Cumberlands_%281916%29_-_4.jpg,Category:Paramount Pictures publicity photos,TRUE
The Call of the Cumberlands (1916) - 5.jpg,https://commons.wikimedia.org/wiki/File:The_Call_of_the_Cumberlands_(1916)_-_5.jpg,https://upload.wikimedia.org/wikipedia/commons/c/c3/The_Call_of_the_Cumberlands_%281916%29_-_5.jpg,Category:Paramount Pictures publicity photos,LOWRES
The Call of the Cumberlands (1916) - 6.jpg,https://commons.wikimedia.org/wiki/File:The_Call_of_the_Cumberlands_(1916)_-_6.jpg,https://upload.wikimedia.org/wikipedia/commons/c/c9/The_Call_of_the_Cumberlands_%281916%29_-_6.jpg,Category:Paramount Pictures publicity photos,TRUE
The Call of the Cumberlands (1916) - 7.jpg,https://commons.wikimedia.org/wiki/File:The_Call_of_the_Cumberlands_(1916)_-_7.jpg,https://upload.wikimedia.org/wikipedia/commons/5/5d/The_Call_of_the_Cumberlands_%281916%29_-_7.jpg,Category:Paramount Pictures publicity photos,TRUE
The Call of the Cumberlands (1916) - 8.jpg,https://commons.wikimedia.org/wiki/File:The_Call_of_the_Cumberlands_(1916)_-_8.jpg,https://upload.wikimedia.org/wikipedia/commons/8/82/The_Call_of_the_Cumberlands_%281916%29_-_8.jpg,Category:Paramount Pictures publicity photos,TRUE
The Canary Murder Case (1929) 1.jpg,https://commons.wikimedia.org/wiki/File:The_Canary_Murder_Case_(1929)_1.jpg,https://upload.wikimedia.org/wikipedia/commons/e/e0/The_Canary_Murder_Case_%281929%29_1.jpg,Category:Paramount Pictures publicity photos,TRUE
"Scene from Carmen, She let herself be disarmed.jpg","https://commons.wikimedia.org/wiki/File:Scene_from_Carmen,_She_let_herself_be_disarmed.jpg",https://upload.wikimedia.org/wikipedia/commons/6/6a/Scene_from_Carmen%2C_She_let_herself_be_disarmed.jpg,Category:Paramount Pictures publicity photos,TRUE
"Scene from Carmen, Warningly, he drew his knife.jpg","https://commons.wikimedia.org/wiki/File:Scene_from_Carmen,_Warningly,_he_drew_his_knife.jpg",https://upload.wikimedia.org/wikipedia/commons/5/58/Scene_from_Carmen%2C_Warningly%2C_he_drew_his_knife.jpg,Category:Paramount Pictures publicity photos,TRUE
Scene from Carmen.jpg,https://commons.wikimedia.org/wiki/File:Scene_from_Carmen.jpg,https://upload.wikimedia.org/wikipedia/commons/b/b6/Scene_from_Carmen.jpg,Category:Paramount Pictures publicity photos,2026-09-24
Wallace Reid and Geraldine Farrar.jpg,https://commons.wikimedia.org/wiki/File:Wallace_Reid_and_Geraldine_Farrar.jpg,https://upload.wikimedia.org/wikipedia/commons/c/c4/Wallace_Reid_and_Geraldine_Farrar.jpg,Category:Paramount Pictures publicity photos,TRUE
Carmen (1915) - 1.jpg,https://commons.wikimedia.org/wiki/File:Carmen_(1915)_-_1.jpg,https://upload.wikimedia.org/wikipedia/commons/d/d7/Carmen_%281915%29_-_1.jpg,Category:Paramount Pictures publicity photos,TRUE
Carmen (1915) - 2.jpg,https://commons.wikimedia.org/wiki/File:Carmen_(1915)_-_2.jpg,https://upload.wikimedia.org/wikipedia/commons/5/5c/Carmen_%281915%29_-_2.jpg,Category:Paramount Pictures publicity photos,TRUE
"Carmen (1915, DeMille) 1.jpg","https://commons.wikimedia.org/wiki/File:Carmen_(1915,_DeMille)_1.jpg",https://upload.wikimedia.org/wikipedia/commons/3/38/Carmen_%281915%2C_DeMille%29_1.jpg,Category:Paramount Pictures publicity photos,TRUE
Experience (1921) - Sybil Carmen.jpg,https://commons.wikimedia.org/wiki/File:Experience_(1921)_-_Sybil_Carmen.jpg,https://upload.wikimedia.org/wikipedia/commons/d/d2/Experience_%281921%29_-_Sybil_Carmen.jpg,Category:Paramount Pictures publicity photos,TRUE
Carole Lombard - Paramount.JPG,https://commons.wikimedia.org/wiki/File:Carole_Lombard_-_Paramount.JPG,https://upload.wikimedia.org/wikipedia/commons/c/c5/Carole_Lombard_-_Paramount.JPG,Category:Paramount Pictures publicity photos,2026-09-02
Carole Lombard in Rumba 1935.jpg,https://commons.wikimedia.org/wiki/File:Carole_Lombard_in_Rumba_1935.jpg,https://upload.wikimedia.org/wikipedia/commons/6/63/Carole_Lombard_in_Rumba_1935.jpg,Category:Paramount Pictures publicity photos,LOWRES
Carole Lombard publicity.jpg,https://commons.wikimedia.org/wiki/File:Carole_Lombard_publicity.jpg,https://upload.wikimedia.org/wikipedia/commons/7/72/Carole_Lombard_publicity.jpg,Category:Paramount Pictures publicity photos,2026-09-02
Cecil-b-demille paramount-pictures.jpg,https://commons.wikimedia.org/wiki/File:Cecil-b-demille_paramount-pictures.jpg,https://upload.wikimedia.org/wikipedia/commons/d/de/Cecil-b-demille_paramount-pictures.jpg,Category:Paramount Pictures publicity photos,TRUE
Veloz and Yolanda in Champagne Waltz 1937.jpg,https://commons.wikimedia.org/wiki/File:Veloz_and_Yolanda_in_Champagne_Waltz_1937.jpg,https://upload.wikimedia.org/wikipedia/commons/c/c9/Veloz_and_Yolanda_in_Champagne_Waltz_1937.jpg,Category:Paramount Pictures publicity photos,LOWRES
Chang A Drama of the Wilderness (1927) - 1.jpg,https://commons.wikimedia.org/wiki/File:Chang_A_Drama_of_the_Wilderness_(1927)_-_1.jpg,https://upload.wikimedia.org/wikipedia/commons/c/ce/Chang_A_Drama_of_the_Wilderness_%281927%29_-_1.jpg,Category:Paramount Pictures publicity photos,LOWRES
"Charles Clary in ""Joan the Woman"".jpg",https://commons.wikimedia.org/wiki/File:Charles_Clary_in_%22Joan_the_Woman%22.jpg,https://upload.wikimedia.org/wikipedia/commons/e/e2/Charles_Clary_in_%22Joan_the_Woman%22.jpg,Category:Paramount Pictures publicity photos,FALSE
Charming Sinners (SAYRE 14166).jpg,https://commons.wikimedia.org/wiki/File:Charming_Sinners_(SAYRE_14166).jpg,https://upload.wikimedia.org/wikipedia/commons/e/e9/Charming_Sinners_%28SAYRE_14166%29.jpg,Category:Paramount Pictures publicity photos,TRUE
Charming Sinners (SAYRE 14450).jpg,https://commons.wikimedia.org/wiki/File:Charming_Sinners_(SAYRE_14450).jpg,https://upload.wikimedia.org/wikipedia/commons/0/0c/Charming_Sinners_%28SAYRE_14450%29.jpg,Category:Paramount Pictures publicity photos,FALSE
Chimmie Fadden - newspaper scene - 1915.jpg,https://commons.wikimedia.org/wiki/File:Chimmie_Fadden_-_newspaper_scene_-_1915.jpg,https://upload.wikimedia.org/wikipedia/commons/9/9d/Chimmie_Fadden_-_newspaper_scene_-_1915.jpg,Category:Paramount Pictures publicity photos,TRUE
Cinderella - A History of the Movies.jpg,https://commons.wikimedia.org/wiki/File:Cinderella_-_A_History_of_the_Movies.jpg,https://upload.wikimedia.org/wikipedia/commons/9/92/Cinderella_-_A_History_of_the_Movies.jpg,Category:Paramount Pictures publicity photos,TRUE
Sylvia Sidney Paul Lukas City Streets.jpg,https://commons.wikimedia.org/wiki/File:Sylvia_Sidney_Paul_Lukas_City_Streets.jpg,https://upload.wikimedia.org/wikipedia/commons/0/07/Sylvia_Sidney_Paul_Lukas_City_Streets.jpg,Category:Paramount Pictures publicity photos,LOWRES
"Clara Bow by Otto Dyar, 1920s.jpg","https://commons.wikimedia.org/wiki/File:Clara_Bow_by_Otto_Dyar,_1920s.jpg",https://upload.wikimedia.org/wikipedia/commons/2/29/Clara_Bow_by_Otto_Dyar%2C_1920s.jpg,Category:Paramount Pictures publicity photos,TRUE
"Clara Bow by Otto Dyar, 1933.jpg","https://commons.wikimedia.org/wiki/File:Clara_Bow_by_Otto_Dyar,_1933.jpg",https://upload.wikimedia.org/wikipedia/commons/f/f0/Clara_Bow_by_Otto_Dyar%2C_1933.jpg,Category:Paramount Pictures publicity photos,TRUE
Clara Williams (The Italian).jpg,https://commons.wikimedia.org/wiki/File:Clara_Williams_(The_Italian).jpg,https://upload.wikimedia.org/wikipedia/commons/e/e6/Clara_Williams_%28The_Italian%29.jpg,Category:Paramount Pictures publicity photos,TRUE
Claudette colbert (cropped).jpg,https://commons.wikimedia.org/wiki/File:Claudette_colbert_(cropped).jpg,https://upload.wikimedia.org/wikipedia/commons/6/6f/Claudette_colbert_%28cropped%29.jpg,Category:Paramount Pictures publicity photos,LOWRES
Claudette colbert.jpg,https://commons.wikimedia.org/wiki/File:Claudette_colbert.jpg,https://upload.wikimedia.org/wikipedia/commons/4/46/Claudette_colbert.jpg,Category:Paramount Pictures publicity photos,TRUE
The Clown 1916.jpg,https://commons.wikimedia.org/wiki/File:The_Clown_1916.jpg,https://upload.wikimedia.org/wikipedia/commons/f/f7/The_Clown_1916.jpg,Category:Paramount Pictures publicity photos,TRUE
Cobra (1925) - 2.jpg,https://commons.wikimedia.org/wiki/File:Cobra_(1925)_-_2.jpg,https://upload.wikimedia.org/wikipedia/commons/7/7b/Cobra_%281925%29_-_2.jpg,Category:Paramount Pictures publicity photos,TRUE
Cobra (1925) - 4.jpg,https://commons.wikimedia.org/wiki/File:Cobra_(1925)_-_4.jpg,https://upload.wikimedia.org/wikipedia/commons/3/34/Cobra_%281925%29_-_4.jpg,Category:Paramount Pictures publicity photos,TRUE
Cobra (1925) - 5.jpg,https://commons.wikimedia.org/wiki/File:Cobra_(1925)_-_5.jpg,https://upload.wikimedia.org/wikipedia/commons/1/1f/Cobra_%281925%29_-_5.jpg,Category:Paramount Pictures publicity photos,TRUE
Cobra (1925) - 6.jpg,https://commons.wikimedia.org/wiki/File:Cobra_(1925)_-_6.jpg,https://upload.wikimedia.org/wikipedia/commons/6/68/Cobra_%281925%29_-_6.jpg,Category:Paramount Pictures publicity photos,TRUE
Cobra (1925) - 7.jpg,https://commons.wikimedia.org/wiki/File:Cobra_(1925)_-_7.jpg,https://upload.wikimedia.org/wikipedia/commons/e/e2/Cobra_%281925%29_-_7.jpg,Category:Paramount Pictures publicity photos,TRUE
Cobra (SAYRE 14003).jpg,https://commons.wikimedia.org/wiki/File:Cobra_(SAYRE_14003).jpg,https://upload.wikimedia.org/wikipedia/commons/1/1b/Cobra_%28SAYRE_14003%29.jpg,Category:Paramount Pictures publicity photos,FALSE
Cobra film.jpg,https://commons.wikimedia.org/wiki/File:Cobra_film.jpg,https://upload.wikimedia.org/wikipedia/commons/6/6a/Cobra_film.jpg,Category:Paramount Pictures publicity photos,TRUE
Colonel Heeza Liar and the Bandits.jpg,https://commons.wikimedia.org/wiki/File:Colonel_Heeza_Liar_and_the_Bandits.jpg,https://upload.wikimedia.org/wikipedia/commons/6/6c/Colonel_Heeza_Liar_and_the_Bandits.jpg,Category:Paramount Pictures publicity photos,TRUE
"A scene from ""Come Out of the Kitchen"" (SAYRE 13000).jpg",https://commons.wikimedia.org/wiki/File:A_scene_from_%22Come_Out_of_the_Kitchen%22_(SAYRE_13000).jpg,https://upload.wikimedia.org/wikipedia/commons/c/c5/A_scene_from_%22Come_Out_of_the_Kitchen%22_%28SAYRE_13000%29.jpg,Category:Paramount Pictures publicity photos,TRUE
Coney Island - A History of the Movies.jpg,https://commons.wikimedia.org/wiki/File:Coney_Island_-_A_History_of_the_Movies.jpg,https://upload.wikimedia.org/wikipedia/commons/a/a9/Coney_Island_-_A_History_of_the_Movies.jpg,Category:Paramount Pictures publicity photos,TRUE
Coney Island - A Pictorial History of the Silent Screen.jpg,https://commons.wikimedia.org/wiki/File:Coney_Island_-_A_Pictorial_History_of_the_Silent_Screen.jpg,https://upload.wikimedia.org/wikipedia/commons/d/db/Coney_Island_-_A_Pictorial_History_of_the_Silent_Screen.jpg,Category:Paramount Pictures publicity photos,TRUE
Count of Monte Cristo 1913.jpg,https://commons.wikimedia.org/wiki/File:Count_of_Monte_Cristo_1913.jpg,https://upload.wikimedia.org/wikipedia/commons/6/64/Count_of_Monte_Cristo_1913.jpg,Category:Paramount Pictures publicity photos,2026-09-12
The County Chairman - scene - 1914.jpg,https://commons.wikimedia.org/wiki/File:The_County_Chairman_-_scene_-_1914.jpg,https://upload.wikimedia.org/wikipedia/commons/5/52/The_County_Chairman_-_scene_-_1914.jpg,Category:Paramount Pictures publicity photos,2026-09-24
The Covered Wagon (1923) - 2.jpg,https://commons.wikimedia.org/wiki/File:The_Covered_Wagon_(1923)_-_2.jpg,https://upload.wikimedia.org/wikipedia/commons/3/3a/The_Covered_Wagon_%281923%29_-_2.jpg,Category:Paramount Pictures publicity photos,TRUE
The Covered Wagon (1923) - 3.jpg,https://commons.wikimedia.org/wiki/File:The_Covered_Wagon_(1923)_-_3.jpg,https://upload.wikimedia.org/wikipedia/commons/d/d7/The_Covered_Wagon_%281923%29_-_3.jpg,Category:Paramount Pictures publicity photos,LOWRES
The Covered Wagon (1923) - 4.jpg,https://commons.wikimedia.org/wiki/File:The_Covered_Wagon_(1923)_-_4.jpg,https://upload.wikimedia.org/wikipedia/commons/6/67/The_Covered_Wagon_%281923%29_-_4.jpg,Category:Paramount Pictures publicity photos,TRUE
The Covered Wagon (SAYRE 14007).jpg,https://commons.wikimedia.org/wiki/File:The_Covered_Wagon_(SAYRE_14007).jpg,https://upload.wikimedia.org/wikipedia/commons/9/94/The_Covered_Wagon_%28SAYRE_14007%29.jpg,Category:Paramount Pictures publicity photos,TRUE
The Covered Wagon (SAYRE 14227).jpg,https://commons.wikimedia.org/wiki/File:The_Covered_Wagon_(SAYRE_14227).jpg,https://upload.wikimedia.org/wikipedia/commons/3/30/The_Covered_Wagon_%28SAYRE_14227%29.jpg,Category:Paramount Pictures publicity photos,FALSE
The Covered Wagon (SAYRE 14283).jpg,https://commons.wikimedia.org/wiki/File:The_Covered_Wagon_(SAYRE_14283).jpg,https://upload.wikimedia.org/wikipedia/commons/d/d1/The_Covered_Wagon_%28SAYRE_14283%29.jpg,Category:Paramount Pictures publicity photos,TRUE
The Covered Wagon (SAYRE 14516).jpg,https://commons.wikimedia.org/wiki/File:The_Covered_Wagon_(SAYRE_14516).jpg,https://upload.wikimedia.org/wikipedia/commons/a/ad/The_Covered_Wagon_%28SAYRE_14516%29.jpg,Category:Paramount Pictures publicity photos,FALSE
The Covered Wagon (SAYRE 14653).jpg,https://commons.wikimedia.org/wiki/File:The_Covered_Wagon_(SAYRE_14653).jpg,https://upload.wikimedia.org/wikipedia/commons/c/cb/The_Covered_Wagon_%28SAYRE_14653%29.jpg,Category:Paramount Pictures publicity photos,TRUE
The Covered Wagon (SAYRE 14839).jpg,https://commons.wikimedia.org/wiki/File:The_Covered_Wagon_(SAYRE_14839).jpg,https://upload.wikimedia.org/wikipedia/commons/3/3c/The_Covered_Wagon_%28SAYRE_14839%29.jpg,Category:Paramount Pictures publicity photos,FALSE
"Wilfred Lucus, silent film actor (SAYRE 5599).jpg","https://commons.wikimedia.org/wiki/File:Wilfred_Lucus,_silent_film_actor_(SAYRE_5599).jpg",https://upload.wikimedia.org/wikipedia/commons/f/f7/Wilfred_Lucus%2C_silent_film_actor_%28SAYRE_5599%29.jpg,Category:Paramount Pictures publicity photos,2026-09-11
Crew filming scenes for The Alaskan.jpg,https://commons.wikimedia.org/wiki/File:Crew_filming_scenes_for_The_Alaskan.jpg,https://upload.wikimedia.org/wikipedia/commons/9/9b/Crew_filming_scenes_for_The_Alaskan.jpg,Category:Paramount Pictures publicity photos,2026-09-08
The Cruise of the Make-Believers (SAYRE 14560).jpg,https://commons.wikimedia.org/wiki/File:The_Cruise_of_the_Make-Believers_(SAYRE_14560).jpg,https://upload.wikimedia.org/wikipedia/commons/d/d8/The_Cruise_of_the_Make-Believers_%28SAYRE_14560%29.jpg,Category:Paramount Pictures publicity photos,TRUE
The Cruise of the Make-Believes (1918) - 1.jpg,https://commons.wikimedia.org/wiki/File:The_Cruise_of_the_Make-Believes_(1918)_-_1.jpg,https://upload.wikimedia.org/wikipedia/commons/a/a7/The_Cruise_of_the_Make-Believes_%281918%29_-_1.jpg,Category:Paramount Pictures publicity photos,TRUE
Dangerous Curves (SAYRE 14037).jpg,https://commons.wikimedia.org/wiki/File:Dangerous_Curves_(SAYRE_14037).jpg,https://upload.wikimedia.org/wikipedia/commons/f/fb/Dangerous_Curves_%28SAYRE_14037%29.jpg,Category:Paramount Pictures publicity photos,TRUE
Dangerous Hours (1919) - 1.jpg,https://commons.wikimedia.org/wiki/File:Dangerous_Hours_(1919)_-_1.jpg,https://upload.wikimedia.org/wikipedia/commons/d/da/Dangerous_Hours_%281919%29_-_1.jpg,Category:Paramount Pictures publicity photos,TRUE
Rock Hudson - Julie Andrews.JPG,https://commons.wikimedia.org/wiki/File:Rock_Hudson_-_Julie_Andrews.JPG,https://upload.wikimedia.org/wikipedia/commons/8/8f/Rock_Hudson_-_Julie_Andrews.JPG,Category:Paramount Pictures publicity photos,TRUE
David Garrick lobby card.jpg,https://commons.wikimedia.org/wiki/File:David_Garrick_lobby_card.jpg,https://upload.wikimedia.org/wikipedia/commons/0/0d/David_Garrick_lobby_card.jpg,Category:Paramount Pictures publicity photos,TRUE
Demille - c1920 (3x4 cropped).JPG,https://commons.wikimedia.org/wiki/File:Demille_-_c1920_(3x4_cropped).JPG,https://upload.wikimedia.org/wikipedia/commons/c/c9/Demille_-_c1920_%283x4_cropped%29.JPG,Category:Paramount Pictures publicity photos,TRUE
Demille - c1920 (cropped).JPG,https://commons.wikimedia.org/wiki/File:Demille_-_c1920_(cropped).JPG,https://upload.wikimedia.org/wikipedia/commons/a/a7/Demille_-_c1920_%28cropped%29.JPG,Category:Paramount Pictures publicity photos,TRUE
Demille - c1920.JPG,https://commons.wikimedia.org/wiki/File:Demille_-_c1920.JPG,https://upload.wikimedia.org/wikipedia/commons/c/c0/Demille_-_c1920.JPG,Category:Paramount Pictures publicity photos,FALSE
Design for Living film still.jpg,https://commons.wikimedia.org/wiki/File:Design_for_Living_film_still.jpg,https://upload.wikimedia.org/wikipedia/commons/5/54/Design_for_Living_film_still.jpg,Category:Paramount Pictures publicity photos,LOWRES
The Desperate Hours Movie Still.jpg,https://commons.wikimedia.org/wiki/File:The_Desperate_Hours_Movie_Still.jpg,https://upload.wikimedia.org/wikipedia/commons/7/7c/The_Desperate_Hours_Movie_Still.jpg,Category:Paramount Pictures publicity photos,LOWRES
Destiny's Toy still 2.jpg,https://commons.wikimedia.org/wiki/File:Destiny%27s_Toy_still_2.jpg,https://upload.wikimedia.org/wikipedia/commons/0/04/Destiny%27s_Toy_still_2.jpg,Category:Paramount Pictures publicity photos,LOWRES
Destiny's Toy still.jpg,https://commons.wikimedia.org/wiki/File:Destiny%27s_Toy_still.jpg,https://upload.wikimedia.org/wikipedia/commons/7/7a/Destiny%27s_Toy_still.jpg,Category:Paramount Pictures publicity photos,TRUE
The Dictator (1922) - Reid.jpg,https://commons.wikimedia.org/wiki/File:The_Dictator_(1922)_-_Reid.jpg,https://upload.wikimedia.org/wikipedia/commons/5/5c/The_Dictator_%281922%29_-_Reid.jpg,Category:Paramount Pictures publicity photos,TRUE
The Dictator (SAYRE 14671).jpg,https://commons.wikimedia.org/wiki/File:The_Dictator_(SAYRE_14671).jpg,https://upload.wikimedia.org/wikipedia/commons/d/d1/The_Dictator_%28SAYRE_14671%29.jpg,Category:Paramount Pictures publicity photos,TRUE
Dinah Shore - promo.jpg,https://commons.wikimedia.org/wiki/File:Dinah_Shore_-_promo.jpg,https://upload.wikimedia.org/wikipedia/commons/4/4a/Dinah_Shore_-_promo.jpg,Category:Paramount Pictures publicity photos,TRUE
John Wayne-Elizabeth Allen in Donovan's Reef.jpg,https://commons.wikimedia.org/wiki/File:John_Wayne-Elizabeth_Allen_in_Donovan%27s_Reef.jpg,https://upload.wikimedia.org/wikipedia/commons/8/8e/John_Wayne-Elizabeth_Allen_in_Donovan%27s_Reef.jpg,Category:Paramount Pictures publicity photos,LOWRES
"Door ossen en paarden getrokken huifkarren, waar de pioniers van het Wilde Westen door Amerika, SFA002009836.jpg","https://commons.wikimedia.org/wiki/File:Door_ossen_en_paarden_getrokken_huifkarren,_waar_de_pioniers_van_het_Wilde_Westen_door_Amerika,_SFA002009836.jpg",https://upload.wikimedia.org/wikipedia/commons/b/b3/Door_ossen_en_paarden_getrokken_huifkarren%2C_waar_de_pioniers_van_het_Wilde_Westen_door_Amerika%2C_SFA002009836.jpg,Category:Paramount Pictures publicity photos,TRUE
Dorothy-Lamour-still.JPG,https://commons.wikimedia.org/wiki/File:Dorothy-Lamour-still.JPG,https://upload.wikimedia.org/wikipedia/commons/6/6b/Dorothy-Lamour-still.JPG,Category:Paramount Pictures publicity photos,LOWRES
The Dream Girl.jpg,https://commons.wikimedia.org/wiki/File:The_Dream_Girl.jpg,https://upload.wikimedia.org/wikipedia/commons/3/36/The_Dream_Girl.jpg,Category:Paramount Pictures publicity photos,TRUE
Nancy Kwan - 1971.jpg,https://commons.wikimedia.org/wiki/File:Nancy_Kwan_-_1971.jpg,https://upload.wikimedia.org/wikipedia/commons/c/c9/Nancy_Kwan_-_1971.jpg,Category:Paramount Pictures publicity photos,TRUE
Duck Soup promotional still.jpg,https://commons.wikimedia.org/wiki/File:Duck_Soup_promotional_still.jpg,https://upload.wikimedia.org/wikipedia/commons/3/3d/Duck_Soup_promotional_still.jpg,Category:Paramount Pictures publicity photos,TRUE
EHSonsOKE.jpg,https://commons.wikimedia.org/wiki/File:EHSonsOKE.jpg,https://upload.wikimedia.org/wikipedia/commons/b/bf/EHSonsOKE.jpg,Category:Paramount Pictures publicity photos,TRUE
Elisha Cook Jr. 1942 publicity photo (cropped).jpg,https://commons.wikimedia.org/wiki/File:Elisha_Cook_Jr._1942_publicity_photo_(cropped).jpg,https://upload.wikimedia.org/wikipedia/commons/d/da/Elisha_Cook_Jr._1942_publicity_photo_%28cropped%29.jpg,Category:Paramount Pictures publicity photos,2026-09-09
Elisha Cook Jr. 1942 publicity photo.jpg,https://commons.wikimedia.org/wiki/File:Elisha_Cook_Jr._1942_publicity_photo.jpg,https://upload.wikimedia.org/wikipedia/commons/7/74/Elisha_Cook_Jr._1942_publicity_photo.jpg,Category:Paramount Pictures publicity photos,FALSE
The Evil Thereof 2.jpg,https://commons.wikimedia.org/wiki/File:The_Evil_Thereof_2.jpg,https://upload.wikimedia.org/wikipedia/commons/4/42/The_Evil_Thereof_2.jpg,Category:Paramount Pictures publicity photos,TRUE
The Evil Thereof still.jpg,https://commons.wikimedia.org/wiki/File:The_Evil_Thereof_still.jpg,https://upload.wikimedia.org/wikipedia/commons/f/ff/The_Evil_Thereof_still.jpg,Category:Paramount Pictures publicity photos,TRUE
Exit the Vamp still.jpg,https://commons.wikimedia.org/wiki/File:Exit_the_Vamp_still.jpg,https://upload.wikimedia.org/wikipedia/commons/5/5b/Exit_the_Vamp_still.jpg,Category:Paramount Pictures publicity photos,2026-09-18
Silent film actress Sybil Carmen (SAYRE 18775).jpg,https://commons.wikimedia.org/wiki/File:Silent_film_actress_Sybil_Carmen_(SAYRE_18775).jpg,https://upload.wikimedia.org/wikipedia/commons/4/45/Silent_film_actress_Sybil_Carmen_%28SAYRE_18775%29.jpg,Category:Paramount Pictures publicity photos,TRUE
James Mason - still.JPG,https://commons.wikimedia.org/wiki/File:James_Mason_-_still.JPG,https://upload.wikimedia.org/wikipedia/commons/d/d4/James_Mason_-_still.JPG,Category:Paramount Pictures publicity photos,TRUE
The False Road (1920) - 1.jpg,https://commons.wikimedia.org/wiki/File:The_False_Road_(1920)_-_1.jpg,https://upload.wikimedia.org/wikipedia/commons/4/40/The_False_Road_%281920%29_-_1.jpg,Category:Paramount Pictures publicity photos,TRUE
The False Road (1920) - 3.jpg,https://commons.wikimedia.org/wiki/File:The_False_Road_(1920)_-_3.jpg,https://upload.wikimedia.org/wikipedia/commons/3/39/The_False_Road_%281920%29_-_3.jpg,Category:Paramount Pictures publicity photos,TRUE
A Farewell to Arms (1932 film) 4.jpg,https://commons.wikimedia.org/wiki/File:A_Farewell_to_Arms_(1932_film)_4.jpg,https://upload.wikimedia.org/wikipedia/commons/5/56/A_Farewell_to_Arms_%281932_film%29_4.jpg,Category:Paramount Pictures publicity photos,TRUE
Farmer Al Falfa and his Tentless Circus.jpg,https://commons.wikimedia.org/wiki/File:Farmer_Al_Falfa_and_his_Tentless_Circus.jpg,https://upload.wikimedia.org/wikipedia/commons/7/7d/Farmer_Al_Falfa_and_his_Tentless_Circus.jpg,Category:Paramount Pictures publicity photos,TRUE
Esther Ralston Fashions for Women 1927.jpg,https://commons.wikimedia.org/wiki/File:Esther_Ralston_Fashions_for_Women_1927.jpg,https://upload.wikimedia.org/wikipedia/commons/7/7d/Esther_Ralston_Fashions_for_Women_1927.jpg,Category:Paramount Pictures publicity photos,TRUE
Fashions in Love (SAYRE 14403).jpg,https://commons.wikimedia.org/wiki/File:Fashions_in_Love_(SAYRE_14403).jpg,https://upload.wikimedia.org/wikipedia/commons/d/da/Fashions_in_Love_%28SAYRE_14403%29.jpg,Category:Paramount Pictures publicity photos,TRUE
Fatty at Coney Island.jpg,https://commons.wikimedia.org/wiki/File:Fatty_at_Coney_Island.jpg,https://upload.wikimedia.org/wikipedia/commons/a/ac/Fatty_at_Coney_Island.jpg,Category:Paramount Pictures publicity photos,TRUE
The Fighting Hope - newspaperscene - 1915.jpg,https://commons.wikimedia.org/wiki/File:The_Fighting_Hope_-_newspaperscene_-_1915.jpg,https://upload.wikimedia.org/wikipedia/commons/c/c4/The_Fighting_Hope_-_newspaperscene_-_1915.jpg,Category:Paramount Pictures publicity photos,TRUE
Film actor Warner Baxter (SAYRE 3502).jpg,https://commons.wikimedia.org/wiki/File:Film_actor_Warner_Baxter_(SAYRE_3502).jpg,https://upload.wikimedia.org/wikipedia/commons/e/e7/Film_actor_Warner_Baxter_%28SAYRE_3502%29.jpg,Category:Paramount Pictures publicity photos,2026-09-24
FilmplayJuly1922 Rudolph Valentino in Blood and Sand.jpg,https://commons.wikimedia.org/wiki/File:FilmplayJuly1922_Rudolph_Valentino_in_Blood_and_Sand.jpg,https://upload.wikimedia.org/wikipedia/commons/6/6b/FilmplayJuly1922_Rudolph_Valentino_in_Blood_and_Sand.jpg,Category:Paramount Pictures publicity photos,2026-09-18
"Alma Rubens, silent film actress (SAYRE 8648).jpg","https://commons.wikimedia.org/wiki/File:Alma_Rubens,_silent_film_actress_(SAYRE_8648).jpg",https://upload.wikimedia.org/wikipedia/commons/a/ae/Alma_Rubens%2C_silent_film_actress_%28SAYRE_8648%29.jpg,Category:Paramount Pictures publicity photos,TRUE
Find the Woman (SAYRE 13964).jpg,https://commons.wikimedia.org/wiki/File:Find_the_Woman_(SAYRE_13964).jpg,https://upload.wikimedia.org/wikipedia/commons/5/5c/Find_the_Woman_%28SAYRE_13964%29.jpg,Category:Paramount Pictures publicity photos,TRUE
Find the Woman (SAYRE 14630).jpg,https://commons.wikimedia.org/wiki/File:Find_the_Woman_(SAYRE_14630).jpg,https://upload.wikimedia.org/wikipedia/commons/5/57/Find_the_Woman_%28SAYRE_14630%29.jpg,Category:Paramount Pictures publicity photos,TRUE
"A scene from ""Flying Pat"" (SAYRE 14484).jpg",https://commons.wikimedia.org/wiki/File:A_scene_from_%22Flying_Pat%22_(SAYRE_14484).jpg,https://upload.wikimedia.org/wikipedia/commons/4/4f/A_scene_from_%22Flying_Pat%22_%28SAYRE_14484%29.jpg,Category:Paramount Pictures publicity photos,TRUE
Flying Pat (1920) - 2.jpg,https://commons.wikimedia.org/wiki/File:Flying_Pat_(1920)_-_2.jpg,https://upload.wikimedia.org/wikipedia/commons/9/94/Flying_Pat_%281920%29_-_2.jpg,Category:Paramount Pictures publicity photos,TRUE
Flying Pat (1920) - 4.jpg,https://commons.wikimedia.org/wiki/File:Flying_Pat_(1920)_-_4.jpg,https://upload.wikimedia.org/wikipedia/commons/b/bd/Flying_Pat_%281920%29_-_4.jpg,Category:Paramount Pictures publicity photos,LOWRES
Flying Pat (1920) - 5.jpg,https://commons.wikimedia.org/wiki/File:Flying_Pat_(1920)_-_5.jpg,https://upload.wikimedia.org/wikipedia/commons/0/0c/Flying_Pat_%281920%29_-_5.jpg,Category:Paramount Pictures publicity photos,TRUE
Flying Pat (1920) - 6.jpg,https://commons.wikimedia.org/wiki/File:Flying_Pat_(1920)_-_6.jpg,https://upload.wikimedia.org/wikipedia/commons/3/30/Flying_Pat_%281920%29_-_6.jpg,Category:Paramount Pictures publicity photos,TRUE
"For better, for worse - Gloria Swanson.jpg","https://commons.wikimedia.org/wiki/File:For_better,_for_worse_-_Gloria_Swanson.jpg",https://upload.wikimedia.org/wikipedia/commons/9/99/For_better%2C_for_worse_-_Gloria_Swanson.jpg,Category:Paramount Pictures publicity photos,2026-09-07
Fred MacMurray - publicity.JPG,https://commons.wikimedia.org/wiki/File:Fred_MacMurray_-_publicity.JPG,https://upload.wikimedia.org/wikipedia/commons/0/0f/Fred_MacMurray_-_publicity.JPG,Category:Paramount Pictures publicity photos,TRUE
Fred MacMurray and Irene Dunne in 1939.jpg,https://commons.wikimedia.org/wiki/File:Fred_MacMurray_and_Irene_Dunne_in_1939.jpg,https://upload.wikimedia.org/wikipedia/commons/3/39/Fred_MacMurray_and_Irene_Dunne_in_1939.jpg,Category:Paramount Pictures publicity photos,TRUE
"Shirley Booth in Come Back, Little Sheba (cropped).jpg","https://commons.wikimedia.org/wiki/File:Shirley_Booth_in_Come_Back,_Little_Sheba_(cropped).jpg",https://upload.wikimedia.org/wikipedia/commons/8/82/Shirley_Booth_in_Come_Back%2C_Little_Sheba_%28cropped%29.jpg,Category:Paramount Pictures publicity photos,TRUE
"Shirley Booth in Come Back, Little Sheba.jpg","https://commons.wikimedia.org/wiki/File:Shirley_Booth_in_Come_Back,_Little_Sheba.jpg",https://upload.wikimedia.org/wikipedia/commons/2/2d/Shirley_Booth_in_Come_Back%2C_Little_Sheba.jpg,Category:Paramount Pictures publicity photos,TRUE
Friday the 13th (1979 Variety advertisement).jpg,https://commons.wikimedia.org/wiki/File:Friday_the_13th_(1979_Variety_advertisement).jpg,https://upload.wikimedia.org/wikipedia/commons/8/86/Friday_the_13th_%281979_Variety_advertisement%29.jpg,Category:Paramount Pictures publicity photos,LOWRES
"A scene from ""The Frisky Mrs Johnson,"" with Billie Burke (SAYRE 14328).jpg","https://commons.wikimedia.org/wiki/File:A_scene_from_%22The_Frisky_Mrs_Johnson,%22_with_Billie_Burke_(SAYRE_14328).jpg",https://upload.wikimedia.org/wikipedia/commons/b/b1/A_scene_from_%22The_Frisky_Mrs_Johnson%2C%22_with_Billie_Burke_%28SAYRE_14328%29.jpg,Category:Paramount Pictures publicity photos,TRUE
The Frisky Mrs. Johnson (1920) - 2.jpg,https://commons.wikimedia.org/wiki/File:The_Frisky_Mrs._Johnson_(1920)_-_2.jpg,https://upload.wikimedia.org/wikipedia/commons/6/69/The_Frisky_Mrs._Johnson_%281920%29_-_2.jpg,Category:Paramount Pictures publicity photos,TRUE
The Frisky Mrs. Johnson (1920) 1.jpg,https://commons.wikimedia.org/wiki/File:The_Frisky_Mrs._Johnson_(1920)_1.jpg,https://upload.wikimedia.org/wikipedia/commons/e/ec/The_Frisky_Mrs._Johnson_%281920%29_1.jpg,Category:Paramount Pictures publicity photos,FALSE
Gail-Patrick-Dress-Pattern-Model-1935.jpg,https://commons.wikimedia.org/wiki/File:Gail-Patrick-Dress-Pattern-Model-1935.jpg,https://upload.wikimedia.org/wikipedia/commons/9/9f/Gail-Patrick-Dress-Pattern-Model-1935.jpg,Category:Paramount Pictures publicity photos,TRUE
Victor Milner-Madeleine Carroll in The General Died at Dawn.jpg,https://commons.wikimedia.org/wiki/File:Victor_Milner-Madeleine_Carroll_in_The_General_Died_at_Dawn.jpg,https://upload.wikimedia.org/wikipedia/commons/a/a6/Victor_Milner-Madeleine_Carroll_in_The_General_Died_at_Dawn.jpg,Category:Paramount Pictures publicity photos,TRUE
George Raft Midnight Club 1933 Still.jpg,https://commons.wikimedia.org/wiki/File:George_Raft_Midnight_Club_1933_Still.jpg,https://upload.wikimedia.org/wikipedia/commons/6/67/George_Raft_Midnight_Club_1933_Still.jpg,Category:Paramount Pictures publicity photos,LOWRES
"George Regas, film actor (SAYRE 8101).jpg","https://commons.wikimedia.org/wiki/File:George_Regas,_film_actor_(SAYRE_8101).jpg",https://upload.wikimedia.org/wikipedia/commons/0/05/George_Regas%2C_film_actor_%28SAYRE_8101%29.jpg,Category:Paramount Pictures publicity photos,TRUE
Geraldine Farrar and Pedro de Cordoba.jpg,https://commons.wikimedia.org/wiki/File:Geraldine_Farrar_and_Pedro_de_Cordoba.jpg,https://upload.wikimedia.org/wikipedia/commons/6/64/Geraldine_Farrar_and_Pedro_de_Cordoba.jpg,Category:Paramount Pictures publicity photos,TRUE
"Geraldine Farrar as ""Carmen"" for ""Movies"" LCCN2014699473.jpg",https://commons.wikimedia.org/wiki/File:Geraldine_Farrar_as_%22Carmen%22_for_%22Movies%22_LCCN2014699473.jpg,https://upload.wikimedia.org/wikipedia/commons/6/6d/Geraldine_Farrar_as_%22Carmen%22_for_%22Movies%22_LCCN2014699473.jpg,Category:Paramount Pictures publicity photos,FALSE
Geraldine Farrar12.jpg,https://commons.wikimedia.org/wiki/File:Geraldine_Farrar12.jpg,https://upload.wikimedia.org/wikipedia/commons/4/41/Geraldine_Farrar12.jpg,Category:Paramount Pictures publicity photos,TRUE
Geraldine Farrar3.jpg,https://commons.wikimedia.org/wiki/File:Geraldine_Farrar3.jpg,https://upload.wikimedia.org/wikipedia/commons/3/35/Geraldine_Farrar3.jpg,Category:Paramount Pictures publicity photos,TRUE
"Charles Rogers and Clara Bow in ""Get Your Man"".jpg",https://commons.wikimedia.org/wiki/File:Charles_Rogers_and_Clara_Bow_in_%22Get_Your_Man%22.jpg,https://upload.wikimedia.org/wikipedia/commons/e/e7/Charles_Rogers_and_Clara_Bow_in_%22Get_Your_Man%22.jpg,Category:Paramount Pictures publicity photos,LOWRES
"Gilda Gray, publicity photo c. 1922.jpg","https://commons.wikimedia.org/wiki/File:Gilda_Gray,_publicity_photo_c._1922.jpg",https://upload.wikimedia.org/wikipedia/commons/3/37/Gilda_Gray%2C_publicity_photo_c._1922.jpg,Category:Paramount Pictures publicity photos,LOWRES
A Girl of Yesterday 1915.jpg,https://commons.wikimedia.org/wiki/File:A_Girl_of_Yesterday_1915.jpg,https://upload.wikimedia.org/wikipedia/commons/e/ee/A_Girl_of_Yesterday_1915.jpg,Category:Paramount Pictures publicity photos,TRUE
Glenda Farrell Stolen Heaven 1938.jpg,https://commons.wikimedia.org/wiki/File:Glenda_Farrell_Stolen_Heaven_1938.jpg,https://upload.wikimedia.org/wikipedia/commons/f/fe/Glenda_Farrell_Stolen_Heaven_1938.jpg,Category:Paramount Pictures publicity photos,FALSE
Gloria Stuart and James Dunn in The Girl in 419 (back).jpg,https://commons.wikimedia.org/wiki/File:Gloria_Stuart_and_James_Dunn_in_The_Girl_in_419_(back).jpg,https://upload.wikimedia.org/wikipedia/commons/c/c7/Gloria_Stuart_and_James_Dunn_in_The_Girl_in_419_%28back%29.jpg,Category:Paramount Pictures publicity photos,LOWRES
Gloria Stuart and James Dunn in The Girl in 419 (front) (cropped).jpg,https://commons.wikimedia.org/wiki/File:Gloria_Stuart_and_James_Dunn_in_The_Girl_in_419_(front)_(cropped).jpg,https://upload.wikimedia.org/wikipedia/commons/b/bf/Gloria_Stuart_and_James_Dunn_in_The_Girl_in_419_%28front%29_%28cropped%29.jpg,Category:Paramount Pictures publicity photos,TRUE
Gloria Stuart and James Dunn in The Girl in 419 (front).jpg,https://commons.wikimedia.org/wiki/File:Gloria_Stuart_and_James_Dunn_in_The_Girl_in_419_(front).jpg,https://upload.wikimedia.org/wikipedia/commons/8/8f/Gloria_Stuart_and_James_Dunn_in_The_Girl_in_419_%28front%29.jpg,Category:Paramount Pictures publicity photos,TRUE
The Goat (1918) - 1.jpg,https://commons.wikimedia.org/wiki/File:The_Goat_(1918)_-_1.jpg,https://upload.wikimedia.org/wikipedia/commons/b/bc/The_Goat_%281918%29_-_1.jpg,Category:Paramount Pictures publicity photos,LOWRES
The Governor's Lady 1915 scene - newspaper.jpg,https://commons.wikimedia.org/wiki/File:The_Governor%27s_Lady_1915_scene_-_newspaper.jpg,https://upload.wikimedia.org/wikipedia/commons/6/60/The_Governor%27s_Lady_1915_scene_-_newspaper.jpg,Category:Paramount Pictures publicity photos,TRUE
"Grace Kelly by Bud Fraker, 1954.jpg","https://commons.wikimedia.org/wiki/File:Grace_Kelly_by_Bud_Fraker,_1954.jpg",https://upload.wikimedia.org/wikipedia/commons/0/05/Grace_Kelly_by_Bud_Fraker%2C_1954.jpg,Category:Paramount Pictures publicity photos,2026-09-23
Grace Kelly Promotional Photograph Rear Window.jpg,https://commons.wikimedia.org/wiki/File:Grace_Kelly_Promotional_Photograph_Rear_Window.jpg,https://upload.wikimedia.org/wikipedia/commons/a/af/Grace_Kelly_Promotional_Photograph_Rear_Window.jpg,Category:Paramount Pictures publicity photos,TRUE
Grant Sidney Madame Butterfly Still 1932.jpg,https://commons.wikimedia.org/wiki/File:Grant_Sidney_Madame_Butterfly_Still_1932.jpg,https://upload.wikimedia.org/wikipedia/commons/f/f9/Grant_Sidney_Madame_Butterfly_Still_1932.jpg,Category:Paramount Pictures publicity photos,TRUE
Grant West I'm No Angel Still 1933.jpg,https://commons.wikimedia.org/wiki/File:Grant_West_I%27m_No_Angel_Still_1933.jpg,https://upload.wikimedia.org/wikipedia/commons/e/e5/Grant_West_I%27m_No_Angel_Still_1933.jpg,Category:Paramount Pictures publicity photos,TRUE
Neil Hamilton as Nick Carraway in The Great Gatsby (1926).jpg,https://commons.wikimedia.org/wiki/File:Neil_Hamilton_as_Nick_Carraway_in_The_Great_Gatsby_(1926).jpg,https://upload.wikimedia.org/wikipedia/commons/6/61/Neil_Hamilton_as_Nick_Carraway_in_The_Great_Gatsby_%281926%29.jpg,Category:Paramount Pictures publicity photos,FALSE
Lois Wilson as Daisy Buchanan in The Great Gatsby (1926) Retouched.jpg,https://commons.wikimedia.org/wiki/File:Lois_Wilson_as_Daisy_Buchanan_in_The_Great_Gatsby_(1926)_Retouched.jpg,https://upload.wikimedia.org/wikipedia/commons/f/fe/Lois_Wilson_as_Daisy_Buchanan_in_The_Great_Gatsby_%281926%29_Retouched.jpg,Category:Paramount Pictures publicity photos,2026-09-24
Warner Baxter as Jay Gatsby in The Great Gatsby (1926) Retouched Cropped.jpg,https://commons.wikimedia.org/wiki/File:Warner_Baxter_as_Jay_Gatsby_in_The_Great_Gatsby_(1926)_Retouched_Cropped.jpg,https://upload.wikimedia.org/wikipedia/commons/3/35/Warner_Baxter_as_Jay_Gatsby_in_The_Great_Gatsby_%281926%29_Retouched_Cropped.jpg,Category:Paramount Pictures publicity photos,TRUE
Warner Baxter as Jay Gatsby in The Great Gatsby (1926) Retouched.jpg,https://commons.wikimedia.org/wiki/File:Warner_Baxter_as_Jay_Gatsby_in_The_Great_Gatsby_(1926)_Retouched.jpg,https://upload.wikimedia.org/wikipedia/commons/8/85/Warner_Baxter_as_Jay_Gatsby_in_The_Great_Gatsby_%281926%29_Retouched.jpg,Category:Paramount Pictures publicity photos,TRUE
Gregory Peck & Audrey Hepburn Roman Holiday still.jpg,https://commons.wikimedia.org/wiki/File:Gregory_Peck_%26_Audrey_Hepburn_Roman_Holiday_still.jpg,https://upload.wikimedia.org/wikipedia/commons/0/01/Gregory_Peck_%26_Audrey_Hepburn_Roman_Holiday_still.jpg,Category:Paramount Pictures publicity photos,LOWRES
Groucho Marx in Duck Soup film still.jpg,https://commons.wikimedia.org/wiki/File:Groucho_Marx_in_Duck_Soup_film_still.jpg,https://upload.wikimedia.org/wikipedia/commons/4/40/Groucho_Marx_in_Duck_Soup_film_still.jpg,Category:Paramount Pictures publicity photos,TRUE
A Gutter Magdalene 2.jpg,https://commons.wikimedia.org/wiki/File:A_Gutter_Magdalene_2.jpg,https://upload.wikimedia.org/wikipedia/commons/9/99/A_Gutter_Magdalene_2.jpg,Category:Paramount Pictures publicity photos,TRUE
A Gutter Magdalene.jpg,https://commons.wikimedia.org/wiki/File:A_Gutter_Magdalene.jpg,https://upload.wikimedia.org/wikipedia/commons/2/21/A_Gutter_Magdalene.jpg,Category:Paramount Pictures publicity photos,LOWRES
Hands across the table.jpg,https://commons.wikimedia.org/wiki/File:Hands_across_the_table.jpg,https://upload.wikimedia.org/wikipedia/commons/8/82/Hands_across_the_table.jpg,Category:Paramount Pictures publicity photos,TRUE
Carroll Baker - Harlow.JPG,https://commons.wikimedia.org/wiki/File:Carroll_Baker_-_Harlow.JPG,https://upload.wikimedia.org/wikipedia/commons/8/85/Carroll_Baker_-_Harlow.JPG,Category:Paramount Pictures publicity photos,TRUE
The Haunted Bedroom (1919) - 1.jpg,https://commons.wikimedia.org/wiki/File:The_Haunted_Bedroom_(1919)_-_1.jpg,https://upload.wikimedia.org/wikipedia/commons/1/1e/The_Haunted_Bedroom_%281919%29_-_1.jpg,Category:Paramount Pictures publicity photos,TRUE
The Heart of Paula (1916) 1.jpg,https://commons.wikimedia.org/wiki/File:The_Heart_of_Paula_(1916)_1.jpg,https://upload.wikimedia.org/wikipedia/commons/f/f6/The_Heart_of_Paula_%281916%29_1.jpg,Category:Paramount Pictures publicity photos,LOWRES
Hearts and Flowers (1919) - 1.jpg,https://commons.wikimedia.org/wiki/File:Hearts_and_Flowers_(1919)_-_1.jpg,https://upload.wikimedia.org/wikipedia/commons/1/13/Hearts_and_Flowers_%281919%29_-_1.jpg,Category:Paramount Pictures publicity photos,TRUE
"Hedy Lamarr by A. L. Whitey Schafer, 1949.jpg","https://commons.wikimedia.org/wiki/File:Hedy_Lamarr_by_A._L._Whitey_Schafer,_1949.jpg",https://upload.wikimedia.org/wikipedia/commons/0/01/Hedy_Lamarr_by_A._L._Whitey_Schafer%2C_1949.jpg,Category:Paramount Pictures publicity photos,LOWRES
Hedy Lamarr by A. L. Whitey Schafer.jpg,https://commons.wikimedia.org/wiki/File:Hedy_Lamarr_by_A._L._Whitey_Schafer.jpg,https://upload.wikimedia.org/wikipedia/commons/a/ad/Hedy_Lamarr_by_A._L._Whitey_Schafer.jpg,Category:Paramount Pictures publicity photos,TRUE
Hepburn Peck 1953 (cropped).jpg,https://commons.wikimedia.org/wiki/File:Hepburn_Peck_1953_(cropped).jpg,https://upload.wikimedia.org/wikipedia/commons/3/37/Hepburn_Peck_1953_%28cropped%29.jpg,Category:Paramount Pictures publicity photos,LOWRES
Hepburn Peck 1953.jpg,https://commons.wikimedia.org/wiki/File:Hepburn_Peck_1953.jpg,https://upload.wikimedia.org/wikipedia/commons/8/8f/Hepburn_Peck_1953.jpg,Category:Paramount Pictures publicity photos,2026-09-23
Hepburn Peck still.jpg,https://commons.wikimedia.org/wiki/File:Hepburn_Peck_still.jpg,https://upload.wikimedia.org/wikipedia/commons/7/7d/Hepburn_Peck_still.jpg,Category:Paramount Pictures publicity photos,TRUE
"A scene from ""Her Country First"" (SAYRE 13542).jpg",https://commons.wikimedia.org/wiki/File:A_scene_from_%22Her_Country_First%22_(SAYRE_13542).jpg,https://upload.wikimedia.org/wikipedia/commons/d/d3/A_scene_from_%22Her_Country_First%22_%28SAYRE_13542%29.jpg,Category:Paramount Pictures publicity photos,2026-09-10
Her First Mistake (1918) - 1.jpg,https://commons.wikimedia.org/wiki/File:Her_First_Mistake_(1918)_-_1.jpg,https://upload.wikimedia.org/wikipedia/commons/5/5c/Her_First_Mistake_%281918%29_-_1.jpg,Category:Paramount Pictures publicity photos,TRUE
Robert Lowery-Phyllis Brooks in High Powered.jpg,https://commons.wikimedia.org/wiki/File:Robert_Lowery-Phyllis_Brooks_in_High_Powered.jpg,https://upload.wikimedia.org/wikipedia/commons/5/53/Robert_Lowery-Phyllis_Brooks_in_High_Powered.jpg,Category:Paramount Pictures publicity photos,TRUE
His Wedding Night - A Pictorial History of the Silent Screen.jpg,https://commons.wikimedia.org/wiki/File:His_Wedding_Night_-_A_Pictorial_History_of_the_Silent_Screen.jpg,https://upload.wikimedia.org/wikipedia/commons/2/2e/His_Wedding_Night_-_A_Pictorial_History_of_the_Silent_Screen.jpg,Category:Paramount Pictures publicity photos,TRUE
Hitchcock Grant Still.jpg,https://commons.wikimedia.org/wiki/File:Hitchcock_Grant_Still.jpg,https://upload.wikimedia.org/wikipedia/commons/d/d1/Hitchcock_Grant_Still.jpg,Category:Paramount Pictures publicity photos,FALSE
Hitchcock Leigh Psycho.jpg,https://commons.wikimedia.org/wiki/File:Hitchcock_Leigh_Psycho.jpg,https://upload.wikimedia.org/wikipedia/commons/6/61/Hitchcock_Leigh_Psycho.jpg,Category:Paramount Pictures publicity photos,2026-09-24
Holden-portrait.jpg,https://commons.wikimedia.org/wiki/File:Holden-portrait.jpg,https://upload.wikimedia.org/wikipedia/commons/f/ff/Holden-portrait.jpg,Category:Paramount Pictures publicity photos,TRUE
Anita Ekberg-1956.jpg,https://commons.wikimedia.org/wiki/File:Anita_Ekberg-1956.jpg,https://upload.wikimedia.org/wikipedia/commons/b/b7/Anita_Ekberg-1956.jpg,Category:Paramount Pictures publicity photos,TRUE
Homer Comes Home (1920) 1.jpg,https://commons.wikimedia.org/wiki/File:Homer_Comes_Home_(1920)_1.jpg,https://upload.wikimedia.org/wikipedia/commons/6/69/Homer_Comes_Home_%281920%29_1.jpg,Category:Paramount Pictures publicity photos,TRUE
Honeymoon in Bali (1939) still 1.jpg,https://commons.wikimedia.org/wiki/File:Honeymoon_in_Bali_(1939)_still_1.jpg,https://upload.wikimedia.org/wikipedia/commons/4/48/Honeymoon_in_Bali_%281939%29_still_1.jpg,Category:Paramount Pictures publicity photos,TRUE
Hopper-Patrick-1936.jpg,https://commons.wikimedia.org/wiki/File:Hopper-Patrick-1936.jpg,https://upload.wikimedia.org/wikipedia/commons/2/22/Hopper-Patrick-1936.jpg,Category:Paramount Pictures publicity photos,2026-09-16
Grant Loren Houseboat Publicity Photo.jpg,https://commons.wikimedia.org/wiki/File:Grant_Loren_Houseboat_Publicity_Photo.jpg,https://upload.wikimedia.org/wikipedia/commons/c/c8/Grant_Loren_Houseboat_Publicity_Photo.jpg,Category:Paramount Pictures publicity photos,TRUE
Huckleberry Finn (1920) 1.jpg,https://commons.wikimedia.org/wiki/File:Huckleberry_Finn_(1920)_1.jpg,https://upload.wikimedia.org/wikipedia/commons/6/68/Huckleberry_Finn_%281920%29_1.jpg,Category:Paramount Pictures publicity photos,LOWRES
"A scene from ""Humoresque,"" with Alma Rubens (SAYRE 14859).jpg","https://commons.wikimedia.org/wiki/File:A_scene_from_%22Humoresque,%22_with_Alma_Rubens_(SAYRE_14859).jpg",https://upload.wikimedia.org/wikipedia/commons/7/73/A_scene_from_%22Humoresque%2C%22_with_Alma_Rubens_%28SAYRE_14859%29.jpg,Category:Paramount Pictures publicity photos,TRUE
Hush Money still.jpg,https://commons.wikimedia.org/wiki/File:Hush_Money_still.jpg,https://upload.wikimedia.org/wikipedia/commons/9/94/Hush_Money_still.jpg,Category:Paramount Pictures publicity photos,TRUE
Theimmigrant-1916-newspaper-scene.jpg,https://commons.wikimedia.org/wiki/File:Theimmigrant-1916-newspaper-scene.jpg,https://upload.wikimedia.org/wikipedia/commons/2/29/Theimmigrant-1916-newspaper-scene.jpg,Category:Paramount Pictures publicity photos,TRUE
Inger Stevens 1960.jpg,https://commons.wikimedia.org/wiki/File:Inger_Stevens_1960.jpg,https://upload.wikimedia.org/wikipedia/commons/5/56/Inger_Stevens_1960.jpg,Category:Paramount Pictures publicity photos,TRUE
Innocents of Paris (SAYRE 15495).jpg,https://commons.wikimedia.org/wiki/File:Innocents_of_Paris_(SAYRE_15495).jpg,https://upload.wikimedia.org/wikipedia/commons/2/26/Innocents_of_Paris_%28SAYRE_15495%29.jpg,Category:Paramount Pictures publicity photos,TRUE
Irene Dunne and Fred MacMurray.jpg,https://commons.wikimedia.org/wiki/File:Irene_Dunne_and_Fred_MacMurray.jpg,https://upload.wikimedia.org/wikipedia/commons/8/86/Irene_Dunne_and_Fred_MacMurray.jpg,Category:Paramount Pictures publicity photos,TRUE
Irvin Willat - Paramount Pictures 01.jpg,https://commons.wikimedia.org/wiki/File:Irvin_Willat_-_Paramount_Pictures_01.jpg,https://upload.wikimedia.org/wikipedia/commons/5/54/Irvin_Willat_-_Paramount_Pictures_01.jpg,Category:Paramount Pictures publicity photos,LOWRES
Island of Lost Souls publicity still.jpg,https://commons.wikimedia.org/wiki/File:Island_of_Lost_Souls_publicity_still.jpg,https://upload.wikimedia.org/wikipedia/commons/3/36/Island_of_Lost_Souls_publicity_still.jpg,Category:Paramount Pictures publicity photos,2026-09-14
George Beban (The Italian).jpg,https://commons.wikimedia.org/wiki/File:George_Beban_(The_Italian).jpg,https://upload.wikimedia.org/wikipedia/commons/3/34/George_Beban_%28The_Italian%29.jpg,Category:Paramount Pictures publicity photos,TRUE
Jack Cameron as Joe King in Applause.jpg,https://commons.wikimedia.org/wiki/File:Jack_Cameron_as_Joe_King_in_Applause.jpg,https://upload.wikimedia.org/wikipedia/commons/7/76/Jack_Cameron_as_Joe_King_in_Applause.jpg,Category:Paramount Pictures publicity photos,FALSE
Jack pickford.jpg,https://commons.wikimedia.org/wiki/File:Jack_pickford.jpg,https://upload.wikimedia.org/wikipedia/commons/3/39/Jack_pickford.jpg,Category:Paramount Pictures publicity photos,TRUE
"James Kirkwood, film actor (SAYRE 4081).jpg","https://commons.wikimedia.org/wiki/File:James_Kirkwood,_film_actor_(SAYRE_4081).jpg",https://upload.wikimedia.org/wikipedia/commons/6/68/James_Kirkwood%2C_film_actor_%28SAYRE_4081%29.jpg,Category:Paramount Pictures publicity photos,TRUE
James Stewart Rear Windows Poster Still.jpg,https://commons.wikimedia.org/wiki/File:James_Stewart_Rear_Windows_Poster_Still.jpg,https://upload.wikimedia.org/wikipedia/commons/9/94/James_Stewart_Rear_Windows_Poster_Still.jpg,Category:Paramount Pictures publicity photos,TRUE
James-O'Neill-Dantes-1913.jpg,https://commons.wikimedia.org/wiki/File:James-O%27Neill-Dantes-1913.jpg,https://upload.wikimedia.org/wikipedia/commons/3/36/James-O%27Neill-Dantes-1913.jpg,Category:Paramount Pictures publicity photos,TRUE
Janet Leigh Psycho 1960.jpg,https://commons.wikimedia.org/wiki/File:Janet_Leigh_Psycho_1960.jpg,https://upload.wikimedia.org/wikipedia/commons/d/d1/Janet_Leigh_Psycho_1960.jpg,Category:Paramount Pictures publicity photos,2026-09-11
Janet Leigh Psycho Promotional Still.jpg,https://commons.wikimedia.org/wiki/File:Janet_Leigh_Psycho_Promotional_Still.jpg,https://upload.wikimedia.org/wikipedia/commons/9/9e/Janet_Leigh_Psycho_Promotional_Still.jpg,Category:Paramount Pictures publicity photos,TRUE
Janet Leigh Psycho Publicity.jpg,https://commons.wikimedia.org/wiki/File:Janet_Leigh_Psycho_Publicity.jpg,https://upload.wikimedia.org/wikipedia/commons/0/0a/Janet_Leigh_Psycho_Publicity.jpg,Category:Paramount Pictures publicity photos,LOWRES
Japanese-edition-of-Alfred-Hitchcocks-Mystery-Magazine-1960-November-2.jpg,https://commons.wikimedia.org/wiki/File:Japanese-edition-of-Alfred-Hitchcocks-Mystery-Magazine-1960-November-2.jpg,https://upload.wikimedia.org/wikipedia/commons/e/e9/Japanese-edition-of-Alfred-Hitchcocks-Mystery-Magazine-1960-November-2.jpg,Category:Paramount Pictures publicity photos,TRUE
Jason Robards-1968-1.jpg,https://commons.wikimedia.org/wiki/File:Jason_Robards-1968-1.jpg,https://upload.wikimedia.org/wikipedia/commons/1/10/Jason_Robards-1968-1.jpg,Category:Paramount Pictures publicity photos,LOWRES
Jean De Briac in The Frisky Mrs. Johnson.jpg,https://commons.wikimedia.org/wiki/File:Jean_De_Briac_in_The_Frisky_Mrs._Johnson.jpg,https://upload.wikimedia.org/wikipedia/commons/1/11/Jean_De_Briac_in_The_Frisky_Mrs._Johnson.jpg,Category:Paramount Pictures publicity photos,TRUE
Jeanne d'Arc - Joan the Woman Scenes 1 1917.jpg,https://commons.wikimedia.org/wiki/File:Jeanne_d%27Arc_-_Joan_the_Woman_Scenes_1_1917.jpg,https://upload.wikimedia.org/wikipedia/commons/b/b3/Jeanne_d%27Arc_-_Joan_the_Woman_Scenes_1_1917.jpg,Category:Paramount Pictures publicity photos,FALSE
Jeanne d'Arc - Joan the Woman Scenes 2 1917.jpg,https://commons.wikimedia.org/wiki/File:Jeanne_d%27Arc_-_Joan_the_Woman_Scenes_2_1917.jpg,https://upload.wikimedia.org/wikipedia/commons/2/22/Jeanne_d%27Arc_-_Joan_the_Woman_Scenes_2_1917.jpg,Category:Paramount Pictures publicity photos,TRUE
Jeanne d'Arc - Joan the Woman Scenes 3 1917.jpg,https://commons.wikimedia.org/wiki/File:Jeanne_d%27Arc_-_Joan_the_Woman_Scenes_3_1917.jpg,https://upload.wikimedia.org/wikipedia/commons/b/b3/Jeanne_d%27Arc_-_Joan_the_Woman_Scenes_3_1917.jpg,Category:Paramount Pictures publicity photos,TRUE
Jerry Lewis (June 1957 autographed portrait for Nat Wise).jpg,https://commons.wikimedia.org/wiki/File:Jerry_Lewis_(June_1957_autographed_portrait_for_Nat_Wise).jpg,https://upload.wikimedia.org/wikipedia/commons/d/df/Jerry_Lewis_%28June_1957_autographed_portrait_for_Nat_Wise%29.jpg,Category:Paramount Pictures publicity photos,2026-09-23
Jerry Lewis (Paramount photo by Bud Fraker).jpg,https://commons.wikimedia.org/wiki/File:Jerry_Lewis_(Paramount_photo_by_Bud_Fraker).jpg,https://upload.wikimedia.org/wikipedia/commons/1/1b/Jerry_Lewis_%28Paramount_photo_by_Bud_Fraker%29.jpg,Category:Paramount Pictures publicity photos,FALSE
Jerry Lewis - 1960s.jpg,https://commons.wikimedia.org/wiki/File:Jerry_Lewis_-_1960s.jpg,https://upload.wikimedia.org/wikipedia/commons/1/1b/Jerry_Lewis_-_1960s.jpg,Category:Paramount Pictures publicity photos,TRUE
Jerry Lewis-Anna Maria Alberghetti in Cinderfella.JPG,https://commons.wikimedia.org/wiki/File:Jerry_Lewis-Anna_Maria_Alberghetti_in_Cinderfella.JPG,https://upload.wikimedia.org/wikipedia/commons/6/6f/Jerry_Lewis-Anna_Maria_Alberghetti_in_Cinderfella.JPG,Category:Paramount Pictures publicity photos,TRUE
Eric Trent.jpg,https://commons.wikimedia.org/wiki/File:Eric_Trent.jpg,https://upload.wikimedia.org/wikipedia/commons/2/24/Eric_Trent.jpg,Category:Paramount Pictures publicity photos,TRUE
Geraldine Farrar as Joan of Arc.jpg,https://commons.wikimedia.org/wiki/File:Geraldine_Farrar_as_Joan_of_Arc.jpg,https://upload.wikimedia.org/wikipedia/commons/f/fd/Geraldine_Farrar_as_Joan_of_Arc.jpg,Category:Paramount Pictures publicity photos,2026-09-24
Geraldine Farrar6.jpg,https://commons.wikimedia.org/wiki/File:Geraldine_Farrar6.jpg,https://upload.wikimedia.org/wikipedia/commons/0/09/Geraldine_Farrar6.jpg,Category:Paramount Pictures publicity photos,TRUE
Joan the Woman - A Pictorial History of the Silent Screen 01.jpg,https://commons.wikimedia.org/wiki/File:Joan_the_Woman_-_A_Pictorial_History_of_the_Silent_Screen_01.jpg,https://upload.wikimedia.org/wikipedia/commons/6/69/Joan_the_Woman_-_A_Pictorial_History_of_the_Silent_Screen_01.jpg,Category:Paramount Pictures publicity photos,LOWRES
Joan the Woman - A Pictorial History of the Silent Screen 02.jpg,https://commons.wikimedia.org/wiki/File:Joan_the_Woman_-_A_Pictorial_History_of_the_Silent_Screen_02.jpg,https://upload.wikimedia.org/wikipedia/commons/0/0c/Joan_the_Woman_-_A_Pictorial_History_of_the_Silent_Screen_02.jpg,Category:Paramount Pictures publicity photos,TRUE
Joan the Woman - A Pictorial History of the Silent Screen 03.jpg,https://commons.wikimedia.org/wiki/File:Joan_the_Woman_-_A_Pictorial_History_of_the_Silent_Screen_03.jpg,https://upload.wikimedia.org/wikipedia/commons/3/3a/Joan_the_Woman_-_A_Pictorial_History_of_the_Silent_Screen_03.jpg,Category:Paramount Pictures publicity photos,TRUE
Joan the Woman - A Pictorial History of the Silent Screen 04.jpg,https://commons.wikimedia.org/wiki/File:Joan_the_Woman_-_A_Pictorial_History_of_the_Silent_Screen_04.jpg,https://upload.wikimedia.org/wikipedia/commons/5/5d/Joan_the_Woman_-_A_Pictorial_History_of_the_Silent_Screen_04.jpg,Category:Paramount Pictures publicity photos,2026-09-17
John Huston - publicity (cropped).JPG,https://commons.wikimedia.org/wiki/File:John_Huston_-_publicity_(cropped).JPG,https://upload.wikimedia.org/wikipedia/commons/b/bf/John_Huston_-_publicity_%28cropped%29.JPG,Category:Paramount Pictures publicity photos,TRUE
John Huston - publicity.JPG,https://commons.wikimedia.org/wiki/File:John_Huston_-_publicity.JPG,https://upload.wikimedia.org/wikipedia/commons/8/80/John_Huston_-_publicity.JPG,Category:Paramount Pictures publicity photos,TRUE
John Petticoats (1919) - 1.jpg,https://commons.wikimedia.org/wiki/File:John_Petticoats_(1919)_-_1.jpg,https://upload.wikimedia.org/wikipedia/commons/0/06/John_Petticoats_%281919%29_-_1.jpg,Category:Paramount Pictures publicity photos,TRUE
John Petticoats (1919) - 3.jpg,https://commons.wikimedia.org/wiki/File:John_Petticoats_(1919)_-_3.jpg,https://upload.wikimedia.org/wikipedia/commons/3/33/John_Petticoats_%281919%29_-_3.jpg,Category:Paramount Pictures publicity photos,TRUE
Jose Caruso Lasky - Aug 1918 EH.jpg,https://commons.wikimedia.org/wiki/File:Jose_Caruso_Lasky_-_Aug_1918_EH.jpg,https://upload.wikimedia.org/wikipedia/commons/d/d8/Jose_Caruso_Lasky_-_Aug_1918_EH.jpg,Category:Paramount Pictures publicity photos,LOWRES
Joseph-Calleia-1942.jpg,https://commons.wikimedia.org/wiki/File:Joseph-Calleia-1942.jpg,https://upload.wikimedia.org/wikipedia/commons/a/a9/Joseph-Calleia-1942.jpg,Category:Paramount Pictures publicity photos,2026-09-20
Juan Gallardo - Valentino.jpg,https://commons.wikimedia.org/wiki/File:Juan_Gallardo_-_Valentino.jpg,https://upload.wikimedia.org/wikipedia/commons/1/1d/Juan_Gallardo_-_Valentino.jpg,Category:Paramount Pictures publicity photos,TRUE
"Molly Lamont, южно-африканская актриса наводит красоту с помощью шимпанзе Jiggs,на съемках 'The Jungle Princess', режиссера Wilhelm Thiele для Paramount. 1936.jpg","https://commons.wikimedia.org/wiki/File:Molly_Lamont,_%D1%8E%D0%B6%D0%BD%D0%BE-%D0%B0%D1%84%D1%80%D0%B8%D0%BA%D0%B0%D0%BD%D1%81%D0%BA%D0%B0%D1%8F_%D0%B0%D0%BA%D1%82%D1%80%D0%B8%D1%81%D0%B0_%D0%BD%D0%B0%D0%B2%D0%BE%D0%B4%D0%B8%D1%82_%D0%BA%D1%80%D0%B0%D1%81%D0%BE%D1%82%D1%83_%D1%81_%D0%BF%D0%BE%D0%BC%D0%BE%D1%89%D1%8C%D1%8E_%D1%88%D0%B8%D0%BC%D0%BF%D0%B0%D0%BD%D0%B7%D0%B5_Jiggs,%D0%BD%D0%B0_%D1%81%D1%8A%D0%B5%D0%BC%D0%BA%D0%B0%D1%85_%27The_Jungle_Princess%27,_%D1%80%D0%B5%D0%B6%D0%B8%D1%81%D1%81%D0%B5%D1%80%D0%B0_Wilhelm_Thiele_%D0%B4%D0%BB%D1%8F_Paramount._1936.jpg",https://upload.wikimedia.org/wikipedia/commons/5/55/Molly_Lamont%2C_%D1%8E%D0%B6%D0%BD%D0%BE-%D0%B0%D1%84%D1%80%D0%B8%D0%BA%D0%B0%D0%BD%D1%81%D0%BA%D0%B0%D1%8F_%D0%B0%D0%BA%D1%82%D1%80%D0%B8%D1%81%D0%B0_%D0%BD%D0%B0%D0%B2%D0%BE%D0%B4%D0%B8%D1%82_%D0%BA%D1%80%D0%B0%D1%81%D0%BE%D1%82%D1%83_%D1%81_%D0%BF%D0%BE%D0%BC%D0%BE%D1%89%D1%8C%D1%8E_%D1%88%D0%B8%D0%BC%D0%BF%D0%B0%D0%BD%D0%B7%D0%B5_Jiggs%2C%D0%BD%D0%B0_%D1%81%D1%8A%D0%B5%D0%BC%D0%BA%D0%B0%D1%85_%27The_Jungle_Princess%27%2C_%D1%80%D0%B5%D0%B6%D0%B8%D1%81%D1%81%D0%B5%D1%80%D0%B0_Wilhelm_Thiele_%D0%B4%D0%BB%D1%8F_Paramount._1936.jpg,Category:Paramount Pictures publicity photos,TRUE
Juvenile motion picture actor Mickey Bennett (SAYRE 5811).jpg,https://commons.wikimedia.org/wiki/File:Juvenile_motion_picture_actor_Mickey_Bennett_(SAYRE_5811).jpg,https://upload.wikimedia.org/wikipedia/commons/e/ed/Juvenile_motion_picture_actor_Mickey_Bennett_%28SAYRE_5811%29.jpg,Category:Paramount Pictures publicity photos,TRUE
Kasey Rogers.jpg,https://commons.wikimedia.org/wiki/File:Kasey_Rogers.jpg,https://upload.wikimedia.org/wikipedia/commons/6/6b/Kasey_Rogers.jpg,Category:Paramount Pictures publicity photos,TRUE
Kath Burke newmovie1133.jpg,https://commons.wikimedia.org/wiki/File:Kath_Burke_newmovie1133.jpg,https://upload.wikimedia.org/wikipedia/commons/5/56/Kath_Burke_newmovie1133.jpg,Category:Paramount Pictures publicity photos,TRUE
Katherine deMille.JPG,https://commons.wikimedia.org/wiki/File:Katherine_deMille.JPG,https://upload.wikimedia.org/wikipedia/commons/c/c6/Katherine_deMille.JPG,Category:Paramount Pictures publicity photos,2026-09-14
Kathl Burke newmovie133.jpg,https://commons.wikimedia.org/wiki/File:Kathl_Burke_newmovie133.jpg,https://upload.wikimedia.org/wikipedia/commons/9/96/Kathl_Burke_newmovie133.jpg,Category:Paramount Pictures publicity photos,TRUE
Kathleen Burke Photoplay 1936.jpg,https://commons.wikimedia.org/wiki/File:Kathleen_Burke_Photoplay_1936.jpg,https://upload.wikimedia.org/wikipedia/commons/d/dd/Kathleen_Burke_Photoplay_1936.jpg,Category:Paramount Pictures publicity photos,LOWRES
Kathleen-Burke-Panther-Woman-1932.jpg,https://commons.wikimedia.org/wiki/File:Kathleen-Burke-Panther-Woman-1932.jpg,https://upload.wikimedia.org/wikipedia/commons/e/e9/Kathleen-Burke-Panther-Woman-1932.jpg,Category:Paramount Pictures publicity photos,TRUE
Ketti Gallian Argentinean Magazine AD.jpg,https://commons.wikimedia.org/wiki/File:Ketti_Gallian_Argentinean_Magazine_AD.jpg,https://upload.wikimedia.org/wikipedia/commons/c/c9/Ketti_Gallian_Argentinean_Magazine_AD.jpg,Category:Paramount Pictures publicity photos,TRUE
Kick In (1922) 1.jpg,https://commons.wikimedia.org/wiki/File:Kick_In_(1922)_1.jpg,https://upload.wikimedia.org/wikipedia/commons/1/15/Kick_In_%281922%29_1.jpg,Category:Paramount Pictures publicity photos,TRUE
Kim Novak James Stewart Vertigo Still.jpg,https://commons.wikimedia.org/wiki/File:Kim_Novak_James_Stewart_Vertigo_Still.jpg,https://upload.wikimedia.org/wikipedia/commons/b/b4/Kim_Novak_James_Stewart_Vertigo_Still.jpg,Category:Paramount Pictures publicity photos,2026-08-31
A Kiss for Cinderella (1925) - 3.jpg,https://commons.wikimedia.org/wiki/File:A_Kiss_for_Cinderella_(1925)_-_3.jpg,https://upload.wikimedia.org/wikipedia/commons/c/c4/A_Kiss_for_Cinderella_%281925%29_-_3.jpg,Category:Paramount Pictures publicity photos,TRUE
A Kiss for Cinderella (1925) - 4.jpg,https://commons.wikimedia.org/wiki/File:A_Kiss_for_Cinderella_(1925)_-_4.jpg,https://upload.wikimedia.org/wikipedia/commons/a/a4/A_Kiss_for_Cinderella_%281925%29_-_4.jpg,Category:Paramount Pictures publicity photos,TRUE
Raoul Paoli -Cinéma - Kit Carson - 1928.jpg,https://commons.wikimedia.org/wiki/File:Raoul_Paoli_-Cin%C3%A9ma_-_Kit_Carson_-_1928.jpg,https://upload.wikimedia.org/wikipedia/commons/2/2f/Raoul_Paoli_-Cin%C3%A9ma_-_Kit_Carson_-_1928.jpg,Category:Paramount Pictures publicity photos,TRUE
The-Lady-Eve.jpg,https://commons.wikimedia.org/wiki/File:The-Lady-Eve.jpg,https://upload.wikimedia.org/wikipedia/commons/d/df/The-Lady-Eve.jpg,Category:Paramount Pictures publicity photos,TRUE
The Lady of Red Butte (1919) - 1.jpg,https://commons.wikimedia.org/wiki/File:The_Lady_of_Red_Butte_(1919)_-_1.jpg,https://upload.wikimedia.org/wikipedia/commons/a/aa/The_Lady_of_Red_Butte_%281919%29_-_1.jpg,Category:Paramount Pictures publicity photos,TRUE
Burt Lancaster by A. L. Whitey Schafer.jpg,https://commons.wikimedia.org/wiki/File:Burt_Lancaster_by_A._L._Whitey_Schafer.jpg,https://upload.wikimedia.org/wikipedia/commons/e/e4/Burt_Lancaster_by_A._L._Whitey_Schafer.jpg,Category:Paramount Pictures publicity photos,TRUE
Laraine Day by A. L. Whitey Schafer.jpg,https://commons.wikimedia.org/wiki/File:Laraine_Day_by_A._L._Whitey_Schafer.jpg,https://upload.wikimedia.org/wikipedia/commons/f/f8/Laraine_Day_by_A._L._Whitey_Schafer.jpg,Category:Paramount Pictures publicity photos,TRUE
"Leaving Ireland-Pallas Pictures presents Dustin Farnum in ""A Son of Erin"" LCCN99471550.jpg",https://commons.wikimedia.org/wiki/File:Leaving_Ireland-Pallas_Pictures_presents_Dustin_Farnum_in_%22A_Son_of_Erin%22_LCCN99471550.jpg,https://upload.wikimedia.org/wikipedia/commons/b/bd/Leaving_Ireland-Pallas_Pictures_presents_Dustin_Farnum_in_%22A_Son_of_Erin%22_LCCN99471550.jpg,Category:Paramount Pictures publicity photos,TRUE
LeRoy Prinz and Paramount Dancers 1930s.jpg,https://commons.wikimedia.org/wiki/File:LeRoy_Prinz_and_Paramount_Dancers_1930s.jpg,https://upload.wikimedia.org/wikipedia/commons/7/7a/LeRoy_Prinz_and_Paramount_Dancers_1930s.jpg,Category:Paramount Pictures publicity photos,TRUE
LilaLee-TheCruiseoftheMake-believes 1918.jpg,https://commons.wikimedia.org/wiki/File:LilaLee-TheCruiseoftheMake-believes_1918.jpg,https://upload.wikimedia.org/wikipedia/commons/9/94/LilaLee-TheCruiseoftheMake-believes_1918.jpg,Category:Paramount Pictures publicity photos,2026-09-20
Little Miss Optimist (1917) - 1.jpg,https://commons.wikimedia.org/wiki/File:Little_Miss_Optimist_(1917)_-_1.jpg,https://upload.wikimedia.org/wikipedia/commons/a/a9/Little_Miss_Optimist_%281917%29_-_1.jpg,Category:Paramount Pictures publicity photos,TRUE
"A scene from ""Little Miss Rebellion"" (SAYRE 13110).jpg",https://commons.wikimedia.org/wiki/File:A_scene_from_%22Little_Miss_Rebellion%22_(SAYRE_13110).jpg,https://upload.wikimedia.org/wikipedia/commons/a/a0/A_scene_from_%22Little_Miss_Rebellion%22_%28SAYRE_13110%29.jpg,Category:Paramount Pictures publicity photos,2026-09-16
Littlemissoptimist-lobbycardA-1917.jpg,https://commons.wikimedia.org/wiki/File:Littlemissoptimist-lobbycardA-1917.jpg,https://upload.wikimedia.org/wikipedia/commons/d/d9/Littlemissoptimist-lobbycardA-1917.jpg,Category:Paramount Pictures publicity photos,TRUE
Littlemissoptimist-lobbycardB-1917.jpg,https://commons.wikimedia.org/wiki/File:Littlemissoptimist-lobbycardB-1917.jpg,https://upload.wikimedia.org/wikipedia/commons/2/2e/Littlemissoptimist-lobbycardB-1917.jpg,Category:Paramount Pictures publicity photos,TRUE
Lombard in To Be or Not to Be.jpg,https://commons.wikimedia.org/wiki/File:Lombard_in_To_Be_or_Not_to_Be.jpg,https://upload.wikimedia.org/wikipedia/commons/8/8c/Lombard_in_To_Be_or_Not_to_Be.jpg,Category:Paramount Pictures publicity photos,TRUE
"A scene from ""Lost in Transit"" (SAYRE 13796).jpg",https://commons.wikimedia.org/wiki/File:A_scene_from_%22Lost_in_Transit%22_(SAYRE_13796).jpg,https://upload.wikimedia.org/wikipedia/commons/b/b8/A_scene_from_%22Lost_in_Transit%22_%28SAYRE_13796%29.jpg,Category:Paramount Pictures publicity photos,2026-09-24
Lostandwon-1917-scene.jpg,https://commons.wikimedia.org/wiki/File:Lostandwon-1917-scene.jpg,https://upload.wikimedia.org/wikipedia/commons/a/a4/Lostandwon-1917-scene.jpg,Category:Paramount Pictures publicity photos,TRUE
Singer and silent films actress Lina Cavalieri (SAYRE 20377).jpg,https://commons.wikimedia.org/wiki/File:Singer_and_silent_films_actress_Lina_Cavalieri_(SAYRE_20377).jpg,https://upload.wikimedia.org/wikipedia/commons/e/e1/Singer_and_silent_films_actress_Lina_Cavalieri_%28SAYRE_20377%29.jpg,Category:Paramount Pictures publicity photos,FALSE
Luise Rainer - Paramount.jpg,https://commons.wikimedia.org/wiki/File:Luise_Rainer_-_Paramount.jpg,https://upload.wikimedia.org/wikipedia/commons/c/c7/Luise_Rainer_-_Paramount.jpg,Category:Paramount Pictures publicity photos,TRUE
Mae West - 1936.jpg,https://commons.wikimedia.org/wiki/File:Mae_West_-_1936.jpg,https://upload.wikimedia.org/wikipedia/commons/c/ce/Mae_West_-_1936.jpg,Category:Paramount Pictures publicity photos,LOWRES
Mae West in She Done Him Wrong.jpg,https://commons.wikimedia.org/wiki/File:Mae_West_in_She_Done_Him_Wrong.jpg,https://upload.wikimedia.org/wikipedia/commons/6/69/Mae_West_in_She_Done_Him_Wrong.jpg,Category:Paramount Pictures publicity photos,2026-09-24
The Making of Maddalena Still 2.jpg,https://commons.wikimedia.org/wiki/File:The_Making_of_Maddalena_Still_2.jpg,https://upload.wikimedia.org/wikipedia/commons/7/7a/The_Making_of_Maddalena_Still_2.jpg,Category:Paramount Pictures publicity photos,TRUE
The Making of Maddalena Still.jpg,https://commons.wikimedia.org/wiki/File:The_Making_of_Maddalena_Still.jpg,https://upload.wikimedia.org/wikipedia/commons/7/74/The_Making_of_Maddalena_Still.jpg,Category:Paramount Pictures publicity photos,TRUE
A Man Must Live (SAYRE 14760).jpg,https://commons.wikimedia.org/wiki/File:A_Man_Must_Live_(SAYRE_14760).jpg,https://upload.wikimedia.org/wikipedia/commons/7/7a/A_Man_Must_Live_%28SAYRE_14760%29.jpg,Category:Paramount Pictures publicity photos,TRUE
Manslaughter (1922) - 1.jpg,https://commons.wikimedia.org/wiki/File:Manslaughter_(1922)_-_1.jpg,https://upload.wikimedia.org/wikipedia/commons/e/e9/Manslaughter_%281922%29_-_1.jpg,Category:Paramount Pictures publicity photos,TRUE
Manslaughter (1922) - 2.jpg,https://commons.wikimedia.org/wiki/File:Manslaughter_(1922)_-_2.jpg,https://upload.wikimedia.org/wikipedia/commons/6/66/Manslaughter_%281922%29_-_2.jpg,Category:Paramount Pictures publicity photos,TRUE
Manslaughter (1922) - 3.jpg,https://commons.wikimedia.org/wiki/File:Manslaughter_(1922)_-_3.jpg,https://upload.wikimedia.org/wikipedia/commons/2/28/Manslaughter_%281922%29_-_3.jpg,Category:Paramount Pictures publicity photos,TRUE
Manslaughter (1922) - 6.jpg,https://commons.wikimedia.org/wiki/File:Manslaughter_(1922)_-_6.jpg,https://upload.wikimedia.org/wikipedia/commons/b/bc/Manslaughter_%281922%29_-_6.jpg,Category:Paramount Pictures publicity photos,LOWRES
Manslaughter (1922) - Meighan & Joy.jpg,https://commons.wikimedia.org/wiki/File:Manslaughter_(1922)_-_Meighan_%26_Joy.jpg,https://upload.wikimedia.org/wikipedia/commons/c/cb/Manslaughter_%281922%29_-_Meighan_%26_Joy.jpg,Category:Paramount Pictures publicity photos,TRUE
Manslaughter (1922) 2.jpg,https://commons.wikimedia.org/wiki/File:Manslaughter_(1922)_2.jpg,https://upload.wikimedia.org/wikipedia/commons/9/96/Manslaughter_%281922%29_2.jpg,Category:Paramount Pictures publicity photos,TRUE
Manslaughter-1922.jpg,https://commons.wikimedia.org/wiki/File:Manslaughter-1922.jpg,https://upload.wikimedia.org/wikipedia/commons/c/c0/Manslaughter-1922.jpg,Category:Paramount Pictures publicity photos,TRUE
Maracaibo publicity 1.jpg,https://commons.wikimedia.org/wiki/File:Maracaibo_publicity_1.jpg,https://upload.wikimedia.org/wikipedia/commons/7/75/Maracaibo_publicity_1.jpg,Category:Paramount Pictures publicity photos,TRUE
Maracaibo publicity 2.jpg,https://commons.wikimedia.org/wiki/File:Maracaibo_publicity_2.jpg,https://upload.wikimedia.org/wikipedia/commons/2/27/Maracaibo_publicity_2.jpg,Category:Paramount Pictures publicity photos,TRUE
The Marriage Ring (1918) lobby card.jpg,https://commons.wikimedia.org/wiki/File:The_Marriage_Ring_(1918)_lobby_card.jpg,https://upload.wikimedia.org/wikipedia/commons/6/61/The_Marriage_Ring_%281918%29_lobby_card.jpg,Category:Paramount Pictures publicity photos,FALSE
Martha Hyer Sabrina.jpg,https://commons.wikimedia.org/wiki/File:Martha_Hyer_Sabrina.jpg,https://upload.wikimedia.org/wikipedia/commons/1/17/Martha_Hyer_Sabrina.jpg,Category:Paramount Pictures publicity photos,TRUE
Martin Balsam & Anthony Perkins Psycho.jpg,https://commons.wikimedia.org/wiki/File:Martin_Balsam_%26_Anthony_Perkins_Psycho.jpg,https://upload.wikimedia.org/wikipedia/commons/9/9f/Martin_Balsam_%26_Anthony_Perkins_Psycho.jpg,Category:Paramount Pictures publicity photos,LOWRES
"A scene from ""Mary Ellen Comes to Town"" (SAYRE 14684).jpg",https://commons.wikimedia.org/wiki/File:A_scene_from_%22Mary_Ellen_Comes_to_Town%22_(SAYRE_14684).jpg,https://upload.wikimedia.org/wikipedia/commons/d/de/A_scene_from_%22Mary_Ellen_Comes_to_Town%22_%28SAYRE_14684%29.jpg,Category:Paramount Pictures publicity photos,TRUE
June Mathis and Rudolph Valentino.jpg,https://commons.wikimedia.org/wiki/File:June_Mathis_and_Rudolph_Valentino.jpg,https://upload.wikimedia.org/wikipedia/commons/e/e5/June_Mathis_and_Rudolph_Valentino.jpg,Category:Paramount Pictures publicity photos,LOWRES
"Miles, Gavin & Leigh Psycho still.jpg","https://commons.wikimedia.org/wiki/File:Miles,_Gavin_%26_Leigh_Psycho_still.jpg",https://upload.wikimedia.org/wikipedia/commons/1/19/Miles%2C_Gavin_%26_Leigh_Psycho_still.jpg,Category:Paramount Pictures publicity photos,TRUE
Betty Compson-Joseph J. Dowling in The Miracle Man.jpg,https://commons.wikimedia.org/wiki/File:Betty_Compson-Joseph_J._Dowling_in_The_Miracle_Man.jpg,https://upload.wikimedia.org/wikipedia/commons/e/e3/Betty_Compson-Joseph_J._Dowling_in_The_Miracle_Man.jpg,Category:Paramount Pictures publicity photos,LOWRES
Film actor Jean M Dumont (SAYRE 23621).jpg,https://commons.wikimedia.org/wiki/File:Film_actor_Jean_M_Dumont_(SAYRE_23621).jpg,https://upload.wikimedia.org/wikipedia/commons/1/13/Film_actor_Jean_M_Dumont_%28SAYRE_23621%29.jpg,Category:Paramount Pictures publicity photos,FALSE
Joseph J. Dowling in The Miracle Man.jpg,https://commons.wikimedia.org/wiki/File:Joseph_J._Dowling_in_The_Miracle_Man.jpg,https://upload.wikimedia.org/wikipedia/commons/d/df/Joseph_J._Dowling_in_The_Miracle_Man.jpg,Category:Paramount Pictures publicity photos,LOWRES
"Lon Chaney, Sr. The Miracle Man.jpg","https://commons.wikimedia.org/wiki/File:Lon_Chaney,_Sr._The_Miracle_Man.jpg",https://upload.wikimedia.org/wikipedia/commons/0/0b/Lon_Chaney%2C_Sr._The_Miracle_Man.jpg,Category:Paramount Pictures publicity photos,FALSE
Pg 126 - The Miracle Man (novel).jpg,https://commons.wikimedia.org/wiki/File:Pg_126_-_The_Miracle_Man_(novel).jpg,https://upload.wikimedia.org/wikipedia/commons/a/a5/Pg_126_-_The_Miracle_Man_%28novel%29.jpg,Category:Paramount Pictures publicity photos,TRUE
The Miracle Man (1919) - 4.jpg,https://commons.wikimedia.org/wiki/File:The_Miracle_Man_(1919)_-_4.jpg,https://upload.wikimedia.org/wikipedia/commons/d/dd/The_Miracle_Man_%281919%29_-_4.jpg,Category:Paramount Pictures publicity photos,TRUE
The Miracle Man (1919) - 5.jpg,https://commons.wikimedia.org/wiki/File:The_Miracle_Man_(1919)_-_5.jpg,https://upload.wikimedia.org/wikipedia/commons/8/83/The_Miracle_Man_%281919%29_-_5.jpg,Category:Paramount Pictures publicity photos,TRUE
The Miracle Man (1919) - 6.jpg,https://commons.wikimedia.org/wiki/File:The_Miracle_Man_(1919)_-_6.jpg,https://upload.wikimedia.org/wikipedia/commons/8/86/The_Miracle_Man_%281919%29_-_6.jpg,Category:Paramount Pictures publicity photos,TRUE
The Miracle Man (1919) - Compson & Dowling.jpg,https://commons.wikimedia.org/wiki/File:The_Miracle_Man_(1919)_-_Compson_%26_Dowling.jpg,https://upload.wikimedia.org/wikipedia/commons/7/7d/The_Miracle_Man_%281919%29_-_Compson_%26_Dowling.jpg,Category:Paramount Pictures publicity photos,LOWRES
Miss Hobbs (1920) - 5.jpg,https://commons.wikimedia.org/wiki/File:Miss_Hobbs_(1920)_-_5.jpg,https://upload.wikimedia.org/wikipedia/commons/5/50/Miss_Hobbs_%281920%29_-_5.jpg,Category:Paramount Pictures publicity photos,TRUE
Miss Hobbs (1920) - 7.jpg,https://commons.wikimedia.org/wiki/File:Miss_Hobbs_(1920)_-_7.jpg,https://upload.wikimedia.org/wikipedia/commons/9/97/Miss_Hobbs_%281920%29_-_7.jpg,Category:Paramount Pictures publicity photos,TRUE
Missing (1918) still 1.jpg,https://commons.wikimedia.org/wiki/File:Missing_(1918)_still_1.jpg,https://upload.wikimedia.org/wikipedia/commons/6/65/Missing_%281918%29_still_1.jpg,Category:Paramount Pictures publicity photos,LOWRES
Mitzi McCall Press Photo 1955.jpg,https://commons.wikimedia.org/wiki/File:Mitzi_McCall_Press_Photo_1955.jpg,https://upload.wikimedia.org/wikipedia/commons/c/c1/Mitzi_McCall_Press_Photo_1955.jpg,Category:Paramount Pictures publicity photos,LOWRES
Dorothy Dalton and Rudolph Valentino.jpg,https://commons.wikimedia.org/wiki/File:Dorothy_Dalton_and_Rudolph_Valentino.jpg,https://upload.wikimedia.org/wikipedia/commons/1/12/Dorothy_Dalton_and_Rudolph_Valentino.jpg,Category:Paramount Pictures publicity photos,TRUE
Fight scene from Moran of the Lady Letty.jpg,https://commons.wikimedia.org/wiki/File:Fight_scene_from_Moran_of_the_Lady_Letty.jpg,https://upload.wikimedia.org/wikipedia/commons/b/b7/Fight_scene_from_Moran_of_the_Lady_Letty.jpg,Category:Paramount Pictures publicity photos,FALSE
Moran of the Lady Letty (1922) - 5.jpg,https://commons.wikimedia.org/wiki/File:Moran_of_the_Lady_Letty_(1922)_-_5.jpg,https://upload.wikimedia.org/wikipedia/commons/b/b5/Moran_of_the_Lady_Letty_%281922%29_-_5.jpg,Category:Paramount Pictures publicity photos,TRUE
Moran of the Lady Letty (1922) - 6.jpg,https://commons.wikimedia.org/wiki/File:Moran_of_the_Lady_Letty_(1922)_-_6.jpg,https://upload.wikimedia.org/wikipedia/commons/2/28/Moran_of_the_Lady_Letty_%281922%29_-_6.jpg,Category:Paramount Pictures publicity photos,LOWRES
Moran of the Lady Letty (SAYRE 14552).jpg,https://commons.wikimedia.org/wiki/File:Moran_of_the_Lady_Letty_(SAYRE_14552).jpg,https://upload.wikimedia.org/wikipedia/commons/7/73/Moran_of_the_Lady_Letty_%28SAYRE_14552%29.jpg,Category:Paramount Pictures publicity photos,TRUE
Moran of the Lady Letty - Valentino.jpg,https://commons.wikimedia.org/wiki/File:Moran_of_the_Lady_Letty_-_Valentino.jpg,https://upload.wikimedia.org/wikipedia/commons/a/a7/Moran_of_the_Lady_Letty_-_Valentino.jpg,Category:Paramount Pictures publicity photos,TRUE
Moran of the Lady Letty lobby card.jpg,https://commons.wikimedia.org/wiki/File:Moran_of_the_Lady_Letty_lobby_card.jpg,https://upload.wikimedia.org/wikipedia/commons/0/0c/Moran_of_the_Lady_Letty_lobby_card.jpg,Category:Paramount Pictures publicity photos,TRUE
More Deadly Than The Male (1919) - Clayton & Coxen.jpg,https://commons.wikimedia.org/wiki/File:More_Deadly_Than_The_Male_(1919)_-_Clayton_%26_Coxen.jpg,https://upload.wikimedia.org/wikipedia/commons/c/ca/More_Deadly_Than_The_Male_%281919%29_-_Clayton_%26_Coxen.jpg,Category:Paramount Pictures publicity photos,LOWRES
Motion picture actress Constance Bennett (SAYRE 5472).jpg,https://commons.wikimedia.org/wiki/File:Motion_picture_actress_Constance_Bennett_(SAYRE_5472).jpg,https://upload.wikimedia.org/wikipedia/commons/b/bb/Motion_picture_actress_Constance_Bennett_%28SAYRE_5472%29.jpg,Category:Paramount Pictures publicity photos,TRUE
Murder with Pictures (1936) still 1.jpg,https://commons.wikimedia.org/wiki/File:Murder_with_Pictures_(1936)_still_1.jpg,https://upload.wikimedia.org/wikipedia/commons/1/14/Murder_with_Pictures_%281936%29_still_1.jpg,Category:Paramount Pictures publicity photos,2026-09-24
Murder with Pictures (1936) still 2.jpg,https://commons.wikimedia.org/wiki/File:Murder_with_Pictures_(1936)_still_2.jpg,https://upload.wikimedia.org/wikipedia/commons/0/04/Murder_with_Pictures_%281936%29_still_2.jpg,Category:Paramount Pictures publicity photos,TRUE
My Lady Incog Wiki.jpg,https://commons.wikimedia.org/wiki/File:My_Lady_Incog_Wiki.jpg,https://upload.wikimedia.org/wikipedia/commons/1/19/My_Lady_Incog_Wiki.jpg,Category:Paramount Pictures publicity photos,TRUE
Night Life of New York (SAYRE 14319).jpg,https://commons.wikimedia.org/wiki/File:Night_Life_of_New_York_(SAYRE_14319).jpg,https://upload.wikimedia.org/wikipedia/commons/6/66/Night_Life_of_New_York_%28SAYRE_14319%29.jpg,Category:Paramount Pictures publicity photos,TRUE
A Nine O'Clock Town (1918) - 1.jpg,https://commons.wikimedia.org/wiki/File:A_Nine_O%27Clock_Town_(1918)_-_1.jpg,https://upload.wikimedia.org/wikipedia/commons/a/a1/A_Nine_O%27Clock_Town_%281918%29_-_1.jpg,Category:Paramount Pictures publicity photos,TRUE
No Man of Her Own Still.jpg,https://commons.wikimedia.org/wiki/File:No_Man_of_Her_Own_Still.jpg,https://upload.wikimedia.org/wikipedia/commons/4/4c/No_Man_of_Her_Own_Still.jpg,Category:Paramount Pictures publicity photos,TRUE
Holt-Worsley-Schoenbaum in Nobody's Money.jpg,https://commons.wikimedia.org/wiki/File:Holt-Worsley-Schoenbaum_in_Nobody%27s_Money.jpg,https://upload.wikimedia.org/wikipedia/commons/3/3b/Holt-Worsley-Schoenbaum_in_Nobody%27s_Money.jpg,Category:Paramount Pictures publicity photos,TRUE
"The Nutty Professor 1963 (publicity photo, Lewis and Stevens - cropped).jpg","https://commons.wikimedia.org/wiki/File:The_Nutty_Professor_1963_(publicity_photo,_Lewis_and_Stevens_-_cropped).jpg",https://upload.wikimedia.org/wikipedia/commons/5/5d/The_Nutty_Professor_1963_%28publicity_photo%2C_Lewis_and_Stevens_-_cropped%29.jpg,Category:Paramount Pictures publicity photos,LOWRES
"The Nutty Professor 1963 (publicity photo, Lewis and Stevens).jpg","https://commons.wikimedia.org/wiki/File:The_Nutty_Professor_1963_(publicity_photo,_Lewis_and_Stevens).jpg",https://upload.wikimedia.org/wikipedia/commons/f/f2/The_Nutty_Professor_1963_%28publicity_photo%2C_Lewis_and_Stevens%29.jpg,Category:Paramount Pictures publicity photos,LOWRES
On the Level (1917) - 1.jpg,https://commons.wikimedia.org/wiki/File:On_the_Level_(1917)_-_1.jpg,https://upload.wikimedia.org/wikipedia/commons/4/41/On_the_Level_%281917%29_-_1.jpg,Category:Paramount Pictures publicity photos,TRUE
One Woman to Another publicity 1928.jpg,https://commons.wikimedia.org/wiki/File:One_Woman_to_Another_publicity_1928.jpg,https://upload.wikimedia.org/wikipedia/commons/d/df/One_Woman_to_Another_publicity_1928.jpg,Category:Paramount Pictures publicity photos,TRUE
"Opname van de geluidsfilm 'River of Romance' van Paramount Picture, SFA022827749.jpg","https://commons.wikimedia.org/wiki/File:Opname_van_de_geluidsfilm_%27River_of_Romance%27_van_Paramount_Picture,_SFA022827749.jpg",https://upload.wikimedia.org/wikipedia/commons/d/d0/Opname_van_de_geluidsfilm_%27River_of_Romance%27_van_Paramount_Picture%2C_SFA022827749.jpg,Category:Paramount Pictures publicity photos,FALSE
Other Men's Wives (1919) - 1.jpg,https://commons.wikimedia.org/wiki/File:Other_Men%27s_Wives_(1919)_-_1.jpg,https://upload.wikimedia.org/wikipedia/commons/2/2b/Other_Men%27s_Wives_%281919%29_-_1.jpg,Category:Paramount Pictures publicity photos,TRUE
"P034, Manslaughter--what a temptation she's placing before Evans.jpg","https://commons.wikimedia.org/wiki/File:P034,_Manslaughter--what_a_temptation_she%27s_placing_before_Evans.jpg",https://upload.wikimedia.org/wikipedia/commons/2/22/P034%2C_Manslaughter--what_a_temptation_she%27s_placing_before_Evans.jpg,Category:Paramount Pictures publicity photos,TRUE
"P066, Manslaughter--O'Bannon begins his investigation.jpg","https://commons.wikimedia.org/wiki/File:P066,_Manslaughter--O%27Bannon_begins_his_investigation.jpg",https://upload.wikimedia.org/wikipedia/commons/0/09/P066%2C_Manslaughter--O%27Bannon_begins_his_investigation.jpg,Category:Paramount Pictures publicity photos,FALSE
"P122, Manslaughter--Very terrifying moment for Lydia.jpg","https://commons.wikimedia.org/wiki/File:P122,_Manslaughter--Very_terrifying_moment_for_Lydia.jpg",https://upload.wikimedia.org/wikipedia/commons/7/71/P122%2C_Manslaughter--Very_terrifying_moment_for_Lydia.jpg,Category:Paramount Pictures publicity photos,TRUE
Paramount Pictures copyrighted publicity photos as early as 1950.jpg,https://commons.wikimedia.org/wiki/File:Paramount_Pictures_copyrighted_publicity_photos_as_early_as_1950.jpg,https://upload.wikimedia.org/wikipedia/commons/9/97/Paramount_Pictures_copyrighted_publicity_photos_as_early_as_1950.jpg,Category:Paramount Pictures publicity photos,LOWRES
Paths to Paradise (SAYRE 14615).jpg,https://commons.wikimedia.org/wiki/File:Paths_to_Paradise_(SAYRE_14615).jpg,https://upload.wikimedia.org/wikipedia/commons/1/1b/Paths_to_Paradise_%28SAYRE_14615%29.jpg,Category:Paramount Pictures publicity photos,TRUE
Patrick Andre Hillie Burke newmovie633.jpg,https://commons.wikimedia.org/wiki/File:Patrick_Andre_Hillie_Burke_newmovie633.jpg,https://upload.wikimedia.org/wikipedia/commons/b/bd/Patrick_Andre_Hillie_Burke_newmovie633.jpg,Category:Paramount Pictures publicity photos,LOWRES
PC-RM-Curtis 001.jpg,https://commons.wikimedia.org/wiki/File:PC-RM-Curtis_001.jpg,https://upload.wikimedia.org/wikipedia/commons/1/14/PC-RM-Curtis_001.jpg,Category:Paramount Pictures publicity photos,TRUE
PC-RM-Curtis 004.jpg,https://commons.wikimedia.org/wiki/File:PC-RM-Curtis_004.jpg,https://upload.wikimedia.org/wikipedia/commons/b/b3/PC-RM-Curtis_004.jpg,Category:Paramount Pictures publicity photos,LOWRES
PC-RM-Curtis 237.jpg,https://commons.wikimedia.org/wiki/File:PC-RM-Curtis_237.jpg,https://upload.wikimedia.org/wikipedia/commons/b/b1/PC-RM-Curtis_237.jpg,Category:Paramount Pictures publicity photos,TRUE
PC-RM-Curtis 391.jpg,https://commons.wikimedia.org/wiki/File:PC-RM-Curtis_391.jpg,https://upload.wikimedia.org/wikipedia/commons/5/55/PC-RM-Curtis_391.jpg,Category:Paramount Pictures publicity photos,LOWRES
PC-RM-Curtis 418.jpg,https://commons.wikimedia.org/wiki/File:PC-RM-Curtis_418.jpg,https://upload.wikimedia.org/wikipedia/commons/3/34/PC-RM-Curtis_418.jpg,Category:Paramount Pictures publicity photos,TRUE
PC-RM-Curtis 444.jpg,https://commons.wikimedia.org/wiki/File:PC-RM-Curtis_444.jpg,https://upload.wikimedia.org/wikipedia/commons/f/fd/PC-RM-Curtis_444.jpg,Category:Paramount Pictures publicity photos,TRUE
Peck Hepburn Roman Holiday Still.jpg,https://commons.wikimedia.org/wiki/File:Peck_Hepburn_Roman_Holiday_Still.jpg,https://upload.wikimedia.org/wikipedia/commons/c/c9/Peck_Hepburn_Roman_Holiday_Still.jpg,Category:Paramount Pictures publicity photos,TRUE
Pg 222 - The Miracle Man (novel).jpg,https://commons.wikimedia.org/wiki/File:Pg_222_-_The_Miracle_Man_(novel).jpg,https://upload.wikimedia.org/wikipedia/commons/b/ba/Pg_222_-_The_Miracle_Man_%28novel%29.jpg,Category:Paramount Pictures publicity photos,TRUE
Pg 270 - The Miracle Man (novel).jpg,https://commons.wikimedia.org/wiki/File:Pg_270_-_The_Miracle_Man_(novel).jpg,https://upload.wikimedia.org/wikipedia/commons/8/8a/Pg_270_-_The_Miracle_Man_%28novel%29.jpg,Category:Paramount Pictures publicity photos,2026-09-07
"Photo Anita Ekberg, Vittorio Gassman and Audrey Hepburn in a scene from War and Peace, a 1956 film directed by King Vidor 1956 - Touring Club Italiano 04 1038.jpg","https://commons.wikimedia.org/wiki/File:Photo_Anita_Ekberg,_Vittorio_Gassman_and_Audrey_Hepburn_in_a_scene_from_War_and_Peace,_a_1956_film_directed_by_King_Vidor_1956_-_Touring_Club_Italiano_04_1038.jpg",https://upload.wikimedia.org/wikipedia/commons/3/3b/Photo_Anita_Ekberg%2C_Vittorio_Gassman_and_Audrey_Hepburn_in_a_scene_from_War_and_Peace%2C_a_1956_film_directed_by_King_Vidor_1956_-_Touring_Club_Italiano_04_1038.jpg,Category:Paramount Pictures publicity photos,TRUE
"Photo Audrey Hepburn and Henry Fonda in a scene from War and Peace, a 1956 film directed by King Vidor 1956 - Touring Club Italiano 04 1037.jpg","https://commons.wikimedia.org/wiki/File:Photo_Audrey_Hepburn_and_Henry_Fonda_in_a_scene_from_War_and_Peace,_a_1956_film_directed_by_King_Vidor_1956_-_Touring_Club_Italiano_04_1037.jpg",https://upload.wikimedia.org/wikipedia/commons/1/13/Photo_Audrey_Hepburn_and_Henry_Fonda_in_a_scene_from_War_and_Peace%2C_a_1956_film_directed_by_King_Vidor_1956_-_Touring_Club_Italiano_04_1037.jpg,Category:Paramount Pictures publicity photos,TRUE
"Photo Audrey Hepburn and Mel Ferrer in a scene from the 1956 film War and Peace, directed by King Vidor 1956 - Touring Club Italiano 04 0730.jpg","https://commons.wikimedia.org/wiki/File:Photo_Audrey_Hepburn_and_Mel_Ferrer_in_a_scene_from_the_1956_film_War_and_Peace,_directed_by_King_Vidor_1956_-_Touring_Club_Italiano_04_0730.jpg",https://upload.wikimedia.org/wikipedia/commons/a/a2/Photo_Audrey_Hepburn_and_Mel_Ferrer_in_a_scene_from_the_1956_film_War_and_Peace%2C_directed_by_King_Vidor_1956_-_Touring_Club_Italiano_04_0730.jpg,Category:Paramount Pictures publicity photos,TRUE
"Photo Audrey Hepburn in a scene from Roman Holiday, a 1953 film directed by William Wyler 1953 - Touring Club Italiano 04 0815.jpg","https://commons.wikimedia.org/wiki/File:Photo_Audrey_Hepburn_in_a_scene_from_Roman_Holiday,_a_1953_film_directed_by_William_Wyler_1953_-_Touring_Club_Italiano_04_0815.jpg",https://upload.wikimedia.org/wikipedia/commons/8/8f/Photo_Audrey_Hepburn_in_a_scene_from_Roman_Holiday%2C_a_1953_film_directed_by_William_Wyler_1953_-_Touring_Club_Italiano_04_0815.jpg,Category:Paramount Pictures publicity photos,TRUE
"Photo Audrey Hepburn, May Britt and other actresses in a scene from War and Peace, a 1956 film directed by King Vidor 1956 - Touring Club Italiano 04 1040.jpg","https://commons.wikimedia.org/wiki/File:Photo_Audrey_Hepburn,_May_Britt_and_other_actresses_in_a_scene_from_War_and_Peace,_a_1956_film_directed_by_King_Vidor_1956_-_Touring_Club_Italiano_04_1040.jpg",https://upload.wikimedia.org/wikipedia/commons/0/0f/Photo_Audrey_Hepburn%2C_May_Britt_and_other_actresses_in_a_scene_from_War_and_Peace%2C_a_1956_film_directed_by_King_Vidor_1956_-_Touring_Club_Italiano_04_1040.jpg,Category:Paramount Pictures publicity photos,TRUE
"Photo Grace Kelly and Cary Grant in a scene from To Catch a Thief, a 1955 film directed by Alfred Hitchcock 1955 - Touring Club Italiano 04 0819.jpg","https://commons.wikimedia.org/wiki/File:Photo_Grace_Kelly_and_Cary_Grant_in_a_scene_from_To_Catch_a_Thief,_a_1955_film_directed_by_Alfred_Hitchcock_1955_-_Touring_Club_Italiano_04_0819.jpg",https://upload.wikimedia.org/wikipedia/commons/c/ce/Photo_Grace_Kelly_and_Cary_Grant_in_a_scene_from_To_Catch_a_Thief%2C_a_1955_film_directed_by_Alfred_Hitchcock_1955_-_Touring_Club_Italiano_04_0819.jpg,Category:Paramount Pictures publicity photos,TRUE
The Poppy Girl's Husband (1919) - 1.jpg,https://commons.wikimedia.org/wiki/File:The_Poppy_Girl%27s_Husband_(1919)_-_1.jpg,https://upload.wikimedia.org/wikipedia/commons/4/4c/The_Poppy_Girl%27s_Husband_%281919%29_-_1.jpg,Category:Paramount Pictures publicity photos,TRUE
The Poppy Girl's Husband (1919) - 2.jpg,https://commons.wikimedia.org/wiki/File:The_Poppy_Girl%27s_Husband_(1919)_-_2.jpg,https://upload.wikimedia.org/wikipedia/commons/3/3e/The_Poppy_Girl%27s_Husband_%281919%29_-_2.jpg,Category:Paramount Pictures publicity photos,TRUE
The Poppy Girl's Husband (1919) - 3.jpg,https://commons.wikimedia.org/wiki/File:The_Poppy_Girl%27s_Husband_(1919)_-_3.jpg,https://upload.wikimedia.org/wikipedia/commons/9/99/The_Poppy_Girl%27s_Husband_%281919%29_-_3.jpg,Category:Paramount Pictures publicity photos,TRUE
The Poppy Girl's Husband (1919) - 4.jpg,https://commons.wikimedia.org/wiki/File:The_Poppy_Girl%27s_Husband_(1919)_-_4.jpg,https://upload.wikimedia.org/wikipedia/commons/a/ad/The_Poppy_Girl%27s_Husband_%281919%29_-_4.jpg,Category:Paramount Pictures publicity photos,TRUE
The Poppy Girl's Husband (1919) - 5.jpg,https://commons.wikimedia.org/wiki/File:The_Poppy_Girl%27s_Husband_(1919)_-_5.jpg,https://upload.wikimedia.org/wikipedia/commons/4/49/The_Poppy_Girl%27s_Husband_%281919%29_-_5.jpg,Category:Paramount Pictures publicity photos,TRUE
Press photo of William Holden and Gloria Swanson in Sunset Boulevard (front).jpg,https://commons.wikimedia.org/wiki/File:Press_photo_of_William_Holden_and_Gloria_Swanson_in_Sunset_Boulevard_(front).jpg,https://upload.wikimedia.org/wikipedia/commons/a/ac/Press_photo_of_William_Holden_and_Gloria_Swanson_in_Sunset_Boulevard_%28front%29.jpg,Category:Paramount Pictures publicity photos,2026-09-07
Marjorie Daw and Forrest Stanley for The Pride of Palomar.jpg,https://commons.wikimedia.org/wiki/File:Marjorie_Daw_and_Forrest_Stanley_for_The_Pride_of_Palomar.jpg,https://upload.wikimedia.org/wikipedia/commons/c/c3/Marjorie_Daw_and_Forrest_Stanley_for_The_Pride_of_Palomar.jpg,Category:Paramount Pictures publicity photos,TRUE
A Prince There Was (1921) - 1 (cropped).jpg,https://commons.wikimedia.org/wiki/File:A_Prince_There_Was_(1921)_-_1_(cropped).jpg,https://upload.wikimedia.org/wikipedia/commons/c/c8/A_Prince_There_Was_%281921%29_-_1_%28cropped%29.jpg,Category:Paramount Pictures publicity photos,LOWRES
A Prince There Was (1921) - 1.jpg,https://commons.wikimedia.org/wiki/File:A_Prince_There_Was_(1921)_-_1.jpg,https://upload.wikimedia.org/wikipedia/commons/5/5f/A_Prince_There_Was_%281921%29_-_1.jpg,Category:Paramount Pictures publicity photos,LOWRES
A Prince There Was (1921) - 3.jpg,https://commons.wikimedia.org/wiki/File:A_Prince_There_Was_(1921)_-_3.jpg,https://upload.wikimedia.org/wikipedia/commons/c/cb/A_Prince_There_Was_%281921%29_-_3.jpg,Category:Paramount Pictures publicity photos,LOWRES
A Prince There Was still .jpg,https://commons.wikimedia.org/wiki/File:A_Prince_There_Was_still_.jpg,https://upload.wikimedia.org/wikipedia/commons/c/ce/A_Prince_There_Was_still_.jpg,Category:Paramount Pictures publicity photos,TRUE
Public Opinion (1916) - 1.jpg,https://commons.wikimedia.org/wiki/File:Public_Opinion_(1916)_-_1.jpg,https://upload.wikimedia.org/wikipedia/commons/b/b2/Public_Opinion_%281916%29_-_1.jpg,Category:Paramount Pictures publicity photos,TRUE
Publicity photo from filming The Thundering Herd 1924.jpg,https://commons.wikimedia.org/wiki/File:Publicity_photo_from_filming_The_Thundering_Herd_1924.jpg,https://upload.wikimedia.org/wikipedia/commons/b/bb/Publicity_photo_from_filming_The_Thundering_Herd_1924.jpg,Category:Paramount Pictures publicity photos,TRUE
Putting It Over (1919) - 1.jpg,https://commons.wikimedia.org/wiki/File:Putting_It_Over_(1919)_-_1.jpg,https://upload.wikimedia.org/wikipedia/commons/1/13/Putting_It_Over_%281919%29_-_1.jpg,Category:Paramount Pictures publicity photos,TRUE
The Quarterback (SAYRE 14063).jpg,https://commons.wikimedia.org/wiki/File:The_Quarterback_(SAYRE_14063).jpg,https://upload.wikimedia.org/wikipedia/commons/0/09/The_Quarterback_%28SAYRE_14063%29.jpg,Category:Paramount Pictures publicity photos,FALSE
The Quarterback (SAYRE 14066).jpg,https://commons.wikimedia.org/wiki/File:The_Quarterback_(SAYRE_14066).jpg,https://upload.wikimedia.org/wikipedia/commons/6/61/The_Quarterback_%28SAYRE_14066%29.jpg,Category:Paramount Pictures publicity photos,2026-09-24
Quicksand (1918) - 1.jpg,https://commons.wikimedia.org/wiki/File:Quicksand_(1918)_-_1.jpg,https://upload.wikimedia.org/wikipedia/commons/b/b9/Quicksand_%281918%29_-_1.jpg,Category:Paramount Pictures publicity photos,LOWRES
Rafaela Ottiano in She Done Him Wrong.jpg,https://commons.wikimedia.org/wiki/File:Rafaela_Ottiano_in_She_Done_Him_Wrong.jpg,https://upload.wikimedia.org/wikipedia/commons/7/7b/Rafaela_Ottiano_in_She_Done_Him_Wrong.jpg,Category:Paramount Pictures publicity photos,TRUE
Raoul Paoli -Cinéma - A night of mystery - 1928.jpg,https://commons.wikimedia.org/wiki/File:Raoul_Paoli_-Cin%C3%A9ma_-_A_night_of_mystery_-_1928.jpg,https://upload.wikimedia.org/wikipedia/commons/f/fa/Raoul_Paoli_-Cin%C3%A9ma_-_A_night_of_mystery_-_1928.jpg,Category:Paramount Pictures publicity photos,TRUE
Raoul Paoli-Cinéma - Beau sabreur - 1928.jpg,https://commons.wikimedia.org/wiki/File:Raoul_Paoli-Cin%C3%A9ma_-_Beau_sabreur_-_1928.jpg,https://upload.wikimedia.org/wikipedia/commons/1/1a/Raoul_Paoli-Cin%C3%A9ma_-_Beau_sabreur_-_1928.jpg,Category:Paramount Pictures publicity photos,TRUE
A Regular Fellow (1925) - 1.jpg,https://commons.wikimedia.org/wiki/File:A_Regular_Fellow_(1925)_-_1.jpg,https://upload.wikimedia.org/wikipedia/commons/7/7b/A_Regular_Fellow_%281925%29_-_1.jpg,Category:Paramount Pictures publicity photos,LOWRES
A Regular Fellow (1925) - 2.jpg,https://commons.wikimedia.org/wiki/File:A_Regular_Fellow_(1925)_-_2.jpg,https://upload.wikimedia.org/wikipedia/commons/3/3a/A_Regular_Fellow_%281925%29_-_2.jpg,Category:Paramount Pictures publicity photos,TRUE
Richard Jaeckel crop 03.jpg,https://commons.wikimedia.org/wiki/File:Richard_Jaeckel_crop_03.jpg,https://upload.wikimedia.org/wikipedia/commons/9/98/Richard_Jaeckel_crop_03.jpg,Category:Paramount Pictures publicity photos,LOWRES
Richard Jaeckel crop.jpg,https://commons.wikimedia.org/wiki/File:Richard_Jaeckel_crop.jpg,https://upload.wikimedia.org/wikipedia/commons/4/44/Richard_Jaeckel_crop.jpg,Category:Paramount Pictures publicity photos,TRUE
Paul Lukas Ruth Chatterton The Right To Love.jpg,https://commons.wikimedia.org/wiki/File:Paul_Lukas_Ruth_Chatterton_The_Right_To_Love.jpg,https://upload.wikimedia.org/wikipedia/commons/f/fd/Paul_Lukas_Ruth_Chatterton_The_Right_To_Love.jpg,Category:Paramount Pictures publicity photos,TRUE
Ronald Colman still from Beau Geste 1926.jpg,https://commons.wikimedia.org/wiki/File:Ronald_Colman_still_from_Beau_Geste_1926.jpg,https://upload.wikimedia.org/wikipedia/commons/b/b8/Ronald_Colman_still_from_Beau_Geste_1926.jpg,Category:Paramount Pictures publicity photos,TRUE
Rosemary Clooney 1954.jpg,https://commons.wikimedia.org/wiki/File:Rosemary_Clooney_1954.jpg,https://upload.wikimedia.org/wikipedia/commons/f/f4/Rosemary_Clooney_1954.jpg,Category:Paramount Pictures publicity photos,LOWRES
Charles Farrell and Fred Kohler in The Rough Riders.jpg,https://commons.wikimedia.org/wiki/File:Charles_Farrell_and_Fred_Kohler_in_The_Rough_Riders.jpg,https://upload.wikimedia.org/wikipedia/commons/0/01/Charles_Farrell_and_Fred_Kohler_in_The_Rough_Riders.jpg,Category:Paramount Pictures publicity photos,TRUE
George Bancroft and Noah Beery in The Rough Riders.jpg,https://commons.wikimedia.org/wiki/File:George_Bancroft_and_Noah_Beery_in_The_Rough_Riders.jpg,https://upload.wikimedia.org/wikipedia/commons/d/d5/George_Bancroft_and_Noah_Beery_in_The_Rough_Riders.jpg,Category:Paramount Pictures publicity photos,TRUE
The Rough Riders (1927) - 1.jpg,https://commons.wikimedia.org/wiki/File:The_Rough_Riders_(1927)_-_1.jpg,https://upload.wikimedia.org/wikipedia/commons/5/54/The_Rough_Riders_%281927%29_-_1.jpg,Category:Paramount Pictures publicity photos,TRUE
The Rough Riders (SAYRE 14407).jpg,https://commons.wikimedia.org/wiki/File:The_Rough_Riders_(SAYRE_14407).jpg,https://upload.wikimedia.org/wikipedia/commons/9/91/The_Rough_Riders_%28SAYRE_14407%29.jpg,Category:Paramount Pictures publicity photos,TRUE
"Victor Fleming, Hermann Hagedorn, and potential Roosevelt doubles on the set of The Rough Riders.jpg","https://commons.wikimedia.org/wiki/File:Victor_Fleming,_Hermann_Hagedorn,_and_potential_Roosevelt_doubles_on_the_set_of_The_Rough_Riders.jpg",https://upload.wikimedia.org/wikipedia/commons/c/c0/Victor_Fleming%2C_Hermann_Hagedorn%2C_and_potential_Roosevelt_doubles_on_the_set_of_The_Rough_Riders.jpg,Category:Paramount Pictures publicity photos,TRUE
Rudolph Valentino - Jan 1922 Photoplay.jpg,https://commons.wikimedia.org/wiki/File:Rudolph_Valentino_-_Jan_1922_Photoplay.jpg,https://upload.wikimedia.org/wikipedia/commons/5/53/Rudolph_Valentino_-_Jan_1922_Photoplay.jpg,Category:Paramount Pictures publicity photos,TRUE
Rudolph Valentino - Sep 1922 Photoplay.jpg,https://commons.wikimedia.org/wiki/File:Rudolph_Valentino_-_Sep_1922_Photoplay.jpg,https://upload.wikimedia.org/wikipedia/commons/8/81/Rudolph_Valentino_-_Sep_1922_Photoplay.jpg,Category:Paramount Pictures publicity photos,2026-09-21
Rudolph Valentino in the Blue Book of the Screen 02.jpg,https://commons.wikimedia.org/wiki/File:Rudolph_Valentino_in_the_Blue_Book_of_the_Screen_02.jpg,https://upload.wikimedia.org/wikipedia/commons/4/48/Rudolph_Valentino_in_the_Blue_Book_of_the_Screen_02.jpg,Category:Paramount Pictures publicity photos,TRUE
S Loren.jpg,https://commons.wikimedia.org/wiki/File:S_Loren.jpg,https://upload.wikimedia.org/wikipedia/commons/6/67/S_Loren.jpg,Category:Paramount Pictures publicity photos,TRUE
Hepburn Holden Sabrina Publicity Photo 1954.jpg,https://commons.wikimedia.org/wiki/File:Hepburn_Holden_Sabrina_Publicity_Photo_1954.jpg,https://upload.wikimedia.org/wikipedia/commons/6/62/Hepburn_Holden_Sabrina_Publicity_Photo_1954.jpg,Category:Paramount Pictures publicity photos,LOWRES
Holden-Hepburn-Sabrina.jpg,https://commons.wikimedia.org/wiki/File:Holden-Hepburn-Sabrina.jpg,https://upload.wikimedia.org/wikipedia/commons/2/2f/Holden-Hepburn-Sabrina.jpg,Category:Paramount Pictures publicity photos,TRUE
"A Sainted Devil - Pictures and the Picturegoer, November 1924.jpg","https://commons.wikimedia.org/wiki/File:A_Sainted_Devil_-_Pictures_and_the_Picturegoer,_November_1924.jpg",https://upload.wikimedia.org/wikipedia/commons/8/84/A_Sainted_Devil_-_Pictures_and_the_Picturegoer%2C_November_1924.jpg,Category:Paramount Pictures publicity photos,2026-09-16
A Sainted Devil - Valentino.jpg,https://commons.wikimedia.org/wiki/File:A_Sainted_Devil_-_Valentino.jpg,https://upload.wikimedia.org/wikipedia/commons/8/83/A_Sainted_Devil_-_Valentino.jpg,Category:Paramount Pictures publicity photos,TRUE
Helena D'Algy-Rudolph Valentino in A Sainted Devil.jpg,https://commons.wikimedia.org/wiki/File:Helena_D%27Algy-Rudolph_Valentino_in_A_Sainted_Devil.jpg,https://upload.wikimedia.org/wikipedia/commons/1/1a/Helena_D%27Algy-Rudolph_Valentino_in_A_Sainted_Devil.jpg,Category:Paramount Pictures publicity photos,LOWRES
Nita Naldi-Rudolph Valentino in A Sainted Devil.jpg,https://commons.wikimedia.org/wiki/File:Nita_Naldi-Rudolph_Valentino_in_A_Sainted_Devil.jpg,https://upload.wikimedia.org/wikipedia/commons/4/4b/Nita_Naldi-Rudolph_Valentino_in_A_Sainted_Devil.jpg,Category:Paramount Pictures publicity photos,TRUE
"Rudolph valentino i sangue e arena, 1922.jpg","https://commons.wikimedia.org/wiki/File:Rudolph_valentino_i_sangue_e_arena,_1922.jpg",https://upload.wikimedia.org/wikipedia/commons/f/fe/Rudolph_valentino_i_sangue_e_arena%2C_1922.jpg,Category:Paramount Pictures publicity photos,TRUE
Wedding scene from A Sainted Devil - Valentino.jpg,https://commons.wikimedia.org/wiki/File:Wedding_scene_from_A_Sainted_Devil_-_Valentino.jpg,https://upload.wikimedia.org/wikipedia/commons/9/94/Wedding_scene_from_A_Sainted_Devil_-_Valentino.jpg,Category:Paramount Pictures publicity photos,TRUE
Saints and Sinners.jpg,https://commons.wikimedia.org/wiki/File:Saints_and_Sinners.jpg,https://upload.wikimedia.org/wikipedia/commons/f/ff/Saints_and_Sinners.jpg,Category:Paramount Pictures publicity photos,TRUE
Color photograph of Victor Mature and Hedy Lamarr as Samson and Delilah.jpg,https://commons.wikimedia.org/wiki/File:Color_photograph_of_Victor_Mature_and_Hedy_Lamarr_as_Samson_and_Delilah.jpg,https://upload.wikimedia.org/wikipedia/commons/a/a5/Color_photograph_of_Victor_Mature_and_Hedy_Lamarr_as_Samson_and_Delilah.jpg,Category:Paramount Pictures publicity photos,TRUE
Samson and Delilah film still 2.jpg,https://commons.wikimedia.org/wiki/File:Samson_and_Delilah_film_still_2.jpg,https://upload.wikimedia.org/wikipedia/commons/b/ba/Samson_and_Delilah_film_still_2.jpg,Category:Paramount Pictures publicity photos,TRUE
Samson and Delilah film still.JPG,https://commons.wikimedia.org/wiki/File:Samson_and_Delilah_film_still.JPG,https://upload.wikimedia.org/wikipedia/commons/9/90/Samson_and_Delilah_film_still.JPG,Category:Paramount Pictures publicity photos,TRUE
Jack Oakie The Sap From Syracuse 1930.JPG,https://commons.wikimedia.org/wiki/File:Jack_Oakie_The_Sap_From_Syracuse_1930.JPG,https://upload.wikimedia.org/wikipedia/commons/f/ff/Jack_Oakie_The_Sap_From_Syracuse_1930.JPG,Category:Paramount Pictures publicity photos,TRUE
"Scene from Tabu 3, Film Varia 1.4 (March 1954), rear cover.jpg","https://commons.wikimedia.org/wiki/File:Scene_from_Tabu_3,_Film_Varia_1.4_(March_1954),_rear_cover.jpg",https://upload.wikimedia.org/wikipedia/commons/2/2e/Scene_from_Tabu_3%2C_Film_Varia_1.4_%28March_1954%29%2C_rear_cover.jpg,Category:Paramount Pictures publicity photos,TRUE
Second Chorus (1940) 1.jpg,https://commons.wikimedia.org/wiki/File:Second_Chorus_(1940)_1.jpg,https://upload.wikimedia.org/wikipedia/commons/5/57/Second_Chorus_%281940%29_1.jpg,Category:Paramount Pictures publicity photos,2026-09-18
Raoul Paoli-Cinéma - Senorita - 1927.jpg,https://commons.wikimedia.org/wiki/File:Raoul_Paoli-Cin%C3%A9ma_-_Senorita_-_1927.jpg,https://upload.wikimedia.org/wikipedia/commons/0/05/Raoul_Paoli-Cin%C3%A9ma_-_Senorita_-_1927.jpg,Category:Paramount Pictures publicity photos,2026-09-18
William Powell Marion Shilling Regis Toomey Natalie Moorhead Shadow of the Law 1930.jpg,https://commons.wikimedia.org/wiki/File:William_Powell_Marion_Shilling_Regis_Toomey_Natalie_Moorhead_Shadow_of_the_Law_1930.jpg,https://upload.wikimedia.org/wikipedia/commons/7/71/William_Powell_Marion_Shilling_Regis_Toomey_Natalie_Moorhead_Shadow_of_the_Law_1930.jpg,Category:Paramount Pictures publicity photos,TRUE
Shamley Productions copyright notice for Psycho publicity still in 1960.jpg,https://commons.wikimedia.org/wiki/File:Shamley_Productions_copyright_notice_for_Psycho_publicity_still_in_1960.jpg,https://upload.wikimedia.org/wikipedia/commons/8/88/Shamley_Productions_copyright_notice_for_Psycho_publicity_still_in_1960.jpg,Category:Paramount Pictures publicity photos,REJECT
The Sheik (1921) - 1.jpg,https://commons.wikimedia.org/wiki/File:The_Sheik_(1921)_-_1.jpg,https://upload.wikimedia.org/wikipedia/commons/f/f3/The_Sheik_%281921%29_-_1.jpg,Category:Paramount Pictures publicity photos,TRUE
The Sheik (1921) - 10.jpg,https://commons.wikimedia.org/wiki/File:The_Sheik_(1921)_-_10.jpg,https://upload.wikimedia.org/wikipedia/commons/7/76/The_Sheik_%281921%29_-_10.jpg,Category:Paramount Pictures publicity photos,TRUE
The Sheik (1921) - 6.jpg,https://commons.wikimedia.org/wiki/File:The_Sheik_(1921)_-_6.jpg,https://upload.wikimedia.org/wikipedia/commons/7/71/The_Sheik_%281921%29_-_6.jpg,Category:Paramount Pictures publicity photos,TRUE
The Sheik (1921) - 7.jpg,https://commons.wikimedia.org/wiki/File:The_Sheik_(1921)_-_7.jpg,https://upload.wikimedia.org/wikipedia/commons/3/3c/The_Sheik_%281921%29_-_7.jpg,Category:Paramount Pictures publicity photos,TRUE
The Sheik (1921) - Mar 1922 MW.jpg,https://commons.wikimedia.org/wiki/File:The_Sheik_(1921)_-_Mar_1922_MW.jpg,https://upload.wikimedia.org/wikipedia/commons/b/b1/The_Sheik_%281921%29_-_Mar_1922_MW.jpg,Category:Paramount Pictures publicity photos,TRUE
The Sheik (1921) - Nov 1921 Photoplay.jpg,https://commons.wikimedia.org/wiki/File:The_Sheik_(1921)_-_Nov_1921_Photoplay.jpg,https://upload.wikimedia.org/wikipedia/commons/0/08/The_Sheik_%281921%29_-_Nov_1921_Photoplay.jpg,Category:Paramount Pictures publicity photos,TRUE
The Sheik (1921) - Valentino & Ayres.jpg,https://commons.wikimedia.org/wiki/File:The_Sheik_(1921)_-_Valentino_%26_Ayres.jpg,https://upload.wikimedia.org/wikipedia/commons/4/4b/The_Sheik_%281921%29_-_Valentino_%26_Ayres.jpg,Category:Paramount Pictures publicity photos,TRUE
The Sheik (SAYRE 14315).jpg,https://commons.wikimedia.org/wiki/File:The_Sheik_(SAYRE_14315).jpg,https://upload.wikimedia.org/wikipedia/commons/c/c8/The_Sheik_%28SAYRE_14315%29.jpg,Category:Paramount Pictures publicity photos,TRUE
The Sheik - A History of the Movies.jpg,https://commons.wikimedia.org/wiki/File:The_Sheik_-_A_History_of_the_Movies.jpg,https://upload.wikimedia.org/wikipedia/commons/4/45/The_Sheik_-_A_History_of_the_Movies.jpg,Category:Paramount Pictures publicity photos,TRUE
Valentino Biddle Keyes.jpg,https://commons.wikimedia.org/wiki/File:Valentino_Biddle_Keyes.jpg,https://upload.wikimedia.org/wikipedia/commons/4/47/Valentino_Biddle_Keyes.jpg,Category:Paramount Pictures publicity photos,TRUE
Valentino The Sheik.jpg,https://commons.wikimedia.org/wiki/File:Valentino_The_Sheik.jpg,https://upload.wikimedia.org/wikipedia/commons/2/2c/Valentino_The_Sheik.jpg,Category:Paramount Pictures publicity photos,TRUE
"Shirley Booth and producer Hal Wallis, 1953.jpg","https://commons.wikimedia.org/wiki/File:Shirley_Booth_and_producer_Hal_Wallis,_1953.jpg",https://upload.wikimedia.org/wikipedia/commons/e/e6/Shirley_Booth_and_producer_Hal_Wallis%2C_1953.jpg,Category:Paramount Pictures publicity photos,LOWRES
Showoff.jpg,https://commons.wikimedia.org/wiki/File:Showoff.jpg,https://upload.wikimedia.org/wikipedia/commons/0/02/Showoff.jpg,Category:Paramount Pictures publicity photos,TRUE
"A scene from ""Sick Abed"" with Wallace Reid (SAYRE 14275).jpg",https://commons.wikimedia.org/wiki/File:A_scene_from_%22Sick_Abed%22_with_Wallace_Reid_(SAYRE_14275).jpg,https://upload.wikimedia.org/wikipedia/commons/a/ae/A_scene_from_%22Sick_Abed%22_with_Wallace_Reid_%28SAYRE_14275%29.jpg,Category:Paramount Pictures publicity photos,TRUE
Sick Abed 01.jpg,https://commons.wikimedia.org/wiki/File:Sick_Abed_01.jpg,https://upload.wikimedia.org/wikipedia/commons/7/76/Sick_Abed_01.jpg,Category:Paramount Pictures publicity photos,TRUE
Sick Abed 02.jpg,https://commons.wikimedia.org/wiki/File:Sick_Abed_02.jpg,https://upload.wikimedia.org/wikipedia/commons/7/74/Sick_Abed_02.jpg,Category:Paramount Pictures publicity photos,TRUE
Sick Abed 03.jpg,https://commons.wikimedia.org/wiki/File:Sick_Abed_03.jpg,https://upload.wikimedia.org/wikipedia/commons/0/05/Sick_Abed_03.jpg,Category:Paramount Pictures publicity photos,TRUE
Sick Abed 04.jpg,https://commons.wikimedia.org/wiki/File:Sick_Abed_04.jpg,https://upload.wikimedia.org/wikipedia/commons/1/19/Sick_Abed_04.jpg,Category:Paramount Pictures publicity photos,TRUE
Silent film actor Neil Hamilton (SAYRE 3498).jpg,https://commons.wikimedia.org/wiki/File:Silent_film_actor_Neil_Hamilton_(SAYRE_3498).jpg,https://upload.wikimedia.org/wikipedia/commons/d/d7/Silent_film_actor_Neil_Hamilton_%28SAYRE_3498%29.jpg,Category:Paramount Pictures publicity photos,2026-09-10
Silent film actor Rockliffe Fellowes (SAYRE 254).jpg,https://commons.wikimedia.org/wiki/File:Silent_film_actor_Rockliffe_Fellowes_(SAYRE_254).jpg,https://upload.wikimedia.org/wikipedia/commons/9/94/Silent_film_actor_Rockliffe_Fellowes_%28SAYRE_254%29.jpg,Category:Paramount Pictures publicity photos,TRUE
Silks and Satins.jpg,https://commons.wikimedia.org/wiki/File:Silks_and_Satins.jpg,https://upload.wikimedia.org/wikipedia/commons/0/06/Silks_and_Satins.jpg,Category:Paramount Pictures publicity photos,TRUE
The Smugglers still.jpg,https://commons.wikimedia.org/wiki/File:The_Smugglers_still.jpg,https://upload.wikimedia.org/wikipedia/commons/4/42/The_Smugglers_still.jpg,Category:Paramount Pictures publicity photos,TRUE
The Son of Democracy (1918) - Benjamin Chapin.jpg,https://commons.wikimedia.org/wiki/File:The_Son_of_Democracy_(1918)_-_Benjamin_Chapin.jpg,https://upload.wikimedia.org/wikipedia/commons/e/e4/The_Son_of_Democracy_%281918%29_-_Benjamin_Chapin.jpg,Category:Paramount Pictures publicity photos,TRUE
Bessie Love in A Son of His Father (cropped).jpg,https://commons.wikimedia.org/wiki/File:Bessie_Love_in_A_Son_of_His_Father_(cropped).jpg,https://upload.wikimedia.org/wikipedia/commons/d/de/Bessie_Love_in_A_Son_of_His_Father_%28cropped%29.jpg,Category:Paramount Pictures publicity photos,TRUE
Bessie Love in A Son of His Father.jpg,https://commons.wikimedia.org/wiki/File:Bessie_Love_in_A_Son_of_His_Father.jpg,https://upload.wikimedia.org/wikipedia/commons/b/b7/Bessie_Love_in_A_Son_of_His_Father.jpg,Category:Paramount Pictures publicity photos,TRUE
"A scene from ""The Song of Songs"" (SAYRE 13220).jpg",https://commons.wikimedia.org/wiki/File:A_scene_from_%22The_Song_of_Songs%22_(SAYRE_13220).jpg,https://upload.wikimedia.org/wikipedia/commons/b/b0/A_scene_from_%22The_Song_of_Songs%22_%28SAYRE_13220%29.jpg,Category:Paramount Pictures publicity photos,2026-09-24
Sophia Loren - 1959.jpg,https://commons.wikimedia.org/wiki/File:Sophia_Loren_-_1959.jpg,https://upload.wikimedia.org/wikipedia/commons/a/af/Sophia_Loren_-_1959.jpg,Category:Paramount Pictures publicity photos,LOWRES
Sorrows of Satan (SAYRE 14625).jpg,https://commons.wikimedia.org/wiki/File:Sorrows_of_Satan_(SAYRE_14625).jpg,https://upload.wikimedia.org/wikipedia/commons/5/58/Sorrows_of_Satan_%28SAYRE_14625%29.jpg,Category:Paramount Pictures publicity photos,2026-09-16
The Sorrows of Satan (1926) - 2.jpg,https://commons.wikimedia.org/wiki/File:The_Sorrows_of_Satan_(1926)_-_2.jpg,https://upload.wikimedia.org/wikipedia/commons/6/62/The_Sorrows_of_Satan_%281926%29_-_2.jpg,Category:Paramount Pictures publicity photos,LOWRES
The Sorrows of Satan (1926) - 3.jpg,https://commons.wikimedia.org/wiki/File:The_Sorrows_of_Satan_(1926)_-_3.jpg,https://upload.wikimedia.org/wikipedia/commons/3/37/The_Sorrows_of_Satan_%281926%29_-_3.jpg,Category:Paramount Pictures publicity photos,TRUE
The Sorrows of Satan (1926) - 7.jpg,https://commons.wikimedia.org/wiki/File:The_Sorrows_of_Satan_(1926)_-_7.jpg,https://upload.wikimedia.org/wikipedia/commons/5/52/The_Sorrows_of_Satan_%281926%29_-_7.jpg,Category:Paramount Pictures publicity photos,LOWRES
Spring (1920) - 1.jpg,https://commons.wikimedia.org/wiki/File:Spring_(1920)_-_1.jpg,https://upload.wikimedia.org/wikipedia/commons/0/02/Spring_%281920%29_-_1.jpg,Category:Paramount Pictures publicity photos,LOWRES
Cameron in the spy film still 1929.jpg,https://commons.wikimedia.org/wiki/File:Cameron_in_the_spy_film_still_1929.jpg,https://upload.wikimedia.org/wikipedia/commons/0/01/Cameron_in_the_spy_film_still_1929.jpg,Category:Paramount Pictures publicity photos,TRUE
William S. Hart in Square Deal Sanderson cph.3b14501.jpg,https://commons.wikimedia.org/wiki/File:William_S._Hart_in_Square_Deal_Sanderson_cph.3b14501.jpg,https://upload.wikimedia.org/wikipedia/commons/3/38/William_S._Hart_in_Square_Deal_Sanderson_cph.3b14501.jpg,Category:Paramount Pictures publicity photos,2026-09-08
Square Deal Sanderson (1919) - 2.jpg,https://commons.wikimedia.org/wiki/File:Square_Deal_Sanderson_(1919)_-_2.jpg,https://upload.wikimedia.org/wikipedia/commons/7/71/Square_Deal_Sanderson_%281919%29_-_2.jpg,Category:Paramount Pictures publicity photos,LOWRES
Square Deal Sanderson (1919) - 3.jpg,https://commons.wikimedia.org/wiki/File:Square_Deal_Sanderson_(1919)_-_3.jpg,https://upload.wikimedia.org/wikipedia/commons/2/23/Square_Deal_Sanderson_%281919%29_-_3.jpg,Category:Paramount Pictures publicity photos,TRUE
Squaw Man Still 1.jpg,https://commons.wikimedia.org/wiki/File:Squaw_Man_Still_1.jpg,https://upload.wikimedia.org/wikipedia/commons/0/0e/Squaw_Man_Still_1.jpg,Category:Paramount Pictures publicity photos,TRUE
Squaw Man Still 2.jpg,https://commons.wikimedia.org/wiki/File:Squaw_Man_Still_2.jpg,https://upload.wikimedia.org/wikipedia/commons/6/6a/Squaw_Man_Still_2.jpg,Category:Paramount Pictures publicity photos,FALSE
Dustin Farnum and Red Wing-1914.jpg,https://commons.wikimedia.org/wiki/File:Dustin_Farnum_and_Red_Wing-1914.jpg,https://upload.wikimedia.org/wikipedia/commons/5/59/Dustin_Farnum_and_Red_Wing-1914.jpg,Category:Paramount Pictures publicity photos,TRUE
Squawman1914.jpg,https://commons.wikimedia.org/wiki/File:Squawman1914.jpg,https://upload.wikimedia.org/wikipedia/commons/8/87/Squawman1914.jpg,Category:Paramount Pictures publicity photos,TRUE
Michael Redgrave (SAYRE 8505).jpg,https://commons.wikimedia.org/wiki/File:Michael_Redgrave_(SAYRE_8505).jpg,https://upload.wikimedia.org/wikipedia/commons/f/f4/Michael_Redgrave_%28SAYRE_8505%29.jpg,Category:Paramount Pictures publicity photos,TRUE
Streisand - Clear Day 1970.JPG,https://commons.wikimedia.org/wiki/File:Streisand_-_Clear_Day_1970.JPG,https://upload.wikimedia.org/wikipedia/commons/9/95/Streisand_-_Clear_Day_1970.JPG,Category:Paramount Pictures publicity photos,LOWRES
The Stronger Love 1916 - publicity photo b.jpg,https://commons.wikimedia.org/wiki/File:The_Stronger_Love_1916_-_publicity_photo_b.jpg,https://upload.wikimedia.org/wikipedia/commons/b/b2/The_Stronger_Love_1916_-_publicity_photo_b.jpg,Category:Paramount Pictures publicity photos,TRUE
The Stronger Love 1916 - publicity photo.jpg,https://commons.wikimedia.org/wiki/File:The_Stronger_Love_1916_-_publicity_photo.jpg,https://upload.wikimedia.org/wikipedia/commons/5/5d/The_Stronger_Love_1916_-_publicity_photo.jpg,Category:Paramount Pictures publicity photos,2026-09-14
Sullivan's-Travels-1942.jpg,https://commons.wikimedia.org/wiki/File:Sullivan%27s-Travels-1942.jpg,https://upload.wikimedia.org/wikipedia/commons/f/f4/Sullivan%27s-Travels-1942.jpg,Category:Paramount Pictures publicity photos,2026-09-15
Susan Hayward by A. L. Whitey Schafer 2.jpg,https://commons.wikimedia.org/wiki/File:Susan_Hayward_by_A._L._Whitey_Schafer_2.jpg,https://upload.wikimedia.org/wikipedia/commons/7/74/Susan_Hayward_by_A._L._Whitey_Schafer_2.jpg,Category:Paramount Pictures publicity photos,TRUE
Ann Pennington as Susie Snowflake 1.JPG,https://commons.wikimedia.org/wiki/File:Ann_Pennington_as_Susie_Snowflake_1.JPG,https://upload.wikimedia.org/wikipedia/commons/0/01/Ann_Pennington_as_Susie_Snowflake_1.JPG,Category:Paramount Pictures publicity photos,TRUE
Susie Snowflake 2.jpg,https://commons.wikimedia.org/wiki/File:Susie_Snowflake_2.jpg,https://upload.wikimedia.org/wikipedia/commons/7/7b/Susie_Snowflake_2.jpg,Category:Paramount Pictures publicity photos,TRUE
Susie Snowflake.jpg,https://commons.wikimedia.org/wiki/File:Susie_Snowflake.jpg,https://upload.wikimedia.org/wikipedia/commons/f/fa/Susie_Snowflake.jpg,Category:Paramount Pictures publicity photos,TRUE
Sweet Kitty Bellairs.jpg,https://commons.wikimedia.org/wiki/File:Sweet_Kitty_Bellairs.jpg,https://upload.wikimedia.org/wikipedia/commons/7/7f/Sweet_Kitty_Bellairs.jpg,Category:Paramount Pictures publicity photos,TRUE
Sylvia Sidney - still.jpg,https://commons.wikimedia.org/wiki/File:Sylvia_Sidney_-_still.jpg,https://upload.wikimedia.org/wikipedia/commons/4/48/Sylvia_Sidney_-_still.jpg,Category:Paramount Pictures publicity photos,TRUE
Table Manners in the Nursery.jpg,https://commons.wikimedia.org/wiki/File:Table_Manners_in_the_Nursery.jpg,https://upload.wikimedia.org/wikipedia/commons/e/ec/Table_Manners_in_the_Nursery.jpg,Category:Paramount Pictures publicity photos,LOWRES
Anne Chevalier in Tabu 04.jpg,https://commons.wikimedia.org/wiki/File:Anne_Chevalier_in_Tabu_04.jpg,https://upload.wikimedia.org/wikipedia/commons/5/5f/Anne_Chevalier_in_Tabu_04.jpg,Category:Paramount Pictures publicity photos,TRUE
PC-RM-Curtis 028.jpg,https://commons.wikimedia.org/wiki/File:PC-RM-Curtis_028.jpg,https://upload.wikimedia.org/wikipedia/commons/8/84/PC-RM-Curtis_028.jpg,Category:Paramount Pictures publicity photos,LOWRES
PC-RM-Curtis 040.jpg,https://commons.wikimedia.org/wiki/File:PC-RM-Curtis_040.jpg,https://upload.wikimedia.org/wikipedia/commons/3/31/PC-RM-Curtis_040.jpg,Category:Paramount Pictures publicity photos,LOWRES
PC-RM-Curtis 043.jpg,https://commons.wikimedia.org/wiki/File:PC-RM-Curtis_043.jpg,https://upload.wikimedia.org/wikipedia/commons/4/4a/PC-RM-Curtis_043.jpg,Category:Paramount Pictures publicity photos,TRUE
PC-RM-Curtis 053.jpg,https://commons.wikimedia.org/wiki/File:PC-RM-Curtis_053.jpg,https://upload.wikimedia.org/wikipedia/commons/f/f7/PC-RM-Curtis_053.jpg,Category:Paramount Pictures publicity photos,TRUE
PC-RM-Curtis 064.jpg,https://commons.wikimedia.org/wiki/File:PC-RM-Curtis_064.jpg,https://upload.wikimedia.org/wikipedia/commons/d/db/PC-RM-Curtis_064.jpg,Category:Paramount Pictures publicity photos,LOWRES
PC-RM-Curtis 082.jpg,https://commons.wikimedia.org/wiki/File:PC-RM-Curtis_082.jpg,https://upload.wikimedia.org/wikipedia/commons/f/f9/PC-RM-Curtis_082.jpg,Category:Paramount Pictures publicity photos,TRUE
PC-RM-Curtis 086.jpg,https://commons.wikimedia.org/wiki/File:PC-RM-Curtis_086.jpg,https://upload.wikimedia.org/wikipedia/commons/1/1a/PC-RM-Curtis_086.jpg,Category:Paramount Pictures publicity photos,TRUE
PC-RM-Curtis 416.jpg,https://commons.wikimedia.org/wiki/File:PC-RM-Curtis_416.jpg,https://upload.wikimedia.org/wikipedia/commons/0/0d/PC-RM-Curtis_416.jpg,Category:Paramount Pictures publicity photos,LOWRES
PC-RM-Curtis 546.jpg,https://commons.wikimedia.org/wiki/File:PC-RM-Curtis_546.jpg,https://upload.wikimedia.org/wikipedia/commons/a/aa/PC-RM-Curtis_546.jpg,Category:Paramount Pictures publicity photos,TRUE
PC-RM-Curtis 547.jpg,https://commons.wikimedia.org/wiki/File:PC-RM-Curtis_547.jpg,https://upload.wikimedia.org/wikipedia/commons/b/be/PC-RM-Curtis_547.jpg,Category:Paramount Pictures publicity photos,TRUE
PC-RM-Curtis 587.jpg,https://commons.wikimedia.org/wiki/File:PC-RM-Curtis_587.jpg,https://upload.wikimedia.org/wikipedia/commons/9/92/PC-RM-Curtis_587.jpg,Category:Paramount Pictures publicity photos,TRUE
The Ten Commandments (1923) - 10.jpg,https://commons.wikimedia.org/wiki/File:The_Ten_Commandments_(1923)_-_10.jpg,https://upload.wikimedia.org/wikipedia/commons/1/1c/The_Ten_Commandments_%281923%29_-_10.jpg,Category:Paramount Pictures publicity photos,TRUE
The Ten Commandments (SAYRE 13945).jpg,https://commons.wikimedia.org/wiki/File:The_Ten_Commandments_(SAYRE_13945).jpg,https://upload.wikimedia.org/wikipedia/commons/d/d6/The_Ten_Commandments_%28SAYRE_13945%29.jpg,Category:Paramount Pictures publicity photos,FALSE
The Ten Commandments (SAYRE 14199).jpg,https://commons.wikimedia.org/wiki/File:The_Ten_Commandments_(SAYRE_14199).jpg,https://upload.wikimedia.org/wikipedia/commons/1/16/The_Ten_Commandments_%28SAYRE_14199%29.jpg,Category:Paramount Pictures publicity photos,FALSE
The Ten Commandments (SAYRE 14473).jpg,https://commons.wikimedia.org/wiki/File:The_Ten_Commandments_(SAYRE_14473).jpg,https://upload.wikimedia.org/wikipedia/commons/7/7f/The_Ten_Commandments_%28SAYRE_14473%29.jpg,Category:Paramount Pictures publicity photos,TRUE
The Ten Commandments (SAYRE 14741).jpg,https://commons.wikimedia.org/wiki/File:The_Ten_Commandments_(SAYRE_14741).jpg,https://upload.wikimedia.org/wikipedia/commons/1/11/The_Ten_Commandments_%28SAYRE_14741%29.jpg,Category:Paramount Pictures publicity photos,TRUE
"Theodore Roberts as Moses in ""The Ten Commandments"" (SAYRE 14459).jpg",https://commons.wikimedia.org/wiki/File:Theodore_Roberts_as_Moses_in_%22The_Ten_Commandments%22_(SAYRE_14459).jpg,https://upload.wikimedia.org/wikipedia/commons/2/2f/Theodore_Roberts_as_Moses_in_%22The_Ten_Commandments%22_%28SAYRE_14459%29.jpg,Category:Paramount Pictures publicity photos,TRUE
Tennessees Pardner-1916-newspaperscene.jpg,https://commons.wikimedia.org/wiki/File:Tennessees_Pardner-1916-newspaperscene.jpg,https://upload.wikimedia.org/wikipedia/commons/9/96/Tennessees_Pardner-1916-newspaperscene.jpg,Category:Paramount Pictures publicity photos,TRUE
Gary Cooper and Fay Wray in The Texan 1930.jpg,https://commons.wikimedia.org/wiki/File:Gary_Cooper_and_Fay_Wray_in_The_Texan_1930.jpg,https://upload.wikimedia.org/wikipedia/commons/e/e8/Gary_Cooper_and_Fay_Wray_in_The_Texan_1930.jpg,Category:Paramount Pictures publicity photos,TRUE
That Royle Girl (1925) - 1.jpg,https://commons.wikimedia.org/wiki/File:That_Royle_Girl_(1925)_-_1.jpg,https://upload.wikimedia.org/wikipedia/commons/d/df/That_Royle_Girl_%281925%29_-_1.jpg,Category:Paramount Pictures publicity photos,TRUE
That Royle Girl (SAYRE 14360).jpg,https://commons.wikimedia.org/wiki/File:That_Royle_Girl_(SAYRE_14360).jpg,https://upload.wikimedia.org/wikipedia/commons/7/79/That_Royle_Girl_%28SAYRE_14360%29.jpg,Category:Paramount Pictures publicity photos,2026-09-16
The Blue Bird (1918) - 1.jpg,https://commons.wikimedia.org/wiki/File:The_Blue_Bird_(1918)_-_1.jpg,https://upload.wikimedia.org/wikipedia/commons/b/b8/The_Blue_Bird_%281918%29_-_1.jpg,Category:Paramount Pictures publicity photos,2026-09-09
The King on Main Street (SAYRE 14228).jpg,https://commons.wikimedia.org/wiki/File:The_King_on_Main_Street_(SAYRE_14228).jpg,https://upload.wikimedia.org/wikipedia/commons/7/7a/The_King_on_Main_Street_%28SAYRE_14228%29.jpg,Category:Paramount Pictures publicity photos,2026-09-24
The Popularity of Sugar.jpg,https://commons.wikimedia.org/wiki/File:The_Popularity_of_Sugar.jpg,https://upload.wikimedia.org/wikipedia/commons/e/e3/The_Popularity_of_Sugar.jpg,Category:Paramount Pictures publicity photos,TRUE
The-Blue-Angel-Dietrich.jpg,https://commons.wikimedia.org/wiki/File:The-Blue-Angel-Dietrich.jpg,https://upload.wikimedia.org/wikipedia/commons/0/03/The-Blue-Angel-Dietrich.jpg,Category:Paramount Pictures publicity photos,TRUE
The-Great-Train-Robbery-1903.jpg,https://commons.wikimedia.org/wiki/File:The-Great-Train-Robbery-1903.jpg,https://upload.wikimedia.org/wikipedia/commons/a/a9/The-Great-Train-Robbery-1903.jpg,Category:Paramount Pictures publicity photos,2026-09-10
Rodolfo Valentino-Commons.jpg,https://commons.wikimedia.org/wiki/File:Rodolfo_Valentino-Commons.jpg,https://upload.wikimedia.org/wikipedia/commons/2/28/Rodolfo_Valentino-Commons.jpg,Category:Paramount Pictures publicity photos,TRUE
TheSquawMan1914.jpg,https://commons.wikimedia.org/wiki/File:TheSquawMan1914.jpg,https://upload.wikimedia.org/wikipedia/commons/f/fc/TheSquawMan1914.jpg,Category:Paramount Pictures publicity photos,LOWRES
The Thousand-Dollar Husband.jpg,https://commons.wikimedia.org/wiki/File:The_Thousand-Dollar_Husband.jpg,https://upload.wikimedia.org/wikipedia/commons/a/af/The_Thousand-Dollar_Husband.jpg,Category:Paramount Pictures publicity photos,TRUE
Pola Negri and Warner Baxter - Three Sinners 5.jpg,https://commons.wikimedia.org/wiki/File:Pola_Negri_and_Warner_Baxter_-_Three_Sinners_5.jpg,https://upload.wikimedia.org/wikipedia/commons/c/cf/Pola_Negri_and_Warner_Baxter_-_Three_Sinners_5.jpg,Category:Paramount Pictures publicity photos,TRUE
Three Sinners (SAYRE 14248).jpg,https://commons.wikimedia.org/wiki/File:Three_Sinners_(SAYRE_14248).jpg,https://upload.wikimedia.org/wikipedia/commons/f/fe/Three_Sinners_%28SAYRE_14248%29.jpg,Category:Paramount Pictures publicity photos,TRUE
Three Week-Ends (SAYRE 13954).jpg,https://commons.wikimedia.org/wiki/File:Three_Week-Ends_(SAYRE_13954).jpg,https://upload.wikimedia.org/wikipedia/commons/3/3d/Three_Week-Ends_%28SAYRE_13954%29.jpg,Category:Paramount Pictures publicity photos,TRUE
Three week-Ends (SAYRE 14619).jpg,https://commons.wikimedia.org/wiki/File:Three_week-Ends_(SAYRE_14619).jpg,https://upload.wikimedia.org/wikipedia/commons/e/ea/Three_week-Ends_%28SAYRE_14619%29.jpg,Category:Paramount Pictures publicity photos,TRUE
Three Week-Ends (SAYRE 14674).jpg,https://commons.wikimedia.org/wiki/File:Three_Week-Ends_(SAYRE_14674).jpg,https://upload.wikimedia.org/wikipedia/commons/8/87/Three_Week-Ends_%28SAYRE_14674%29.jpg,Category:Paramount Pictures publicity photos,TRUE
Georgie Stone and Florence Vidor in Till I Come Back To You.jpg,https://commons.wikimedia.org/wiki/File:Georgie_Stone_and_Florence_Vidor_in_Till_I_Come_Back_To_You.jpg,https://upload.wikimedia.org/wikipedia/commons/5/53/Georgie_Stone_and_Florence_Vidor_in_Till_I_Come_Back_To_You.jpg,Category:Paramount Pictures publicity photos,TRUE
"Mae Murray, Tom Forman, and Wallace Reid in To Have and to Hold.jpg","https://commons.wikimedia.org/wiki/File:Mae_Murray,_Tom_Forman,_and_Wallace_Reid_in_To_Have_and_to_Hold.jpg",https://upload.wikimedia.org/wikipedia/commons/3/38/Mae_Murray%2C_Tom_Forman%2C_and_Wallace_Reid_in_To_Have_and_to_Hold.jpg,Category:Paramount Pictures publicity photos,2026-09-14
Wallace Reid and Mae Murray in To Have and to Hold.jpg,https://commons.wikimedia.org/wiki/File:Wallace_Reid_and_Mae_Murray_in_To_Have_and_to_Hold.jpg,https://upload.wikimedia.org/wikipedia/commons/8/8f/Wallace_Reid_and_Mae_Murray_in_To_Have_and_to_Hold.jpg,Category:Paramount Pictures publicity photos,2026-09-24
To Have and to Hold (1922) - Compson.jpg,https://commons.wikimedia.org/wiki/File:To_Have_and_to_Hold_(1922)_-_Compson.jpg,https://upload.wikimedia.org/wikipedia/commons/2/25/To_Have_and_to_Hold_%281922%29_-_Compson.jpg,Category:Paramount Pictures publicity photos,TRUE
Tohaveandtohold-scene-newspaper-1916.jpg,https://commons.wikimedia.org/wiki/File:Tohaveandtohold-scene-newspaper-1916.jpg,https://upload.wikimedia.org/wikipedia/commons/e/ea/Tohaveandtohold-scene-newspaper-1916.jpg,Category:Paramount Pictures publicity photos,TRUE
Claudette Colbert in Tonight Is Ours.jpg,https://commons.wikimedia.org/wiki/File:Claudette_Colbert_in_Tonight_Is_Ours.jpg,https://upload.wikimedia.org/wikipedia/commons/f/f8/Claudette_Colbert_in_Tonight_Is_Ours.jpg,Category:Paramount Pictures publicity photos,TRUE
Too Many Millions (1918) - 1.jpg,https://commons.wikimedia.org/wiki/File:Too_Many_Millions_(1918)_-_1.jpg,https://upload.wikimedia.org/wikipedia/commons/3/35/Too_Many_Millions_%281918%29_-_1.jpg,Category:Paramount Pictures publicity photos,TRUE
Too Many Millions (1918) - 2.jpg,https://commons.wikimedia.org/wiki/File:Too_Many_Millions_(1918)_-_2.jpg,https://upload.wikimedia.org/wikipedia/commons/f/f9/Too_Many_Millions_%281918%29_-_2.jpg,Category:Paramount Pictures publicity photos,TRUE
Too Many Millions (1918) - 3.jpg,https://commons.wikimedia.org/wiki/File:Too_Many_Millions_(1918)_-_3.jpg,https://upload.wikimedia.org/wikipedia/commons/b/b7/Too_Many_Millions_%281918%29_-_3.jpg,Category:Paramount Pictures publicity photos,TRUE
Too Many Millions (1918) - 4.jpg,https://commons.wikimedia.org/wiki/File:Too_Many_Millions_(1918)_-_4.jpg,https://upload.wikimedia.org/wikipedia/commons/2/20/Too_Many_Millions_%281918%29_-_4.jpg,Category:Paramount Pictures publicity photos,TRUE
Tracy Wagner Still.jpg,https://commons.wikimedia.org/wiki/File:Tracy_Wagner_Still.jpg,https://upload.wikimedia.org/wikipedia/commons/6/6f/Tracy_Wagner_Still.jpg,Category:Paramount Pictures publicity photos,2026-09-21
Thomas Meighan and Charlotte Walker in The Trail of the Lonesome Pine.jpg,https://commons.wikimedia.org/wiki/File:Thomas_Meighan_and_Charlotte_Walker_in_The_Trail_of_the_Lonesome_Pine.jpg,https://upload.wikimedia.org/wikipedia/commons/1/18/Thomas_Meighan_and_Charlotte_Walker_in_The_Trail_of_the_Lonesome_Pine.jpg,Category:Paramount Pictures publicity photos,TRUE
Fred MacMurray Carole Lombard John Barrymore True Confession 1937.jpg,https://commons.wikimedia.org/wiki/File:Fred_MacMurray_Carole_Lombard_John_Barrymore_True_Confession_1937.jpg,https://upload.wikimedia.org/wikipedia/commons/9/91/Fred_MacMurray_Carole_Lombard_John_Barrymore_True_Confession_1937.jpg,Category:Paramount Pictures publicity photos,LOWRES
True Grit 1969 still.jpg,https://commons.wikimedia.org/wiki/File:True_Grit_1969_still.jpg,https://upload.wikimedia.org/wikipedia/commons/9/97/True_Grit_1969_still.jpg,Category:Paramount Pictures publicity photos,LOWRES
"Carol Dempster, Robert Harron, and Lillian Gish in True Heart Susie.jpg","https://commons.wikimedia.org/wiki/File:Carol_Dempster,_Robert_Harron,_and_Lillian_Gish_in_True_Heart_Susie.jpg",https://upload.wikimedia.org/wikipedia/commons/0/07/Carol_Dempster%2C_Robert_Harron%2C_and_Lillian_Gish_in_True_Heart_Susie.jpg,Category:Paramount Pictures publicity photos,TRUE
Lillian Gish in True Heart Susie (1).jpg,https://commons.wikimedia.org/wiki/File:Lillian_Gish_in_True_Heart_Susie_(1).jpg,https://upload.wikimedia.org/wikipedia/commons/7/74/Lillian_Gish_in_True_Heart_Susie_%281%29.jpg,Category:Paramount Pictures publicity photos,TRUE
Lillian Gish in True Heart Susie (2).jpg,https://commons.wikimedia.org/wiki/File:Lillian_Gish_in_True_Heart_Susie_(2).jpg,https://upload.wikimedia.org/wikipedia/commons/d/d8/Lillian_Gish_in_True_Heart_Susie_%282%29.jpg,Category:Paramount Pictures publicity photos,TRUE
"Raymond Cannon, Clarine Seymour, and Lillian Gish in True Heart Susie.jpg","https://commons.wikimedia.org/wiki/File:Raymond_Cannon,_Clarine_Seymour,_and_Lillian_Gish_in_True_Heart_Susie.jpg",https://upload.wikimedia.org/wikipedia/commons/f/fd/Raymond_Cannon%2C_Clarine_Seymour%2C_and_Lillian_Gish_in_True_Heart_Susie.jpg,Category:Paramount Pictures publicity photos,TRUE
True Heart Susie (1919) - 2.jpg,https://commons.wikimedia.org/wiki/File:True_Heart_Susie_(1919)_-_2.jpg,https://upload.wikimedia.org/wikipedia/commons/a/a5/True_Heart_Susie_%281919%29_-_2.jpg,Category:Paramount Pictures publicity photos,TRUE
True Heart Susie (1919) - 3.jpg,https://commons.wikimedia.org/wiki/File:True_Heart_Susie_(1919)_-_3.jpg,https://upload.wikimedia.org/wikipedia/commons/6/6f/True_Heart_Susie_%281919%29_-_3.jpg,Category:Paramount Pictures publicity photos,TRUE
True Heart Susie (1919) - 4.jpg,https://commons.wikimedia.org/wiki/File:True_Heart_Susie_(1919)_-_4.jpg,https://upload.wikimedia.org/wikipedia/commons/6/6f/True_Heart_Susie_%281919%29_-_4.jpg,Category:Paramount Pictures publicity photos,TRUE
George Raft-Frances Drake in The Trumpet Blows.jpg,https://commons.wikimedia.org/wiki/File:George_Raft-Frances_Drake_in_The_Trumpet_Blows.jpg,https://upload.wikimedia.org/wikipedia/commons/a/a6/George_Raft-Frances_Drake_in_The_Trumpet_Blows.jpg,Category:Paramount Pictures publicity photos,TRUE
Rita Jolivet and House Peters in The Unafraid.jpg,https://commons.wikimedia.org/wiki/File:Rita_Jolivet_and_House_Peters_in_The_Unafraid.jpg,https://upload.wikimedia.org/wikipedia/commons/7/7d/Rita_Jolivet_and_House_Peters_in_The_Unafraid.jpg,Category:Paramount Pictures publicity photos,FALSE
Under Cover (1916) - 2.jpg,https://commons.wikimedia.org/wiki/File:Under_Cover_(1916)_-_2.jpg,https://upload.wikimedia.org/wikipedia/commons/e/e1/Under_Cover_%281916%29_-_2.jpg,Category:Paramount Pictures publicity photos,TRUE
Under Cover 1916.jpg,https://commons.wikimedia.org/wiki/File:Under_Cover_1916.jpg,https://upload.wikimedia.org/wikipedia/commons/f/ff/Under_Cover_1916.jpg,Category:Paramount Pictures publicity photos,FALSE
Ruth Chatterton 1931 (cropped).jpg,https://commons.wikimedia.org/wiki/File:Ruth_Chatterton_1931_(cropped).jpg,https://upload.wikimedia.org/wikipedia/commons/4/45/Ruth_Chatterton_1931_%28cropped%29.jpg,Category:Paramount Pictures publicity photos,TRUE
Ruth Chatterton Donald Cook Unfaithful.jpg,https://commons.wikimedia.org/wiki/File:Ruth_Chatterton_Donald_Cook_Unfaithful.jpg,https://upload.wikimedia.org/wikipedia/commons/c/ce/Ruth_Chatterton_Donald_Cook_Unfaithful.jpg,Category:Paramount Pictures publicity photos,TRUE
Vera Miles & James Stewart The Man Who Shot Liberty Valance Still.jpg,https://commons.wikimedia.org/wiki/File:Vera_Miles_%26_James_Stewart_The_Man_Who_Shot_Liberty_Valance_Still.jpg,https://upload.wikimedia.org/wikipedia/commons/0/0d/Vera_Miles_%26_James_Stewart_The_Man_Who_Shot_Liberty_Valance_Still.jpg,Category:Paramount Pictures publicity photos,LOWRES
Veronica Lake Paramount.jpg,https://commons.wikimedia.org/wiki/File:Veronica_Lake_Paramount.jpg,https://upload.wikimedia.org/wikipedia/commons/5/59/Veronica_Lake_Paramount.jpg,Category:Paramount Pictures publicity photos,LOWRES
"Veronica Lake still, Paramount Pictures.jpg","https://commons.wikimedia.org/wiki/File:Veronica_Lake_still,_Paramount_Pictures.jpg",https://upload.wikimedia.org/wikipedia/commons/1/19/Veronica_Lake_still%2C_Paramount_Pictures.jpg,Category:Paramount Pictures publicity photos,FALSE
The Virtuous Thief (1919) - 1.jpg,https://commons.wikimedia.org/wiki/File:The_Virtuous_Thief_(1919)_-_1.jpg,https://upload.wikimedia.org/wikipedia/commons/2/2d/The_Virtuous_Thief_%281919%29_-_1.jpg,Category:Paramount Pictures publicity photos,LOWRES
The Virtuous Thief (1919) - Enid Bennett.jpg,https://commons.wikimedia.org/wiki/File:The_Virtuous_Thief_(1919)_-_Enid_Bennett.jpg,https://upload.wikimedia.org/wikipedia/commons/a/a3/The_Virtuous_Thief_%281919%29_-_Enid_Bennett.jpg,Category:Paramount Pictures publicity photos,LOWRES
The Virtuous Thief (1919) - Hughes & Bennett.jpg,https://commons.wikimedia.org/wiki/File:The_Virtuous_Thief_(1919)_-_Hughes_%26_Bennett.jpg,https://upload.wikimedia.org/wikipedia/commons/2/2d/The_Virtuous_Thief_%281919%29_-_Hughes_%26_Bennett.jpg,Category:Paramount Pictures publicity photos,LOWRES
Dorothy Dalton in Vive la France.jpg,https://commons.wikimedia.org/wiki/File:Dorothy_Dalton_in_Vive_la_France.jpg,https://upload.wikimedia.org/wikipedia/commons/c/c1/Dorothy_Dalton_in_Vive_la_France.jpg,Category:Paramount Pictures publicity photos,2026-09-24
"A scene from ""Viviette"" (SAYRE 12980).jpg",https://commons.wikimedia.org/wiki/File:A_scene_from_%22Viviette%22_(SAYRE_12980).jpg,https://upload.wikimedia.org/wikipedia/commons/d/db/A_scene_from_%22Viviette%22_%28SAYRE_12980%29.jpg,Category:Paramount Pictures publicity photos,TRUE
Wagon Tracks (1919) - 1.jpg,https://commons.wikimedia.org/wiki/File:Wagon_Tracks_(1919)_-_1.jpg,https://upload.wikimedia.org/wikipedia/commons/5/55/Wagon_Tracks_%281919%29_-_1.jpg,Category:Paramount Pictures publicity photos,TRUE
Wagon Tracks (1919) - Hart & Novak 2.jpg,https://commons.wikimedia.org/wiki/File:Wagon_Tracks_(1919)_-_Hart_%26_Novak_2.jpg,https://upload.wikimedia.org/wikipedia/commons/7/7e/Wagon_Tracks_%281919%29_-_Hart_%26_Novak_2.jpg,Category:Paramount Pictures publicity photos,TRUE
Wagon Tracks (1919) - Hart & Novak.jpg,https://commons.wikimedia.org/wiki/File:Wagon_Tracks_(1919)_-_Hart_%26_Novak.jpg,https://upload.wikimedia.org/wikipedia/commons/a/ac/Wagon_Tracks_%281919%29_-_Hart_%26_Novak.jpg,Category:Paramount Pictures publicity photos,TRUE
Jan Duggan in Wagon Wheels (1934).jpg,https://commons.wikimedia.org/wiki/File:Jan_Duggan_in_Wagon_Wheels_(1934).jpg,https://upload.wikimedia.org/wikipedia/commons/6/66/Jan_Duggan_in_Wagon_Wheels_%281934%29.jpg,Category:Paramount Pictures publicity photos,2026-09-24
Wagon Wheels (1934) still 1.jpg,https://commons.wikimedia.org/wiki/File:Wagon_Wheels_(1934)_still_1.jpg,https://upload.wikimedia.org/wikipedia/commons/2/25/Wagon_Wheels_%281934%29_still_1.jpg,Category:Paramount Pictures publicity photos,FALSE
Wallace Reid as Eric Trent.jpg,https://commons.wikimedia.org/wiki/File:Wallace_Reid_as_Eric_Trent.jpg,https://upload.wikimedia.org/wikipedia/commons/3/36/Wallace_Reid_as_Eric_Trent.jpg,Category:Paramount Pictures publicity photos,2026-09-13
Wanda Hendrix by A. L. Whitey Schafer.jpg,https://commons.wikimedia.org/wiki/File:Wanda_Hendrix_by_A._L._Whitey_Schafer.jpg,https://upload.wikimedia.org/wikipedia/commons/f/fd/Wanda_Hendrix_by_A._L._Whitey_Schafer.jpg,Category:Paramount Pictures publicity photos,LOWRES
Kathryn Carver photop725.jpg,https://commons.wikimedia.org/wiki/File:Kathryn_Carver_photop725.jpg,https://upload.wikimedia.org/wikipedia/commons/4/45/Kathryn_Carver_photop725.jpg,Category:Paramount Pictures publicity photos,TRUE
The Wanderer (1925) - 1.jpg,https://commons.wikimedia.org/wiki/File:The_Wanderer_(1925)_-_1.jpg,https://upload.wikimedia.org/wikipedia/commons/2/2d/The_Wanderer_%281925%29_-_1.jpg,Category:Paramount Pictures publicity photos,TRUE
The Wanderer (1925) - 2.jpg,https://commons.wikimedia.org/wiki/File:The_Wanderer_(1925)_-_2.jpg,https://upload.wikimedia.org/wikipedia/commons/0/02/The_Wanderer_%281925%29_-_2.jpg,Category:Paramount Pictures publicity photos,TRUE
The Wanderer (1925) - 3.jpg,https://commons.wikimedia.org/wiki/File:The_Wanderer_(1925)_-_3.jpg,https://upload.wikimedia.org/wikipedia/commons/6/6e/The_Wanderer_%281925%29_-_3.jpg,Category:Paramount Pictures publicity photos,TRUE
The Wanderer (1925) - 4.jpg,https://commons.wikimedia.org/wiki/File:The_Wanderer_(1925)_-_4.jpg,https://upload.wikimedia.org/wikipedia/commons/2/2f/The_Wanderer_%281925%29_-_4.jpg,Category:Paramount Pictures publicity photos,LOWRES
The Wanderer (1925) - 5.jpg,https://commons.wikimedia.org/wiki/File:The_Wanderer_(1925)_-_5.jpg,https://upload.wikimedia.org/wikipedia/commons/0/0e/The_Wanderer_%281925%29_-_5.jpg,Category:Paramount Pictures publicity photos,LOWRES
The Wanderer (1925) - 6.jpg,https://commons.wikimedia.org/wiki/File:The_Wanderer_(1925)_-_6.jpg,https://upload.wikimedia.org/wikipedia/commons/a/a0/The_Wanderer_%281925%29_-_6.jpg,Category:Paramount Pictures publicity photos,LOWRES
We're No Angels (1955) 1.jpg,https://commons.wikimedia.org/wiki/File:We%27re_No_Angels_(1955)_1.jpg,https://upload.wikimedia.org/wikipedia/commons/c/c6/We%27re_No_Angels_%281955%29_1.jpg,Category:Paramount Pictures publicity photos,TRUE
Myrtle Stedman and Bill Hart in The Whistle.jpg,https://commons.wikimedia.org/wiki/File:Myrtle_Stedman_and_Bill_Hart_in_The_Whistle.jpg,https://upload.wikimedia.org/wikipedia/commons/a/a6/Myrtle_Stedman_and_Bill_Hart_in_The_Whistle.jpg,Category:Paramount Pictures publicity photos,TRUE
The Whistle (1921) - William S Hart.jpg,https://commons.wikimedia.org/wiki/File:The_Whistle_(1921)_-_William_S_Hart.jpg,https://upload.wikimedia.org/wikipedia/commons/5/53/The_Whistle_%281921%29_-_William_S_Hart.jpg,Category:Paramount Pictures publicity photos,TRUE
"William Powell, silent film actor (SAYRE 8851).jpg","https://commons.wikimedia.org/wiki/File:William_Powell,_silent_film_actor_(SAYRE_8851).jpg",https://upload.wikimedia.org/wikipedia/commons/2/25/William_Powell%2C_silent_film_actor_%28SAYRE_8851%29.jpg,Category:Paramount Pictures publicity photos,TRUE
"William S. Hart as O'Malley of the Mounted, 1921.jpg","https://commons.wikimedia.org/wiki/File:William_S._Hart_as_O%27Malley_of_the_Mounted,_1921.jpg",https://upload.wikimedia.org/wikipedia/commons/b/b2/William_S._Hart_as_O%27Malley_of_the_Mounted%2C_1921.jpg,Category:Paramount Pictures publicity photos,TRUE
Wings-in-the-Dark.jpg,https://commons.wikimedia.org/wiki/File:Wings-in-the-Dark.jpg,https://upload.wikimedia.org/wikipedia/commons/4/4b/Wings-in-the-Dark.jpg,Category:Paramount Pictures publicity photos,TRUE
"A scene from ""Wolves of the Rail"" (SAYRE 13304).jpg",https://commons.wikimedia.org/wiki/File:A_scene_from_%22Wolves_of_the_Rail%22_(SAYRE_13304).jpg,https://upload.wikimedia.org/wikipedia/commons/5/51/A_scene_from_%22Wolves_of_the_Rail%22_%28SAYRE_13304%29.jpg,Category:Paramount Pictures publicity photos,FALSE
William S. Hart in Wolves of the Rail.jpg,https://commons.wikimedia.org/wiki/File:William_S._Hart_in_Wolves_of_the_Rail.jpg,https://upload.wikimedia.org/wikipedia/commons/a/ae/William_S._Hart_in_Wolves_of_the_Rail.jpg,Category:Paramount Pictures publicity photos,TRUE
Otto Matieson in The Woman from Moscow.JPG,https://commons.wikimedia.org/wiki/File:Otto_Matieson_in_The_Woman_from_Moscow.JPG,https://upload.wikimedia.org/wikipedia/commons/6/6c/Otto_Matieson_in_The_Woman_from_Moscow.JPG,Category:Paramount Pictures publicity photos,LOWRES
Dorcas Matthews in The Woman in the Suitcase.jpg,https://commons.wikimedia.org/wiki/File:Dorcas_Matthews_in_The_Woman_in_the_Suitcase.jpg,https://upload.wikimedia.org/wikipedia/commons/c/cd/Dorcas_Matthews_in_The_Woman_in_the_Suitcase.jpg,Category:Paramount Pictures publicity photos,LOWRES
"Dorcas Matthews, Enid Bennett, and Rowland Lee in The Woman in the Suitcase.jpg","https://commons.wikimedia.org/wiki/File:Dorcas_Matthews,_Enid_Bennett,_and_Rowland_Lee_in_The_Woman_in_the_Suitcase.jpg",https://upload.wikimedia.org/wikipedia/commons/5/59/Dorcas_Matthews%2C_Enid_Bennett%2C_and_Rowland_Lee_in_The_Woman_in_the_Suitcase.jpg,Category:Paramount Pictures publicity photos,FALSE
The Woman in the Suitcase (1920) - 1.jpg,https://commons.wikimedia.org/wiki/File:The_Woman_in_the_Suitcase_(1920)_-_1.jpg,https://upload.wikimedia.org/wikipedia/commons/a/a1/The_Woman_in_the_Suitcase_%281920%29_-_1.jpg,Category:Paramount Pictures publicity photos,TRUE
"A scene from ""The World and His Wife (SAYRE 14465).jpg",https://commons.wikimedia.org/wiki/File:A_scene_from_%22The_World_and_His_Wife_(SAYRE_14465).jpg,https://upload.wikimedia.org/wikipedia/commons/4/43/A_scene_from_%22The_World_and_His_Wife_%28SAYRE_14465%29.jpg,Category:Paramount Pictures publicity photos,TRUE
"A scene from ""The World and His Wife"" Includes Montagu Love (SAYRE 14189).jpg",https://commons.wikimedia.org/wiki/File:A_scene_from_%22The_World_and_His_Wife%22_Includes_Montagu_Love_(SAYRE_14189).jpg,https://upload.wikimedia.org/wikipedia/commons/2/2b/A_scene_from_%22The_World_and_His_Wife%22_Includes_Montagu_Love_%28SAYRE_14189%29.jpg,Category:Paramount Pictures publicity photos,TRUE
The World at Her Feet (SAYRE 14898).jpg,https://commons.wikimedia.org/wiki/File:The_World_at_Her_Feet_(SAYRE_14898).jpg,https://upload.wikimedia.org/wikipedia/commons/2/20/The_World_at_Her_Feet_%28SAYRE_14898%29.jpg,Category:Paramount Pictures publicity photos,TRUE
"Stanley J Sandford, silent film actor (SAYRE 8316) (cropped).jpg","https://commons.wikimedia.org/wiki/File:Stanley_J_Sandford,_silent_film_actor_(SAYRE_8316)_(cropped).jpg",https://upload.wikimedia.org/wikipedia/commons/e/e8/Stanley_J_Sandford%2C_silent_film_actor_%28SAYRE_8316%29_%28cropped%29.jpg,Category:Paramount Pictures publicity photos,LOWRES
"Stanley J Sandford, silent film actor (SAYRE 8316).jpg","https://commons.wikimedia.org/wiki/File:Stanley_J_Sandford,_silent_film_actor_(SAYRE_8316).jpg",https://upload.wikimedia.org/wikipedia/commons/3/38/Stanley_J_Sandford%2C_silent_film_actor_%28SAYRE_8316%29.jpg,Category:Paramount Pictures publicity photos,TRUE
The World's Champion (1922) - 1.jpg,https://commons.wikimedia.org/wiki/File:The_World%27s_Champion_(1922)_-_1.jpg,https://upload.wikimedia.org/wikipedia/commons/a/a3/The_World%27s_Champion_%281922%29_-_1.jpg,Category:Paramount Pictures publicity photos,TRUE
The World's Champion (1922) - 2.jpg,https://commons.wikimedia.org/wiki/File:The_World%27s_Champion_(1922)_-_2.jpg,https://upload.wikimedia.org/wikipedia/commons/e/e3/The_World%27s_Champion_%281922%29_-_2.jpg,Category:Paramount Pictures publicity photos,TRUE
The World's Champion (1922) - 5.jpg,https://commons.wikimedia.org/wiki/File:The_World%27s_Champion_(1922)_-_5.jpg,https://upload.wikimedia.org/wikipedia/commons/c/c9/The_World%27s_Champion_%281922%29_-_5.jpg,Category:Paramount Pictures publicity photos,TRUE
The World's Great Snare still.jpg,https://commons.wikimedia.org/wiki/File:The_World%27s_Great_Snare_still.jpg,https://upload.wikimedia.org/wikipedia/commons/e/e8/The_World%27s_Great_Snare_still.jpg,Category:Paramount Pictures publicity photos,TRUE
"A scene from ""You Never Saw Such a Girl"" (SAYRE 12964).jpg",https://commons.wikimedia.org/wiki/File:A_scene_from_%22You_Never_Saw_Such_a_Girl%22_(SAYRE_12964).jpg,https://upload.wikimedia.org/wikipedia/commons/8/8c/A_scene_from_%22You_Never_Saw_Such_a_Girl%22_%28SAYRE_12964%29.jpg,Category:Paramount Pictures publicity photos,2026-09-23
The Young Rajah (1922) - 2.jpg,https://commons.wikimedia.org/wiki/File:The_Young_Rajah_(1922)_-_2.jpg,https://upload.wikimedia.org/wikipedia/commons/2/23/The_Young_Rajah_%281922%29_-_2.jpg,Category:Paramount Pictures publicity photos,TRUE
The Young Rajah (1922) - Valentino.jpg,https://commons.wikimedia.org/wiki/File:The_Young_Rajah_(1922)_-_Valentino.jpg,https://upload.wikimedia.org/wikipedia/commons/9/97/The_Young_Rajah_%281922%29_-_Valentino.jpg,Category:Paramount Pictures publicity photos,TRUE
The Young Rajah (1922) 1.jpg,https://commons.wikimedia.org/wiki/File:The_Young_Rajah_(1922)_1.jpg,https://upload.wikimedia.org/wikipedia/commons/9/9a/The_Young_Rajah_%281922%29_1.jpg,Category:Paramount Pictures publicity photos,LOWRES
The Young Rajah (SAYRE 14598).jpg,https://commons.wikimedia.org/wiki/File:The_Young_Rajah_(SAYRE_14598).jpg,https://upload.wikimedia.org/wikipedia/commons/d/d1/The_Young_Rajah_%28SAYRE_14598%29.jpg,Category:Paramount Pictures publicity photos,2026-09-16
The Young Rajah - Valentino.jpg,https://commons.wikimedia.org/wiki/File:The_Young_Rajah_-_Valentino.jpg,https://upload.wikimedia.org/wikipedia/commons/f/f4/The_Young_Rajah_-_Valentino.jpg,Category:Paramount Pictures publicity photos,TRUE
The Young Rajah.jpg,https://commons.wikimedia.org/wiki/File:The_Young_Rajah.jpg,https://upload.wikimedia.org/wikipedia/commons/9/91/The_Young_Rajah.jpg,Category:Paramount Pictures publicity photos,TRUE
42nd-Street-Merkel-Keeler-Rogers.jpg,https://commons.wikimedia.org/wiki/File:42nd-Street-Merkel-Keeler-Rogers.jpg,https://upload.wikimedia.org/wikipedia/commons/9/99/42nd-Street-Merkel-Keeler-Rogers.jpg,Category:Warner Bros. publicity photos,2026-09-06
727full-gold-diggers-of-broadway-(1929)-photo.jpg,https://commons.wikimedia.org/wiki/File:727full-gold-diggers-of-broadway-(1929)-photo.jpg,https://upload.wikimedia.org/wikipedia/commons/6/6d/727full-gold-diggers-of-broadway-%281929%29-photo.jpg,Category:Warner Bros. publicity photos,TRUE
A Midsummer Night's Dream - The Movies Come From America.jpg,https://commons.wikimedia.org/wiki/File:A_Midsummer_Night%27s_Dream_-_The_Movies_Come_From_America.jpg,https://upload.wikimedia.org/wikipedia/commons/c/c9/A_Midsummer_Night%27s_Dream_-_The_Movies_Come_From_America.jpg,Category:Warner Bros. publicity photos,2026-09-14
"A scene from ""Don Juan"" (SAYRE 14729).jpg",https://commons.wikimedia.org/wiki/File:A_scene_from_%22Don_Juan%22_(SAYRE_14729).jpg,https://upload.wikimedia.org/wikipedia/commons/9/9d/A_scene_from_%22Don_Juan%22_%28SAYRE_14729%29.jpg,Category:Warner Bros. publicity photos,TRUE
Across the Atlantic.jpg,https://commons.wikimedia.org/wiki/File:Across_the_Atlantic.jpg,https://upload.wikimedia.org/wikipedia/commons/4/44/Across_the_Atlantic.jpg,Category:Warner Bros. publicity photos,TRUE
Monte Blue in Across the Pacific.jpg,https://commons.wikimedia.org/wiki/File:Monte_Blue_in_Across_the_Pacific.jpg,https://upload.wikimedia.org/wikipedia/commons/f/f9/Monte_Blue_in_Across_the_Pacific.jpg,Category:Warner Bros. publicity photos,FALSE
Myrna Loy and Monte Blue in Across the Pacific.jpg,https://commons.wikimedia.org/wiki/File:Myrna_Loy_and_Monte_Blue_in_Across_the_Pacific.jpg,https://upload.wikimedia.org/wikipedia/commons/1/1d/Myrna_Loy_and_Monte_Blue_in_Across_the_Pacific.jpg,Category:Warner Bros. publicity photos,2026-09-04
MyrnaLoy.jpg,https://commons.wikimedia.org/wiki/File:MyrnaLoy.jpg,https://upload.wikimedia.org/wikipedia/commons/f/f5/MyrnaLoy.jpg,Category:Warner Bros. publicity photos,TRUE
Across the Pacific (1942) press photo of Victor Sen Yung.jpg,https://commons.wikimedia.org/wiki/File:Across_the_Pacific_(1942)_press_photo_of_Victor_Sen_Yung.jpg,https://upload.wikimedia.org/wikipedia/commons/d/d4/Across_the_Pacific_%281942%29_press_photo_of_Victor_Sen_Yung.jpg,Category:Warner Bros. publicity photos,LOWRES
Across the Pacific publicity photo 1926 Myrna Loy.jpg,https://commons.wikimedia.org/wiki/File:Across_the_Pacific_publicity_photo_1926_Myrna_Loy.jpg,https://upload.wikimedia.org/wikipedia/commons/3/39/Across_the_Pacific_publicity_photo_1926_Myrna_Loy.jpg,Category:Warner Bros. publicity photos,LOWRES
Adele Jergens 1950 (cropped).JPG,https://commons.wikimedia.org/wiki/File:Adele_Jergens_1950_(cropped).JPG,https://upload.wikimedia.org/wikipedia/commons/8/8c/Adele_Jergens_1950_%28cropped%29.JPG,Category:Warner Bros. publicity photos,TRUE
Adele Jergens Glenn Langan 1950.JPG,https://commons.wikimedia.org/wiki/File:Adele_Jergens_Glenn_Langan_1950.JPG,https://upload.wikimedia.org/wikipedia/commons/e/eb/Adele_Jergens_Glenn_Langan_1950.JPG,Category:Warner Bros. publicity photos,TRUE
Beverly Bayne and Edith Roberts in The Age of Innocence.jpg,https://commons.wikimedia.org/wiki/File:Beverly_Bayne_and_Edith_Roberts_in_The_Age_of_Innocence.jpg,https://upload.wikimedia.org/wikipedia/commons/f/fa/Beverly_Bayne_and_Edith_Roberts_in_The_Age_of_Innocence.jpg,Category:Warner Bros. publicity photos,2026-09-24
Beverly Bayne and Elliott Dexter in The Age of Innocence.jpg,https://commons.wikimedia.org/wiki/File:Beverly_Bayne_and_Elliott_Dexter_in_The_Age_of_Innocence.jpg,https://upload.wikimedia.org/wikipedia/commons/b/b3/Beverly_Bayne_and_Elliott_Dexter_in_The_Age_of_Innocence.jpg,Category:Warner Bros. publicity photos,TRUE
"Edith Roberts, Elliott Dexter, and others in The Age of Innocence.jpg","https://commons.wikimedia.org/wiki/File:Edith_Roberts,_Elliott_Dexter,_and_others_in_The_Age_of_Innocence.jpg",https://upload.wikimedia.org/wikipedia/commons/c/c2/Edith_Roberts%2C_Elliott_Dexter%2C_and_others_in_The_Age_of_Innocence.jpg,Category:Warner Bros. publicity photos,TRUE
Elliott Dexter and Beverly Bayne in The Age of Innocence.jpg,https://commons.wikimedia.org/wiki/File:Elliott_Dexter_and_Beverly_Bayne_in_The_Age_of_Innocence.jpg,https://upload.wikimedia.org/wikipedia/commons/4/4f/Elliott_Dexter_and_Beverly_Bayne_in_The_Age_of_Innocence.jpg,Category:Warner Bros. publicity photos,TRUE
Al Jolson Jazz Singer.JPG,https://commons.wikimedia.org/wiki/File:Al_Jolson_Jazz_Singer.JPG,https://upload.wikimedia.org/wikipedia/commons/5/51/Al_Jolson_Jazz_Singer.JPG,Category:Warner Bros. publicity photos,TRUE
Alan Ladd - publicity.JPG,https://commons.wikimedia.org/wiki/File:Alan_Ladd_-_publicity.JPG,https://upload.wikimedia.org/wikipedia/commons/2/20/Alan_Ladd_-_publicity.JPG,Category:Warner Bros. publicity photos,TRUE
Andy Griffith - 1958.jpg,https://commons.wikimedia.org/wiki/File:Andy_Griffith_-_1958.jpg,https://upload.wikimedia.org/wikipedia/commons/2/22/Andy_Griffith_-_1958.jpg,Category:Warner Bros. publicity photos,LOWRES
Ann Dvorak Argentinean Magazine AD 3.jpg,https://commons.wikimedia.org/wiki/File:Ann_Dvorak_Argentinean_Magazine_AD_3.jpg,https://upload.wikimedia.org/wikipedia/commons/6/64/Ann_Dvorak_Argentinean_Magazine_AD_3.jpg,Category:Warner Bros. publicity photos,TRUE
Ann Dvorak by Elmer Fryer 2.jpg,https://commons.wikimedia.org/wiki/File:Ann_Dvorak_by_Elmer_Fryer_2.jpg,https://upload.wikimedia.org/wikipedia/commons/3/39/Ann_Dvorak_by_Elmer_Fryer_2.jpg,Category:Warner Bros. publicity photos,TRUE
Ann Dvorak by Elmer Fryer.jpg,https://commons.wikimedia.org/wiki/File:Ann_Dvorak_by_Elmer_Fryer.jpg,https://upload.wikimedia.org/wikipedia/commons/6/67/Ann_Dvorak_by_Elmer_Fryer.jpg,Category:Warner Bros. publicity photos,TRUE
Ann SHERIDAN-James CAGNEY-Angels Dirty Faces-PHOTO2.jpg,https://commons.wikimedia.org/wiki/File:Ann_SHERIDAN-James_CAGNEY-Angels_Dirty_Faces-PHOTO2.jpg,https://upload.wikimedia.org/wikipedia/commons/9/9f/Ann_SHERIDAN-James_CAGNEY-Angels_Dirty_Faces-PHOTO2.jpg,Category:Warner Bros. publicity photos,LOWRES
Anthony Adverse 73.jpg,https://commons.wikimedia.org/wiki/File:Anthony_Adverse_73.jpg,https://upload.wikimedia.org/wikipedia/commons/d/d8/Anthony_Adverse_73.jpg,Category:Warner Bros. publicity photos,TRUE
The Argyle Case (SAYRE 14086).jpg,https://commons.wikimedia.org/wiki/File:The_Argyle_Case_(SAYRE_14086).jpg,https://upload.wikimedia.org/wikipedia/commons/c/ca/The_Argyle_Case_%28SAYRE_14086%29.jpg,Category:Warner Bros. publicity photos,TRUE
Audrey Hepburn - 1964.jpg,https://commons.wikimedia.org/wiki/File:Audrey_Hepburn_-_1964.jpg,https://upload.wikimedia.org/wikipedia/commons/f/f2/Audrey_Hepburn_-_1964.jpg,Category:Warner Bros. publicity photos,LOWRES
Audrey-Hepburn-My-Fair-Lady-1.jpg,https://commons.wikimedia.org/wiki/File:Audrey-Hepburn-My-Fair-Lady-1.jpg,https://upload.wikimedia.org/wikipedia/commons/6/6d/Audrey-Hepburn-My-Fair-Lady-1.jpg,Category:Warner Bros. publicity photos,TRUE
Bacall and Bogart Dark Passage.jpg,https://commons.wikimedia.org/wiki/File:Bacall_and_Bogart_Dark_Passage.jpg,https://upload.wikimedia.org/wikipedia/commons/f/f4/Bacall_and_Bogart_Dark_Passage.jpg,Category:Warner Bros. publicity photos,TRUE
Barbara Stanwyck in Baby Face.jpg,https://commons.wikimedia.org/wiki/File:Barbara_Stanwyck_in_Baby_Face.jpg,https://upload.wikimedia.org/wikipedia/commons/b/b7/Barbara_Stanwyck_in_Baby_Face.jpg,Category:Warner Bros. publicity photos,TRUE
Below the Line (1925) - 1.jpg,https://commons.wikimedia.org/wiki/File:Below_the_Line_(1925)_-_1.jpg,https://upload.wikimedia.org/wikipedia/commons/2/23/Below_the_Line_%281925%29_-_1.jpg,Category:Warner Bros. publicity photos,TRUE
Ben Johnson The Wild Bunch publicity photo.JPG,https://commons.wikimedia.org/wiki/File:Ben_Johnson_The_Wild_Bunch_publicity_photo.JPG,https://upload.wikimedia.org/wikipedia/commons/e/ed/Ben_Johnson_The_Wild_Bunch_publicity_photo.JPG,Category:Warner Bros. publicity photos,LOWRES
Bergman & Bogart Casablanca still.jpg,https://commons.wikimedia.org/wiki/File:Bergman_%26_Bogart_Casablanca_still.jpg,https://upload.wikimedia.org/wikipedia/commons/0/09/Bergman_%26_Bogart_Casablanca_still.jpg,Category:Warner Bros. publicity photos,TRUE
Bette Davis & Edward G. Robinson Kid Galahad Still.jpg,https://commons.wikimedia.org/wiki/File:Bette_Davis_%26_Edward_G._Robinson_Kid_Galahad_Still.jpg,https://upload.wikimedia.org/wikipedia/commons/2/27/Bette_Davis_%26_Edward_G._Robinson_Kid_Galahad_Still.jpg,Category:Warner Bros. publicity photos,TRUE
"Bette Davis - The Bride Came C.O.D., 1941 promo.jpg","https://commons.wikimedia.org/wiki/File:Bette_Davis_-_The_Bride_Came_C.O.D.,_1941_promo.jpg",https://upload.wikimedia.org/wikipedia/commons/a/ab/Bette_Davis_-_The_Bride_Came_C.O.D.%2C_1941_promo.jpg,Category:Warner Bros. publicity photos,2026-08-27
"Bette Davis and Gig Young in 'Old Acquaintance', 1943.jpg","https://commons.wikimedia.org/wiki/File:Bette_Davis_and_Gig_Young_in_%27Old_Acquaintance%27,_1943.jpg",https://upload.wikimedia.org/wikipedia/commons/1/10/Bette_Davis_and_Gig_Young_in_%27Old_Acquaintance%27%2C_1943.jpg,Category:Warner Bros. publicity photos,LOWRES
Bette davis beyond the forest.jpg,https://commons.wikimedia.org/wiki/File:Bette_davis_beyond_the_forest.jpg,https://upload.wikimedia.org/wikipedia/commons/4/4d/Bette_davis_beyond_the_forest.jpg,Category:Warner Bros. publicity photos,LOWRES
"Bette Davis in 'Ex-Lady', 1933.jpg","https://commons.wikimedia.org/wiki/File:Bette_Davis_in_%27Ex-Lady%27,_1933.jpg",https://upload.wikimedia.org/wikipedia/commons/5/52/Bette_Davis_in_%27Ex-Lady%27%2C_1933.jpg,Category:Warner Bros. publicity photos,TRUE
"Bette Davis in 'The Corn Is Green', 1945.jpg","https://commons.wikimedia.org/wiki/File:Bette_Davis_in_%27The_Corn_Is_Green%27,_1945.jpg",https://upload.wikimedia.org/wikipedia/commons/6/6f/Bette_Davis_in_%27The_Corn_Is_Green%27%2C_1945.jpg,Category:Warner Bros. publicity photos,2026-08-27
Bette Davis in Fashions of 1934 (cropped).jpg,https://commons.wikimedia.org/wiki/File:Bette_Davis_in_Fashions_of_1934_(cropped).jpg,https://upload.wikimedia.org/wikipedia/commons/e/e8/Bette_Davis_in_Fashions_of_1934_%28cropped%29.jpg,Category:Warner Bros. publicity photos,2026-08-27
Bette Davis in Fashions of 1934.jpg,https://commons.wikimedia.org/wiki/File:Bette_Davis_in_Fashions_of_1934.jpg,https://upload.wikimedia.org/wikipedia/commons/6/6a/Bette_Davis_in_Fashions_of_1934.jpg,Category:Warner Bros. publicity photos,2026-08-27
Bette Davis in The Sisters.jpg,https://commons.wikimedia.org/wiki/File:Bette_Davis_in_The_Sisters.jpg,https://upload.wikimedia.org/wikipedia/commons/0/03/Bette_Davis_in_The_Sisters.jpg,Category:Warner Bros. publicity photos,LOWRES
Bette Davis in What Ever Happened to Baby Jane?.jpg,https://commons.wikimedia.org/wiki/File:Bette_Davis_in_What_Ever_Happened_to_Baby_Jane%3F.jpg,https://upload.wikimedia.org/wikipedia/commons/9/99/Bette_Davis_in_What_Ever_Happened_to_Baby_Jane%3F.jpg,Category:Warner Bros. publicity photos,2026-08-27
Bette davis the corn is green.jpg,https://commons.wikimedia.org/wiki/File:Bette_davis_the_corn_is_green.jpg,https://upload.wikimedia.org/wikipedia/commons/6/6b/Bette_davis_the_corn_is_green.jpg,Category:Warner Bros. publicity photos,LOWRES
Bacall and Bogart on the set of The Big Sleep.jpg,https://commons.wikimedia.org/wiki/File:Bacall_and_Bogart_on_the_set_of_The_Big_Sleep.jpg,https://upload.wikimedia.org/wikipedia/commons/9/94/Bacall_and_Bogart_on_the_set_of_The_Big_Sleep.jpg,Category:Warner Bros. publicity photos,TRUE
Sonia Darrin.jpg,https://commons.wikimedia.org/wiki/File:Sonia_Darrin.jpg,https://upload.wikimedia.org/wikipedia/commons/1/1f/Sonia_Darrin.jpg,Category:Warner Bros. publicity photos,TRUE
The Big Sleep - Behind the scenes 01.JPG,https://commons.wikimedia.org/wiki/File:The_Big_Sleep_-_Behind_the_scenes_01.JPG,https://upload.wikimedia.org/wikipedia/commons/d/d2/The_Big_Sleep_-_Behind_the_scenes_01.JPG,Category:Warner Bros. publicity photos,FALSE
The Big Sleep - Behind the scenes 02.JPG,https://commons.wikimedia.org/wiki/File:The_Big_Sleep_-_Behind_the_scenes_02.JPG,https://upload.wikimedia.org/wikipedia/commons/1/11/The_Big_Sleep_-_Behind_the_scenes_02.JPG,Category:Warner Bros. publicity photos,TRUE
The Big Sleep - Publicity Still 01.JPG,https://commons.wikimedia.org/wiki/File:The_Big_Sleep_-_Publicity_Still_01.JPG,https://upload.wikimedia.org/wikipedia/commons/0/0f/The_Big_Sleep_-_Publicity_Still_01.JPG,Category:Warner Bros. publicity photos,2026-09-21
The Big Sleep - Publicity Still 02.JPG,https://commons.wikimedia.org/wiki/File:The_Big_Sleep_-_Publicity_Still_02.JPG,https://upload.wikimedia.org/wikipedia/commons/d/d7/The_Big_Sleep_-_Publicity_Still_02.JPG,Category:Warner Bros. publicity photos,TRUE
BigClinch.jpg,https://commons.wikimedia.org/wiki/File:BigClinch.jpg,https://upload.wikimedia.org/wikipedia/commons/d/d7/BigClinch.jpg,Category:Warner Bros. publicity photos,TRUE
Bogart and Bacall The Big Sleep.jpg,https://commons.wikimedia.org/wiki/File:Bogart_and_Bacall_The_Big_Sleep.jpg,https://upload.wikimedia.org/wikipedia/commons/5/56/Bogart_and_Bacall_The_Big_Sleep.jpg,Category:Warner Bros. publicity photos,FALSE
Bogart Bergman Casablanca.jpg,https://commons.wikimedia.org/wiki/File:Bogart_Bergman_Casablanca.jpg,https://upload.wikimedia.org/wikipedia/commons/0/00/Bogart_Bergman_Casablanca.jpg,Category:Warner Bros. publicity photos,FALSE
"Bogart, Lindsay & Woods Isle of Fury 1936 Still.jpg","https://commons.wikimedia.org/wiki/File:Bogart,_Lindsay_%26_Woods_Isle_of_Fury_1936_Still.jpg",https://upload.wikimedia.org/wikipedia/commons/a/a5/Bogart%2C_Lindsay_%26_Woods_Isle_of_Fury_1936_Still.jpg,Category:Warner Bros. publicity photos,2026-09-24
Bonnie and Clyde (1967 cast photo).jpg,https://commons.wikimedia.org/wiki/File:Bonnie_and_Clyde_(1967_cast_photo).jpg,https://upload.wikimedia.org/wikipedia/commons/8/88/Bonnie_and_Clyde_%281967_cast_photo%29.jpg,Category:Warner Bros. publicity photos,2026-09-11
Bonnie and Clyde (1967 promo photo - Beatty).jpg,https://commons.wikimedia.org/wiki/File:Bonnie_and_Clyde_(1967_promo_photo_-_Beatty).jpg,https://upload.wikimedia.org/wikipedia/commons/f/f5/Bonnie_and_Clyde_%281967_promo_photo_-_Beatty%29.jpg,Category:Warner Bros. publicity photos,LOWRES
Bonnie and Clyde (1967 promo photo - Dunaway & Beatty alt).jpg,https://commons.wikimedia.org/wiki/File:Bonnie_and_Clyde_(1967_promo_photo_-_Dunaway_%26_Beatty_alt).jpg,https://upload.wikimedia.org/wikipedia/commons/0/0c/Bonnie_and_Clyde_%281967_promo_photo_-_Dunaway_%26_Beatty_alt%29.jpg,Category:Warner Bros. publicity photos,2026-09-23
Bonnie and Clyde (1967 promo photo - Dunaway & Beatty).jpg,https://commons.wikimedia.org/wiki/File:Bonnie_and_Clyde_(1967_promo_photo_-_Dunaway_%26_Beatty).jpg,https://upload.wikimedia.org/wikipedia/commons/b/b1/Bonnie_and_Clyde_%281967_promo_photo_-_Dunaway_%26_Beatty%29.jpg,Category:Warner Bros. publicity photos,2026-09-08
"Bonnie and Clyde (1967 promo photo - Dunaway & Beatty, cropped).jpg","https://commons.wikimedia.org/wiki/File:Bonnie_and_Clyde_(1967_promo_photo_-_Dunaway_%26_Beatty,_cropped).jpg",https://upload.wikimedia.org/wikipedia/commons/7/78/Bonnie_and_Clyde_%281967_promo_photo_-_Dunaway_%26_Beatty%2C_cropped%29.jpg,Category:Warner Bros. publicity photos,TRUE
Bonnie and Clyde (1967 promo photo - Dunaway).jpg,https://commons.wikimedia.org/wiki/File:Bonnie_and_Clyde_(1967_promo_photo_-_Dunaway).jpg,https://upload.wikimedia.org/wikipedia/commons/c/c6/Bonnie_and_Clyde_%281967_promo_photo_-_Dunaway%29.jpg,Category:Warner Bros. publicity photos,LOWRES
Brando - Leigh - 1951.jpg,https://commons.wikimedia.org/wiki/File:Brando_-_Leigh_-_1951.jpg,https://upload.wikimedia.org/wikipedia/commons/6/67/Brando_-_Leigh_-_1951.jpg,Category:Warner Bros. publicity photos,LOWRES
Brandon Lee.jpg,https://commons.wikimedia.org/wiki/File:Brandon_Lee.jpg,https://upload.wikimedia.org/wikipedia/commons/a/a1/Brandon_Lee.jpg,Category:Warner Bros. publicity photos,TRUE
Suzanne Dalbert-Greg McClure in Breakthrough.jpg,https://commons.wikimedia.org/wiki/File:Suzanne_Dalbert-Greg_McClure_in_Breakthrough.jpg,https://upload.wikimedia.org/wikipedia/commons/9/97/Suzanne_Dalbert-Greg_McClure_in_Breakthrough.jpg,Category:Warner Bros. publicity photos,TRUE
Lauren Bacall Gary Cooper Bright Leaf.jpg,https://commons.wikimedia.org/wiki/File:Lauren_Bacall_Gary_Cooper_Bright_Leaf.jpg,https://upload.wikimedia.org/wikipedia/commons/a/af/Lauren_Bacall_Gary_Cooper_Bright_Leaf.jpg,Category:Warner Bros. publicity photos,TRUE
Brother Orchid (1940) still 1.jpg,https://commons.wikimedia.org/wiki/File:Brother_Orchid_(1940)_still_1.jpg,https://upload.wikimedia.org/wikipedia/commons/2/2c/Brother_Orchid_%281940%29_still_1.jpg,Category:Warner Bros. publicity photos,TRUE
Brother Rat and a Baby (1940) publicity still 1.jpg,https://commons.wikimedia.org/wiki/File:Brother_Rat_and_a_Baby_(1940)_publicity_still_1.jpg,https://upload.wikimedia.org/wikipedia/commons/2/21/Brother_Rat_and_a_Baby_%281940%29_publicity_still_1.jpg,Category:Warner Bros. publicity photos,TRUE
Bruce Lee - son.jpg,https://commons.wikimedia.org/wiki/File:Bruce_Lee_-_son.jpg,https://upload.wikimedia.org/wikipedia/commons/b/bc/Bruce_Lee_-_son.jpg,Category:Warner Bros. publicity photos,TRUE
Bureau of Missing Persons (1933).jpg,https://commons.wikimedia.org/wiki/File:Bureau_of_Missing_Persons_(1933).jpg,https://upload.wikimedia.org/wikipedia/commons/1/19/Bureau_of_Missing_Persons_%281933%29.jpg,Category:Warner Bros. publicity photos,TRUE
Cagney angels final walk.jpg,https://commons.wikimedia.org/wiki/File:Cagney_angels_final_walk.jpg,https://upload.wikimedia.org/wikipedia/commons/8/8b/Cagney_angels_final_walk.jpg,Category:Warner Bros. publicity photos,TRUE
Cary Grant & Ingrid Bergman Indiscreet still.jpg,https://commons.wikimedia.org/wiki/File:Cary_Grant_%26_Ingrid_Bergman_Indiscreet_still.jpg,https://upload.wikimedia.org/wikipedia/commons/6/6e/Cary_Grant_%26_Ingrid_Bergman_Indiscreet_still.jpg,Category:Warner Bros. publicity photos,2026-08-28
Cary Grant Indiscreet 1958.jpg,https://commons.wikimedia.org/wiki/File:Cary_Grant_Indiscreet_1958.jpg,https://upload.wikimedia.org/wikipedia/commons/c/ce/Cary_Grant_Indiscreet_1958.jpg,Category:Warner Bros. publicity photos,TRUE
TCOT-Lucky-Legs-1935.jpg,https://commons.wikimedia.org/wiki/File:TCOT-Lucky-Legs-1935.jpg,https://upload.wikimedia.org/wikipedia/commons/b/b1/TCOT-Lucky-Legs-1935.jpg,Category:Warner Bros. publicity photos,TRUE
Charles Bronson - 1966.JPG,https://commons.wikimedia.org/wiki/File:Charles_Bronson_-_1966.JPG,https://upload.wikimedia.org/wikipedia/commons/4/4d/Charles_Bronson_-_1966.JPG,Category:Warner Bros. publicity photos,LOWRES
Marlowe Farrell Rin Tin Tin.jpg,https://commons.wikimedia.org/wiki/File:Marlowe_Farrell_Rin_Tin_Tin.jpg,https://upload.wikimedia.org/wikipedia/commons/3/37/Marlowe_Farrell_Rin_Tin_Tin.jpg,Category:Warner Bros. publicity photos,TRUE
The Clash of the Wolves (SAYRE 14395).jpg,https://commons.wikimedia.org/wiki/File:The_Clash_of_the_Wolves_(SAYRE_14395).jpg,https://upload.wikimedia.org/wikipedia/commons/8/85/The_Clash_of_the_Wolves_%28SAYRE_14395%29.jpg,Category:Warner Bros. publicity photos,FALSE
Claude Rains by Elmer Fryer.jpg,https://commons.wikimedia.org/wiki/File:Claude_Rains_by_Elmer_Fryer.jpg,https://upload.wikimedia.org/wikipedia/commons/e/ec/Claude_Rains_by_Elmer_Fryer.jpg,Category:Warner Bros. publicity photos,LOWRES
Color still Gold Diggers of Broadway.jpg,https://commons.wikimedia.org/wiki/File:Color_still_Gold_Diggers_of_Broadway.jpg,https://upload.wikimedia.org/wikipedia/commons/a/ab/Color_still_Gold_Diggers_of_Broadway.jpg,Category:Warner Bros. publicity photos,LOWRES
Silent film actress Cissy Fitzgerald (SAYRE 211).jpg,https://commons.wikimedia.org/wiki/File:Silent_film_actress_Cissy_Fitzgerald_(SAYRE_211).jpg,https://upload.wikimedia.org/wikipedia/commons/f/ff/Silent_film_actress_Cissy_Fitzgerald_%28SAYRE_211%29.jpg,Category:Warner Bros. publicity photos,TRUE
Coy and Vance Dukes 1982.jpg,https://commons.wikimedia.org/wiki/File:Coy_and_Vance_Dukes_1982.jpg,https://upload.wikimedia.org/wikipedia/commons/8/8b/Coy_and_Vance_Dukes_1982.jpg,Category:Warner Bros. publicity photos,TRUE
The Damned Don't Cry! 1.jpg,https://commons.wikimedia.org/wiki/File:The_Damned_Don%27t_Cry!_1.jpg,https://upload.wikimedia.org/wikipedia/commons/a/a8/The_Damned_Don%27t_Cry%21_1.jpg,Category:Warner Bros. publicity photos,2026-09-24
Dark-Passage-Moorehead-Bogart.jpg,https://commons.wikimedia.org/wiki/File:Dark-Passage-Moorehead-Bogart.jpg,https://upload.wikimedia.org/wikipedia/commons/9/91/Dark-Passage-Moorehead-Bogart.jpg,Category:Warner Bros. publicity photos,LOWRES
Dark-Victory-Fitzgerald-Davis.jpg,https://commons.wikimedia.org/wiki/File:Dark-Victory-Fitzgerald-Davis.jpg,https://upload.wikimedia.org/wikipedia/commons/4/48/Dark-Victory-Fitzgerald-Davis.jpg,Category:Warner Bros. publicity photos,TRUE
Davis henreid now voyager.jpg,https://commons.wikimedia.org/wiki/File:Davis_henreid_now_voyager.jpg,https://upload.wikimedia.org/wikipedia/commons/c/cd/Davis_henreid_now_voyager.jpg,Category:Warner Bros. publicity photos,TRUE
Dennis Morgan and Barbara Stanwyck in Christmas in Connecticut (1945).jpg,https://commons.wikimedia.org/wiki/File:Dennis_Morgan_and_Barbara_Stanwyck_in_Christmas_in_Connecticut_(1945).jpg,https://upload.wikimedia.org/wikipedia/commons/0/0f/Dennis_Morgan_and_Barbara_Stanwyck_in_Christmas_in_Connecticut_%281945%29.jpg,Category:Warner Bros. publicity photos,TRUE
Dick powell - publicity.JPG,https://commons.wikimedia.org/wiki/File:Dick_powell_-_publicity.JPG,https://upload.wikimedia.org/wikipedia/commons/d/d5/Dick_powell_-_publicity.JPG,Category:Warner Bros. publicity photos,2026-09-07
Dolores del Río In Caliente (1935) publicity photo (cropped).jpg,https://commons.wikimedia.org/wiki/File:Dolores_del_R%C3%ADo_In_Caliente_(1935)_publicity_photo_(cropped).jpg,https://upload.wikimedia.org/wikipedia/commons/f/f1/Dolores_del_R%C3%ADo_In_Caliente_%281935%29_publicity_photo_%28cropped%29.jpg,Category:Warner Bros. publicity photos,TRUE
Dolores del Río In Caliente (1935) publicity photo.jpg,https://commons.wikimedia.org/wiki/File:Dolores_del_R%C3%ADo_In_Caliente_(1935)_publicity_photo.jpg,https://upload.wikimedia.org/wikipedia/commons/0/01/Dolores_del_R%C3%ADo_In_Caliente_%281935%29_publicity_photo.jpg,Category:Warner Bros. publicity photos,TRUE
Dolores del Río publicity photo for In Caliente (1935).jpg,https://commons.wikimedia.org/wiki/File:Dolores_del_R%C3%ADo_publicity_photo_for_In_Caliente_(1935).jpg,https://upload.wikimedia.org/wikipedia/commons/8/8e/Dolores_del_R%C3%ADo_publicity_photo_for_In_Caliente_%281935%29.jpg,Category:Warner Bros. publicity photos,TRUE
Donald Crisp (1937) vintage photo (cropped).jpg,https://commons.wikimedia.org/wiki/File:Donald_Crisp_(1937)_vintage_photo_(cropped).jpg,https://upload.wikimedia.org/wikipedia/commons/f/f8/Donald_Crisp_%281937%29_vintage_photo_%28cropped%29.jpg,Category:Warner Bros. publicity photos,LOWRES
Donald Crisp (1937) vintage press photo 01.jpg,https://commons.wikimedia.org/wiki/File:Donald_Crisp_(1937)_vintage_press_photo_01.jpg,https://upload.wikimedia.org/wikipedia/commons/b/b3/Donald_Crisp_%281937%29_vintage_press_photo_01.jpg,Category:Warner Bros. publicity photos,TRUE
Donald Crisp (1937) vintage press photo 02 (cropped).jpg,https://commons.wikimedia.org/wiki/File:Donald_Crisp_(1937)_vintage_press_photo_02_(cropped).jpg,https://upload.wikimedia.org/wikipedia/commons/0/01/Donald_Crisp_%281937%29_vintage_press_photo_02_%28cropped%29.jpg,Category:Warner Bros. publicity photos,TRUE
Donald Crisp (1937) vintage press photo 02.jpg,https://commons.wikimedia.org/wiki/File:Donald_Crisp_(1937)_vintage_press_photo_02.jpg,https://upload.wikimedia.org/wikipedia/commons/4/4d/Donald_Crisp_%281937%29_vintage_press_photo_02.jpg,Category:Warner Bros. publicity photos,2026-09-24
Donald Crisp by Elmer Fryer.jpg,https://commons.wikimedia.org/wiki/File:Donald_Crisp_by_Elmer_Fryer.jpg,https://upload.wikimedia.org/wikipedia/commons/3/3c/Donald_Crisp_by_Elmer_Fryer.jpg,Category:Warner Bros. publicity photos,LOWRES
Dooley Wilson-Humphrey Bogart in Casablanca.jpg,https://commons.wikimedia.org/wiki/File:Dooley_Wilson-Humphrey_Bogart_in_Casablanca.jpg,https://upload.wikimedia.org/wikipedia/commons/6/69/Dooley_Wilson-Humphrey_Bogart_in_Casablanca.jpg,Category:Warner Bros. publicity photos,LOWRES
"Dorothy Dare by Scotty Welbourne, 1934.jpg","https://commons.wikimedia.org/wiki/File:Dorothy_Dare_by_Scotty_Welbourne,_1934.jpg",https://upload.wikimedia.org/wikipedia/commons/4/49/Dorothy_Dare_by_Scotty_Welbourne%2C_1934.jpg,Category:Warner Bros. publicity photos,TRUE
Douglas - Bacall - Horn 1950.jpg,https://commons.wikimedia.org/wiki/File:Douglas_-_Bacall_-_Horn_1950.jpg,https://upload.wikimedia.org/wikipedia/commons/4/4e/Douglas_-_Bacall_-_Horn_1950.jpg,Category:Warner Bros. publicity photos,LOWRES
Douglas - Big Trees - 1952.jpg,https://commons.wikimedia.org/wiki/File:Douglas_-_Big_Trees_-_1952.jpg,https://upload.wikimedia.org/wikipedia/commons/0/07/Douglas_-_Big_Trees_-_1952.jpg,Category:Warner Bros. publicity photos,LOWRES
Edward g robinson.jpg,https://commons.wikimedia.org/wiki/File:Edward_g_robinson.jpg,https://upload.wikimedia.org/wikipedia/commons/d/d5/Edward_g_robinson.jpg,Category:Warner Bros. publicity photos,TRUE
Edward G. Robinson by Elmer Fryer.jpg,https://commons.wikimedia.org/wiki/File:Edward_G._Robinson_by_Elmer_Fryer.jpg,https://upload.wikimedia.org/wikipedia/commons/1/1f/Edward_G._Robinson_by_Elmer_Fryer.jpg,Category:Warner Bros. publicity photos,TRUE
Edward G. Robinson MC931.jpg,https://commons.wikimedia.org/wiki/File:Edward_G._Robinson_MC931.jpg,https://upload.wikimedia.org/wikipedia/commons/0/00/Edward_G._Robinson_MC931.jpg,Category:Warner Bros. publicity photos,TRUE
Errol Flynn Virginia City Still.jpg,https://commons.wikimedia.org/wiki/File:Errol_Flynn_Virginia_City_Still.jpg,https://upload.wikimedia.org/wikipedia/commons/b/b2/Errol_Flynn_Virginia_City_Still.jpg,Category:Warner Bros. publicity photos,FALSE
Ex-Lady 1933.jpg,https://commons.wikimedia.org/wiki/File:Ex-Lady_1933.jpg,https://upload.wikimedia.org/wikipedia/commons/7/79/Ex-Lady_1933.jpg,Category:Warner Bros. publicity photos,TRUE
Farley Granger & James Stewart Rope Still.jpg,https://commons.wikimedia.org/wiki/File:Farley_Granger_%26_James_Stewart_Rope_Still.jpg,https://upload.wikimedia.org/wikipedia/commons/9/9d/Farley_Granger_%26_James_Stewart_Rope_Still.jpg,Category:Warner Bros. publicity photos,LOWRES
William Powell Hugh Herbert Fashions of 1934.jpg,https://commons.wikimedia.org/wiki/File:William_Powell_Hugh_Herbert_Fashions_of_1934.jpg,https://upload.wikimedia.org/wikipedia/commons/7/76/William_Powell_Hugh_Herbert_Fashions_of_1934.jpg,Category:Warner Bros. publicity photos,TRUE
Faye Dunaway (1967 Bonnie and Clyde promo).jpg,https://commons.wikimedia.org/wiki/File:Faye_Dunaway_(1967_Bonnie_and_Clyde_promo).jpg,https://upload.wikimedia.org/wikipedia/commons/6/66/Faye_Dunaway_%281967_Bonnie_and_Clyde_promo%29.jpg,Category:Warner Bros. publicity photos,2026-09-11
Ruth Chatterton in Female.jpeg,https://commons.wikimedia.org/wiki/File:Ruth_Chatterton_in_Female.jpeg,https://upload.wikimedia.org/wikipedia/commons/b/b6/Ruth_Chatterton_in_Female.jpeg,Category:Warner Bros. publicity photos,TRUE
Gale Page in The Amazing Dr. Clitterhouse.jpg,https://commons.wikimedia.org/wiki/File:Gale_Page_in_The_Amazing_Dr._Clitterhouse.jpg,https://upload.wikimedia.org/wikipedia/commons/c/c3/Gale_Page_in_The_Amazing_Dr._Clitterhouse.jpg,Category:Warner Bros. publicity photos,TRUE
GD 101.jpg,https://commons.wikimedia.org/wiki/File:GD_101.jpg,https://upload.wikimedia.org/wikipedia/commons/0/08/GD_101.jpg,Category:Warner Bros. publicity photos,TRUE
GD 124.jpg,https://commons.wikimedia.org/wiki/File:GD_124.jpg,https://upload.wikimedia.org/wikipedia/commons/1/13/GD_124.jpg,Category:Warner Bros. publicity photos,TRUE
GD 182.jpg,https://commons.wikimedia.org/wiki/File:GD_182.jpg,https://upload.wikimedia.org/wikipedia/commons/5/5b/GD_182.jpg,Category:Warner Bros. publicity photos,TRUE
GD 221.jpg,https://commons.wikimedia.org/wiki/File:GD_221.jpg,https://upload.wikimedia.org/wikipedia/commons/7/70/GD_221.jpg,Category:Warner Bros. publicity photos,TRUE
GD 44.jpg,https://commons.wikimedia.org/wiki/File:GD_44.jpg,https://upload.wikimedia.org/wikipedia/commons/b/ba/GD_44.jpg,Category:Warner Bros. publicity photos,TRUE
GD 92.jpg,https://commons.wikimedia.org/wiki/File:GD_92.jpg,https://upload.wikimedia.org/wikipedia/commons/6/6a/GD_92.jpg,Category:Warner Bros. publicity photos,TRUE
Gene Wilder 1970.JPG,https://commons.wikimedia.org/wiki/File:Gene_Wilder_1970.JPG,https://upload.wikimedia.org/wikipedia/commons/9/9e/Gene_Wilder_1970.JPG,Category:Warner Bros. publicity photos,TRUE
Genevieve Tobin by Elmer Fryer.jpg,https://commons.wikimedia.org/wiki/File:Genevieve_Tobin_by_Elmer_Fryer.jpg,https://upload.wikimedia.org/wikipedia/commons/7/7d/Genevieve_Tobin_by_Elmer_Fryer.jpg,Category:Warner Bros. publicity photos,LOWRES
Gentlemen Are Born (1934) still 1.jpg,https://commons.wikimedia.org/wiki/File:Gentlemen_Are_Born_(1934)_still_1.jpg,https://upload.wikimedia.org/wikipedia/commons/c/cf/Gentlemen_Are_Born_%281934%29_still_1.jpg,Category:Warner Bros. publicity photos,TRUE
George E. Stone Bullets or Ballots (1936) 2.jpg,https://commons.wikimedia.org/wiki/File:George_E._Stone_Bullets_or_Ballots_(1936)_2.jpg,https://upload.wikimedia.org/wikipedia/commons/f/fd/George_E._Stone_Bullets_or_Ballots_%281936%29_2.jpg,Category:Warner Bros. publicity photos,TRUE
George Raft & Humphrey Bogart Invisible Stripes Still.jpg,https://commons.wikimedia.org/wiki/File:George_Raft_%26_Humphrey_Bogart_Invisible_Stripes_Still.jpg,https://upload.wikimedia.org/wikipedia/commons/e/e2/George_Raft_%26_Humphrey_Bogart_Invisible_Stripes_Still.jpg,Category:Warner Bros. publicity photos,2026-08-30
Taylor - Hudson - Giant.jpg,https://commons.wikimedia.org/wiki/File:Taylor_-_Hudson_-_Giant.jpg,https://upload.wikimedia.org/wikipedia/commons/e/ef/Taylor_-_Hudson_-_Giant.jpg,Category:Warner Bros. publicity photos,LOWRES
Glenda Farrell (4).jpg,https://commons.wikimedia.org/wiki/File:Glenda_Farrell_(4).jpg,https://upload.wikimedia.org/wikipedia/commons/0/09/Glenda_Farrell_%284%29.jpg,Category:Warner Bros. publicity photos,TRUE
Glenda Farrell 1930s.jpg,https://commons.wikimedia.org/wiki/File:Glenda_Farrell_1930s.jpg,https://upload.wikimedia.org/wikipedia/commons/d/df/Glenda_Farrell_1930s.jpg,Category:Warner Bros. publicity photos,2026-09-21
Glenda Farrell 1934 I've Got Your Number.jpg,https://commons.wikimedia.org/wiki/File:Glenda_Farrell_1934_I%27ve_Got_Your_Number.jpg,https://upload.wikimedia.org/wikipedia/commons/7/72/Glenda_Farrell_1934_I%27ve_Got_Your_Number.jpg,Category:Warner Bros. publicity photos,LOWRES
Glenda Farrell publicity photo 2.jpg,https://commons.wikimedia.org/wiki/File:Glenda_Farrell_publicity_photo_2.jpg,https://upload.wikimedia.org/wikipedia/commons/f/f3/Glenda_Farrell_publicity_photo_2.jpg,Category:Warner Bros. publicity photos,TRUE
Go Into Your Dance (1936).jpg,https://commons.wikimedia.org/wiki/File:Go_Into_Your_Dance_(1936).jpg,https://upload.wikimedia.org/wikipedia/commons/a/a0/Go_Into_Your_Dance_%281936%29.jpg,Category:Warner Bros. publicity photos,TRUE
Gold 1929.jpg,https://commons.wikimedia.org/wiki/File:Gold_1929.jpg,https://upload.wikimedia.org/wikipedia/commons/c/ce/Gold_1929.jpg,Category:Warner Bros. publicity photos,TRUE
Gold diggers clipping.jpg,https://commons.wikimedia.org/wiki/File:Gold_diggers_clipping.jpg,https://upload.wikimedia.org/wikipedia/commons/8/84/Gold_diggers_clipping.jpg,Category:Warner Bros. publicity photos,TRUE
Joan Blondell and Guy Kibbee in Gold Diggers of 1933.jpg,https://commons.wikimedia.org/wiki/File:Joan_Blondell_and_Guy_Kibbee_in_Gold_Diggers_of_1933.jpg,https://upload.wikimedia.org/wikipedia/commons/5/5e/Joan_Blondell_and_Guy_Kibbee_in_Gold_Diggers_of_1933.jpg,Category:Warner Bros. publicity photos,TRUE
Gold Diggers of Broadway (1929) promo image.jpg,https://commons.wikimedia.org/wiki/File:Gold_Diggers_of_Broadway_(1929)_promo_image.jpg,https://upload.wikimedia.org/wikipedia/commons/2/2a/Gold_Diggers_of_Broadway_%281929%29_promo_image.jpg,Category:Warner Bros. publicity photos,LOWRES
Grace Kelly Dial M for Murder promo costume shot colour.jpg,https://commons.wikimedia.org/wiki/File:Grace_Kelly_Dial_M_for_Murder_promo_costume_shot_colour.jpg,https://upload.wikimedia.org/wikipedia/commons/6/67/Grace_Kelly_Dial_M_for_Murder_promo_costume_shot_colour.jpg,Category:Warner Bros. publicity photos,TRUE
Grant Bergman Indiscreet Still.jpg,https://commons.wikimedia.org/wiki/File:Grant_Bergman_Indiscreet_Still.jpg,https://upload.wikimedia.org/wikipedia/commons/3/38/Grant_Bergman_Indiscreet_Still.jpg,Category:Warner Bros. publicity photos,TRUE
Grant Lane Still.jpg,https://commons.wikimedia.org/wiki/File:Grant_Lane_Still.jpg,https://upload.wikimedia.org/wikipedia/commons/3/3c/Grant_Lane_Still.jpg,Category:Warner Bros. publicity photos,TRUE
Greg Norton (cropped from Husker Du publicity photo).jpg,https://commons.wikimedia.org/wiki/File:Greg_Norton_(cropped_from_Husker_Du_publicity_photo).jpg,https://upload.wikimedia.org/wikipedia/commons/c/cb/Greg_Norton_%28cropped_from_Husker_Du_publicity_photo%29.jpg,Category:Warner Bros. publicity photos,TRUE
Hard to Get (SAYRE 14263).jpg,https://commons.wikimedia.org/wiki/File:Hard_to_Get_(SAYRE_14263).jpg,https://upload.wikimedia.org/wikipedia/commons/4/4f/Hard_to_Get_%28SAYRE_14263%29.jpg,Category:Warner Bros. publicity photos,TRUE
Harry Stradling-Audrey Hepburn in My Fair Lady (cropped).jpg,https://commons.wikimedia.org/wiki/File:Harry_Stradling-Audrey_Hepburn_in_My_Fair_Lady_(cropped).jpg,https://upload.wikimedia.org/wikipedia/commons/1/12/Harry_Stradling-Audrey_Hepburn_in_My_Fair_Lady_%28cropped%29.jpg,Category:Warner Bros. publicity photos,LOWRES
Harry Stradling-Audrey Hepburn in My Fair Lady.jpg,https://commons.wikimedia.org/wiki/File:Harry_Stradling-Audrey_Hepburn_in_My_Fair_Lady.jpg,https://upload.wikimedia.org/wikipedia/commons/1/19/Harry_Stradling-Audrey_Hepburn_in_My_Fair_Lady.jpg,Category:Warner Bros. publicity photos,TRUE
Hepburn Wait Until Dark Still 1967.jpg,https://commons.wikimedia.org/wiki/File:Hepburn_Wait_Until_Dark_Still_1967.jpg,https://upload.wikimedia.org/wikipedia/commons/9/93/Hepburn_Wait_Until_Dark_Still_1967.jpg,Category:Warner Bros. publicity photos,TRUE
Hitchcock I Confess Still.jpg,https://commons.wikimedia.org/wiki/File:Hitchcock_I_Confess_Still.jpg,https://upload.wikimedia.org/wikipedia/commons/b/bf/Hitchcock_I_Confess_Still.jpg,Category:Warner Bros. publicity photos,TRUE
Humphrey Bogart & Joe Sawyer San Quentin Still.jpg,https://commons.wikimedia.org/wiki/File:Humphrey_Bogart_%26_Joe_Sawyer_San_Quentin_Still.jpg,https://upload.wikimedia.org/wikipedia/commons/d/dd/Humphrey_Bogart_%26_Joe_Sawyer_San_Quentin_Still.jpg,Category:Warner Bros. publicity photos,2026-08-30
Humphrey Bogart & Lauren Bacall The Big Sleep Publicity Photo.jpg,https://commons.wikimedia.org/wiki/File:Humphrey_Bogart_%26_Lauren_Bacall_The_Big_Sleep_Publicity_Photo.jpg,https://upload.wikimedia.org/wikipedia/commons/1/19/Humphrey_Bogart_%26_Lauren_Bacall_The_Big_Sleep_Publicity_Photo.jpg,Category:Warner Bros. publicity photos,2026-08-30
Humphrey Bogart by Elmer Fryer (cropped).jpg,https://commons.wikimedia.org/wiki/File:Humphrey_Bogart_by_Elmer_Fryer_(cropped).jpg,https://upload.wikimedia.org/wikipedia/commons/5/52/Humphrey_Bogart_by_Elmer_Fryer_%28cropped%29.jpg,Category:Warner Bros. publicity photos,LOWRES
Humphrey Bogart by Elmer Fryer 2.jpg,https://commons.wikimedia.org/wiki/File:Humphrey_Bogart_by_Elmer_Fryer_2.jpg,https://upload.wikimedia.org/wikipedia/commons/b/b7/Humphrey_Bogart_by_Elmer_Fryer_2.jpg,Category:Warner Bros. publicity photos,LOWRES
Humphrey Bogart by Elmer Fryer.jpg,https://commons.wikimedia.org/wiki/File:Humphrey_Bogart_by_Elmer_Fryer.jpg,https://upload.wikimedia.org/wikipedia/commons/e/e7/Humphrey_Bogart_by_Elmer_Fryer.jpg,Category:Warner Bros. publicity photos,2026-08-30
Humphrey Bogart Edward G. Robinson Key Largo Still.jpg,https://commons.wikimedia.org/wiki/File:Humphrey_Bogart_Edward_G._Robinson_Key_Largo_Still.jpg,https://upload.wikimedia.org/wikipedia/commons/7/71/Humphrey_Bogart_Edward_G._Robinson_Key_Largo_Still.jpg,Category:Warner Bros. publicity photos,LOWRES
Humphrey Bogart High Sierra Promotional Still.jpg,https://commons.wikimedia.org/wiki/File:Humphrey_Bogart_High_Sierra_Promotional_Still.jpg,https://upload.wikimedia.org/wikipedia/commons/8/8e/Humphrey_Bogart_High_Sierra_Promotional_Still.jpg,Category:Warner Bros. publicity photos,LOWRES
Humphrey Bogart High Sierra Still.jpg,https://commons.wikimedia.org/wiki/File:Humphrey_Bogart_High_Sierra_Still.jpg,https://upload.wikimedia.org/wikipedia/commons/5/58/Humphrey_Bogart_High_Sierra_Still.jpg,Category:Warner Bros. publicity photos,LOWRES
Humphrey Bogart Ingrid Bergman Casablanca Promo Still.jpg,https://commons.wikimedia.org/wiki/File:Humphrey_Bogart_Ingrid_Bergman_Casablanca_Promo_Still.jpg,https://upload.wikimedia.org/wikipedia/commons/d/d8/Humphrey_Bogart_Ingrid_Bergman_Casablanca_Promo_Still.jpg,Category:Warner Bros. publicity photos,LOWRES
Humphrey Bogart Raymond Massey Action in the North Atlantic.jpg,https://commons.wikimedia.org/wiki/File:Humphrey_Bogart_Raymond_Massey_Action_in_the_North_Atlantic.jpg,https://upload.wikimedia.org/wikipedia/commons/a/af/Humphrey_Bogart_Raymond_Massey_Action_in_the_North_Atlantic.jpg,Category:Warner Bros. publicity photos,LOWRES
Humphrey Bogart The Big Shot Promo Still.jpg,https://commons.wikimedia.org/wiki/File:Humphrey_Bogart_The_Big_Shot_Promo_Still.jpg,https://upload.wikimedia.org/wikipedia/commons/2/29/Humphrey_Bogart_The_Big_Shot_Promo_Still.jpg,Category:Warner Bros. publicity photos,LOWRES
Humphrey Bogart The Maltese Falcon Still.jpg,https://commons.wikimedia.org/wiki/File:Humphrey_Bogart_The_Maltese_Falcon_Still.jpg,https://upload.wikimedia.org/wikipedia/commons/4/4a/Humphrey_Bogart_The_Maltese_Falcon_Still.jpg,Category:Warner Bros. publicity photos,LOWRES
Humphrey Bogart The Petrified Forest Still.jpg,https://commons.wikimedia.org/wiki/File:Humphrey_Bogart_The_Petrified_Forest_Still.jpg,https://upload.wikimedia.org/wikipedia/commons/7/79/Humphrey_Bogart_The_Petrified_Forest_Still.jpg,Category:Warner Bros. publicity photos,LOWRES
Humphrey Bogart Walter Huston The Treasure of the Sierra Madre Still.jpg,https://commons.wikimedia.org/wiki/File:Humphrey_Bogart_Walter_Huston_The_Treasure_of_the_Sierra_Madre_Still.jpg,https://upload.wikimedia.org/wikipedia/commons/c/cf/Humphrey_Bogart_Walter_Huston_The_Treasure_of_the_Sierra_Madre_Still.jpg,Category:Warner Bros. publicity photos,FALSE
"Humphrey Bogart, George Raft, Ann Sheridan They Drive by Night Still.jpg","https://commons.wikimedia.org/wiki/File:Humphrey_Bogart,_George_Raft,_Ann_Sheridan_They_Drive_by_Night_Still.jpg",https://upload.wikimedia.org/wikipedia/commons/5/5e/Humphrey_Bogart%2C_George_Raft%2C_Ann_Sheridan_They_Drive_by_Night_Still.jpg,Category:Warner Bros. publicity photos,LOWRES
Hüsker Dü (1986 Warner Bros publicity photo).jpg,https://commons.wikimedia.org/wiki/File:H%C3%BCsker_D%C3%BC_(1986_Warner_Bros_publicity_photo).jpg,https://upload.wikimedia.org/wikipedia/commons/f/fc/H%C3%BCsker_D%C3%BC_%281986_Warner_Bros_publicity_photo%29.jpg,Category:Warner Bros. publicity photos,2026-09-24
I've Got Your Number (1934).jpg,https://commons.wikimedia.org/wiki/File:I%27ve_Got_Your_Number_(1934).jpg,https://upload.wikimedia.org/wikipedia/commons/5/56/I%27ve_Got_Your_Number_%281934%29.jpg,Category:Warner Bros. publicity photos,TRUE
I've Got YourNumber 1934.jpg,https://commons.wikimedia.org/wiki/File:I%27ve_Got_YourNumber_1934.jpg,https://upload.wikimedia.org/wikipedia/commons/2/23/I%27ve_Got_YourNumber_1934.jpg,Category:Warner Bros. publicity photos,2026-09-19
Ian Hunter by Elmer Fryer.jpg,https://commons.wikimedia.org/wiki/File:Ian_Hunter_by_Elmer_Fryer.jpg,https://upload.wikimedia.org/wikipedia/commons/5/55/Ian_Hunter_by_Elmer_Fryer.jpg,Category:Warner Bros. publicity photos,TRUE
Ida Lupino publicity.jpg,https://commons.wikimedia.org/wiki/File:Ida_Lupino_publicity.jpg,https://upload.wikimedia.org/wikipedia/commons/3/30/Ida_Lupino_publicity.jpg,Category:Warner Bros. publicity photos,TRUE
Dolores Del Rio in - In Caliente.jpg,https://commons.wikimedia.org/wiki/File:Dolores_Del_Rio_in_-_In_Caliente.jpg,https://upload.wikimedia.org/wikipedia/commons/1/12/Dolores_Del_Rio_in_-_In_Caliente.jpg,Category:Warner Bros. publicity photos,TRUE
"Ingrid Bergman & Paul Henreid - Casablanca, 1942.jpg","https://commons.wikimedia.org/wiki/File:Ingrid_Bergman_%26_Paul_Henreid_-_Casablanca,_1942.jpg",https://upload.wikimedia.org/wikipedia/commons/b/bf/Ingrid_Bergman_%26_Paul_Henreid_-_Casablanca%2C_1942.jpg,Category:Warner Bros. publicity photos,2026-08-28
Ingrid Bergman 1942 photo.jpg,https://commons.wikimedia.org/wiki/File:Ingrid_Bergman_1942_photo.jpg,https://upload.wikimedia.org/wikipedia/commons/7/7e/Ingrid_Bergman_1942_photo.jpg,Category:Warner Bros. publicity photos,LOWRES
JaDean-cropped.jpg,https://commons.wikimedia.org/wiki/File:JaDean-cropped.jpg,https://upload.wikimedia.org/wikipedia/commons/8/81/JaDean-cropped.jpg,Category:Warner Bros. publicity photos,TRUE
James Cagney by Elmer Fryer 2.jpg,https://commons.wikimedia.org/wiki/File:James_Cagney_by_Elmer_Fryer_2.jpg,https://upload.wikimedia.org/wikipedia/commons/e/eb/James_Cagney_by_Elmer_Fryer_2.jpg,Category:Warner Bros. publicity photos,TRUE
James Cagney by Elmer Fryer.jpg,https://commons.wikimedia.org/wiki/File:James_Cagney_by_Elmer_Fryer.jpg,https://upload.wikimedia.org/wikipedia/commons/4/43/James_Cagney_by_Elmer_Fryer.jpg,Category:Warner Bros. publicity photos,TRUE
James Cagney Humphrey Bogart Oklahoma Kid Still.jpg,https://commons.wikimedia.org/wiki/File:James_Cagney_Humphrey_Bogart_Oklahoma_Kid_Still.jpg,https://upload.wikimedia.org/wikipedia/commons/8/87/James_Cagney_Humphrey_Bogart_Oklahoma_Kid_Still.jpg,Category:Warner Bros. publicity photos,LOWRES
James Cagney Humphrey Bogart The Roaring Twenties Still.jpg,https://commons.wikimedia.org/wiki/File:James_Cagney_Humphrey_Bogart_The_Roaring_Twenties_Still.jpg,https://upload.wikimedia.org/wikipedia/commons/b/bc/James_Cagney_Humphrey_Bogart_The_Roaring_Twenties_Still.jpg,Category:Warner Bros. publicity photos,LOWRES
James Cagney Pat O'Brien Angels with Dirty Faces Still.jpg,https://commons.wikimedia.org/wiki/File:James_Cagney_Pat_O%27Brien_Angels_with_Dirty_Faces_Still.jpg,https://upload.wikimedia.org/wikipedia/commons/2/2d/James_Cagney_Pat_O%27Brien_Angels_with_Dirty_Faces_Still.jpg,Category:Warner Bros. publicity photos,TRUE
James Dean - Julie Harris.jpg,https://commons.wikimedia.org/wiki/File:James_Dean_-_Julie_Harris.jpg,https://upload.wikimedia.org/wikipedia/commons/2/20/James_Dean_-_Julie_Harris.jpg,Category:Warner Bros. publicity photos,TRUE
James Dean in Rebel Without a Cause (2).jpg,https://commons.wikimedia.org/wiki/File:James_Dean_in_Rebel_Without_a_Cause_(2).jpg,https://upload.wikimedia.org/wikipedia/commons/d/d2/James_Dean_in_Rebel_Without_a_Cause_%282%29.jpg,Category:Warner Bros. publicity photos,LOWRES
James Dean in Rebel Without a Cause.jpg,https://commons.wikimedia.org/wiki/File:James_Dean_in_Rebel_Without_a_Cause.jpg,https://upload.wikimedia.org/wikipedia/commons/e/e6/James_Dean_in_Rebel_Without_a_Cause.jpg,Category:Warner Bros. publicity photos,TRUE
"Janis Paige by Bert Six, c. 1944.jpg","https://commons.wikimedia.org/wiki/File:Janis_Paige_by_Bert_Six,_c._1944.jpg",https://upload.wikimedia.org/wikipedia/commons/1/1c/Janis_Paige_by_Bert_Six%2C_c._1944.jpg,Category:Warner Bros. publicity photos,TRUE
Jason Miller and Max von Sydow in The Exorcist.jpg,https://commons.wikimedia.org/wiki/File:Jason_Miller_and_Max_von_Sydow_in_The_Exorcist.jpg,https://upload.wikimedia.org/wikipedia/commons/8/80/Jason_Miller_and_Max_von_Sydow_in_The_Exorcist.jpg,Category:Warner Bros. publicity photos,TRUE
McAvoyJolsonJazzSinger.jpg,https://commons.wikimedia.org/wiki/File:McAvoyJolsonJazzSinger.jpg,https://upload.wikimedia.org/wikipedia/commons/8/8f/McAvoyJolsonJazzSinger.jpg,Category:Warner Bros. publicity photos,2026-09-12
The Jazz Singer (SAYRE 14778).jpg,https://commons.wikimedia.org/wiki/File:The_Jazz_Singer_(SAYRE_14778).jpg,https://upload.wikimedia.org/wikipedia/commons/b/bd/The_Jazz_Singer_%28SAYRE_14778%29.jpg,Category:Warner Bros. publicity photos,FALSE
JazzSingerJackMother.jpg,https://commons.wikimedia.org/wiki/File:JazzSingerJackMother.jpg,https://upload.wikimedia.org/wikipedia/commons/5/5c/JazzSingerJackMother.jpg,Category:Warner Bros. publicity photos,TRUE
Jean-Muir-studio-portrait.jpg,https://commons.wikimedia.org/wiki/File:Jean-Muir-studio-portrait.jpg,https://upload.wikimedia.org/wikipedia/commons/e/ea/Jean-Muir-studio-portrait.jpg,Category:Warner Bros. publicity photos,TRUE
"Joan Blondell & John Litel in Back in Circulation, 1937.jpg","https://commons.wikimedia.org/wiki/File:Joan_Blondell_%26_John_Litel_in_Back_in_Circulation,_1937.jpg",https://upload.wikimedia.org/wikipedia/commons/e/e4/Joan_Blondell_%26_John_Litel_in_Back_in_Circulation%2C_1937.jpg,Category:Warner Bros. publicity photos,TRUE
Joan Blondell - 1936.jpg,https://commons.wikimedia.org/wiki/File:Joan_Blondell_-_1936.jpg,https://upload.wikimedia.org/wikipedia/commons/e/e6/Joan_Blondell_-_1936.jpg,Category:Warner Bros. publicity photos,TRUE
"Joan Crawford in Humoresque, 1946.jpg","https://commons.wikimedia.org/wiki/File:Joan_Crawford_in_Humoresque,_1946.jpg",https://upload.wikimedia.org/wikipedia/commons/f/f4/Joan_Crawford_in_Humoresque%2C_1946.jpg,Category:Warner Bros. publicity photos,TRUE
Joan Crawford in Mildred Pierce.jpg,https://commons.wikimedia.org/wiki/File:Joan_Crawford_in_Mildred_Pierce.jpg,https://upload.wikimedia.org/wikipedia/commons/b/bb/Joan_Crawford_in_Mildred_Pierce.jpg,Category:Warner Bros. publicity photos,FALSE
Jolson black.jpg,https://commons.wikimedia.org/wiki/File:Jolson_black.jpg,https://upload.wikimedia.org/wikipedia/commons/9/9b/Jolson_black.jpg,Category:Warner Bros. publicity photos,TRUE
Lana Turner in The Big Cube (1969).jpg,https://commons.wikimedia.org/wiki/File:Lana_Turner_in_The_Big_Cube_(1969).jpg,https://upload.wikimedia.org/wikipedia/commons/9/98/Lana_Turner_in_The_Big_Cube_%281969%29.jpg,Category:Warner Bros. publicity photos,2026-08-29
Lauren Bacall & Humphrey Bogart The Big Sleep Publicity.jpg,https://commons.wikimedia.org/wiki/File:Lauren_Bacall_%26_Humphrey_Bogart_The_Big_Sleep_Publicity.jpg,https://upload.wikimedia.org/wikipedia/commons/9/91/Lauren_Bacall_%26_Humphrey_Bogart_The_Big_Sleep_Publicity.jpg,Category:Warner Bros. publicity photos,2026-08-30
Lauren Bacall in 1947 from- Dark Passage (cropped).jpg,https://commons.wikimedia.org/wiki/File:Lauren_Bacall_in_1947_from-_Dark_Passage_(cropped).jpg,https://upload.wikimedia.org/wikipedia/commons/a/a3/Lauren_Bacall_in_1947_from-_Dark_Passage_%28cropped%29.jpg,Category:Warner Bros. publicity photos,TRUE
Leslie Howard by Elmer Fryer (cropped).jpg,https://commons.wikimedia.org/wiki/File:Leslie_Howard_by_Elmer_Fryer_(cropped).jpg,https://upload.wikimedia.org/wikipedia/commons/9/92/Leslie_Howard_by_Elmer_Fryer_%28cropped%29.jpg,Category:Warner Bros. publicity photos,TRUE
Leslie Howard by Elmer Fryer.jpg,https://commons.wikimedia.org/wiki/File:Leslie_Howard_by_Elmer_Fryer.jpg,https://upload.wikimedia.org/wikipedia/commons/9/91/Leslie_Howard_by_Elmer_Fryer.jpg,Category:Warner Bros. publicity photos,LOWRES
The Letter 1940 Davis Marshall.jpg,https://commons.wikimedia.org/wiki/File:The_Letter_1940_Davis_Marshall.jpg,https://upload.wikimedia.org/wikipedia/commons/a/a6/The_Letter_1940_Davis_Marshall.jpg,Category:Warner Bros. publicity photos,TRUE
The Letter 1940 Davis.jpg,https://commons.wikimedia.org/wiki/File:The_Letter_1940_Davis.jpg,https://upload.wikimedia.org/wikipedia/commons/d/d3/The_Letter_1940_Davis.jpg,Category:Warner Bros. publicity photos,2026-09-21
Paul Muni - Zola - 1936.jpg,https://commons.wikimedia.org/wiki/File:Paul_Muni_-_Zola_-_1936.jpg,https://upload.wikimedia.org/wikipedia/commons/0/01/Paul_Muni_-_Zola_-_1936.jpg,Category:Warner Bros. publicity photos,TRUE
The Lighthouse by the Sea (1924) - 2.jpg,https://commons.wikimedia.org/wiki/File:The_Lighthouse_by_the_Sea_(1924)_-_2.jpg,https://upload.wikimedia.org/wikipedia/commons/d/d9/The_Lighthouse_by_the_Sea_%281924%29_-_2.jpg,Category:Warner Bros. publicity photos,TRUE
Lilian Bond Warner Bros. and First National.jpg,https://commons.wikimedia.org/wiki/File:Lilian_Bond_Warner_Bros._and_First_National.jpg,https://upload.wikimedia.org/wikipedia/commons/d/d7/Lilian_Bond_Warner_Bros._and_First_National.jpg,Category:Warner Bros. publicity photos,TRUE
Linda Blair and Ellen Burstyn in The Exorcist.jpg,https://commons.wikimedia.org/wiki/File:Linda_Blair_and_Ellen_Burstyn_in_The_Exorcist.jpg,https://upload.wikimedia.org/wikipedia/commons/e/ee/Linda_Blair_and_Ellen_Burstyn_in_The_Exorcist.jpg,Category:Warner Bros. publicity photos,2026-09-18
Douglas Fairbanks Jr and Glenda Farrell.jpg,https://commons.wikimedia.org/wiki/File:Douglas_Fairbanks_Jr_and_Glenda_Farrell.jpg,https://upload.wikimedia.org/wikipedia/commons/4/4a/Douglas_Fairbanks_Jr_and_Glenda_Farrell.jpg,Category:Warner Bros. publicity photos,TRUE
The little Wildcat (SAYRE 13913).jpg,https://commons.wikimedia.org/wiki/File:The_little_Wildcat_(SAYRE_13913).jpg,https://upload.wikimedia.org/wikipedia/commons/2/20/The_little_Wildcat_%28SAYRE_13913%29.jpg,Category:Warner Bros. publicity photos,TRUE
Lupino & Bogart High Sierra 1941.jpg,https://commons.wikimedia.org/wiki/File:Lupino_%26_Bogart_High_Sierra_1941.jpg,https://upload.wikimedia.org/wikipedia/commons/0/04/Lupino_%26_Bogart_High_Sierra_1941.jpg,Category:Warner Bros. publicity photos,LOWRES
Mae Clarke and James Cagney.jpg,https://commons.wikimedia.org/wiki/File:Mae_Clarke_and_James_Cagney.jpg,https://upload.wikimedia.org/wikipedia/commons/b/b9/Mae_Clarke_and_James_Cagney.jpg,Category:Warner Bros. publicity photos,TRUE
Maltese-Falcon-Tell-the-Truth-1941.jpg,https://commons.wikimedia.org/wiki/File:Maltese-Falcon-Tell-the-Truth-1941.jpg,https://upload.wikimedia.org/wikipedia/commons/4/43/Maltese-Falcon-Tell-the-Truth-1941.jpg,Category:Warner Bros. publicity photos,TRUE
Lois Moran-Al Jolson in Mammy.jpg,https://commons.wikimedia.org/wiki/File:Lois_Moran-Al_Jolson_in_Mammy.jpg,https://upload.wikimedia.org/wikipedia/commons/6/67/Lois_Moran-Al_Jolson_in_Mammy.jpg,Category:Warner Bros. publicity photos,TRUE
Marlon Brando and Vivien Leigh in A Streetcar Named Desire.jpeg,https://commons.wikimedia.org/wiki/File:Marlon_Brando_and_Vivien_Leigh_in_A_Streetcar_Named_Desire.jpeg,https://upload.wikimedia.org/wikipedia/commons/2/24/Marlon_Brando_and_Vivien_Leigh_in_A_Streetcar_Named_Desire.jpeg,Category:Warner Bros. publicity photos,TRUE
Mary Astor-1930s (cropped).JPG,https://commons.wikimedia.org/wiki/File:Mary_Astor-1930s_(cropped).JPG,https://upload.wikimedia.org/wikipedia/commons/6/68/Mary_Astor-1930s_%28cropped%29.JPG,Category:Warner Bros. publicity photos,TRUE
Mary Astor-1930s.JPG,https://commons.wikimedia.org/wiki/File:Mary_Astor-1930s.JPG,https://upload.wikimedia.org/wikipedia/commons/2/2b/Mary_Astor-1930s.JPG,Category:Warner Bros. publicity photos,FALSE
Lili Damita and Warren William.jpg,https://commons.wikimedia.org/wiki/File:Lili_Damita_and_Warren_William.jpg,https://upload.wikimedia.org/wikipedia/commons/b/b5/Lili_Damita_and_Warren_William.jpg,Category:Warner Bros. publicity photos,TRUE
"McHugh, Cagney & Bogart The Roaring Twenties Still.jpg","https://commons.wikimedia.org/wiki/File:McHugh,_Cagney_%26_Bogart_The_Roaring_Twenties_Still.jpg",https://upload.wikimedia.org/wikipedia/commons/9/93/McHugh%2C_Cagney_%26_Bogart_The_Roaring_Twenties_Still.jpg,Category:Warner Bros. publicity photos,2026-09-06
Meet John Doe 1941 (2).jpg,https://commons.wikimedia.org/wiki/File:Meet_John_Doe_1941_(2).jpg,https://upload.wikimedia.org/wikipedia/commons/f/f4/Meet_John_Doe_1941_%282%29.jpg,Category:Warner Bros. publicity photos,FALSE
Meet John Doe 1941 (3).jpg,https://commons.wikimedia.org/wiki/File:Meet_John_Doe_1941_(3).jpg,https://upload.wikimedia.org/wikipedia/commons/4/43/Meet_John_Doe_1941_%283%29.jpg,Category:Warner Bros. publicity photos,TRUE
Meet John Doe 1941.jpg,https://commons.wikimedia.org/wiki/File:Meet_John_Doe_1941.jpg,https://upload.wikimedia.org/wikipedia/commons/7/76/Meet_John_Doe_1941.jpg,Category:Warner Bros. publicity photos,2026-09-15
Michael J. Pollard actor (cropped).jpg,https://commons.wikimedia.org/wiki/File:Michael_J._Pollard_actor_(cropped).jpg,https://upload.wikimedia.org/wikipedia/commons/7/71/Michael_J._Pollard_actor_%28cropped%29.jpg,Category:Warner Bros. publicity photos,LOWRES
The Mind Reader.jpg,https://commons.wikimedia.org/wiki/File:The_Mind_Reader.jpg,https://upload.wikimedia.org/wikipedia/commons/3/32/The_Mind_Reader.jpg,Category:Warner Bros. publicity photos,TRUE
Miss Pacific Fleet 1935.jpg,https://commons.wikimedia.org/wiki/File:Miss_Pacific_Fleet_1935.jpg,https://upload.wikimedia.org/wikipedia/commons/4/45/Miss_Pacific_Fleet_1935.jpg,Category:Warner Bros. publicity photos,LOWRES
Mona-Maris-1941.jpg,https://commons.wikimedia.org/wiki/File:Mona-Maris-1941.jpg,https://upload.wikimedia.org/wikipedia/commons/7/78/Mona-Maris-1941.jpg,Category:Warner Bros. publicity photos,FALSE
"Monte Blue and Edna Murphy in ""Across the Atlantic"" 02.jpg",https://commons.wikimedia.org/wiki/File:Monte_Blue_and_Edna_Murphy_in_%22Across_the_Atlantic%22_02.jpg,https://upload.wikimedia.org/wikipedia/commons/b/b4/Monte_Blue_and_Edna_Murphy_in_%22Across_the_Atlantic%22_02.jpg,Category:Warner Bros. publicity photos,TRUE
Nancy Olson in Battle Cry.JPG,https://commons.wikimedia.org/wiki/File:Nancy_Olson_in_Battle_Cry.JPG,https://upload.wikimedia.org/wikipedia/commons/8/82/Nancy_Olson_in_Battle_Cry.JPG,Category:Warner Bros. publicity photos,FALSE
Matt Moore in 1924 in The Narrow Street - (SAYRE 14364) (cropped).jpg,https://commons.wikimedia.org/wiki/File:Matt_Moore_in_1924_in_The_Narrow_Street_-_(SAYRE_14364)_(cropped).jpg,https://upload.wikimedia.org/wikipedia/commons/d/d5/Matt_Moore_in_1924_in_The_Narrow_Street_-_%28SAYRE_14364%29_%28cropped%29.jpg,Category:Warner Bros. publicity photos,TRUE
The Narrow Street (SAYRE 14364).jpg,https://commons.wikimedia.org/wiki/File:The_Narrow_Street_(SAYRE_14364).jpg,https://upload.wikimedia.org/wikipedia/commons/7/70/The_Narrow_Street_%28SAYRE_14364%29.jpg,Category:Warner Bros. publicity photos,TRUE
Jean Willes in Ocean's Eleven still.jpg,https://commons.wikimedia.org/wiki/File:Jean_Willes_in_Ocean%27s_Eleven_still.jpg,https://upload.wikimedia.org/wikipedia/commons/6/6e/Jean_Willes_in_Ocean%27s_Eleven_still.jpg,Category:Warner Bros. publicity photos,LOWRES
Olivia de Havilland 1936.jpg,https://commons.wikimedia.org/wiki/File:Olivia_de_Havilland_1936.jpg,https://upload.wikimedia.org/wikipedia/commons/2/2b/Olivia_de_Havilland_1936.jpg,Category:Warner Bros. publicity photos,TRUE
"Olivia de Havilland by Scotty Welbourne, 1930s.jpg","https://commons.wikimedia.org/wiki/File:Olivia_de_Havilland_by_Scotty_Welbourne,_1930s.jpg",https://upload.wikimedia.org/wikipedia/commons/8/8b/Olivia_de_Havilland_by_Scotty_Welbourne%2C_1930s.jpg,Category:Warner Bros. publicity photos,FALSE
Olivia de Havilland in Hard to Get 1938.jpg,https://commons.wikimedia.org/wiki/File:Olivia_de_Havilland_in_Hard_to_Get_1938.jpg,https://upload.wikimedia.org/wikipedia/commons/d/d9/Olivia_de_Havilland_in_Hard_to_Get_1938.jpg,Category:Warner Bros. publicity photos,TRUE
On Thin Ice (SAYRE 14567).jpg,https://commons.wikimedia.org/wiki/File:On_Thin_Ice_(SAYRE_14567).jpg,https://upload.wikimedia.org/wikipedia/commons/1/18/On_Thin_Ice_%28SAYRE_14567%29.jpg,Category:Warner Bros. publicity photos,TRUE
Owen Roizman making The Exorcist in the streets of Georgetown (cropped).jpg,https://commons.wikimedia.org/wiki/File:Owen_Roizman_making_The_Exorcist_in_the_streets_of_Georgetown_(cropped).jpg,https://upload.wikimedia.org/wikipedia/commons/b/b0/Owen_Roizman_making_The_Exorcist_in_the_streets_of_Georgetown_%28cropped%29.jpg,Category:Warner Bros. publicity photos,TRUE
Pat O'Brien by Elmer Fryer.jpg,https://commons.wikimedia.org/wiki/File:Pat_O%27Brien_by_Elmer_Fryer.jpg,https://upload.wikimedia.org/wikipedia/commons/a/a6/Pat_O%27Brien_by_Elmer_Fryer.jpg,Category:Warner Bros. publicity photos,TRUE
"Paul Henreid and Bette Davis in Now, Voyager publicity still.jpg","https://commons.wikimedia.org/wiki/File:Paul_Henreid_and_Bette_Davis_in_Now,_Voyager_publicity_still.jpg",https://upload.wikimedia.org/wikipedia/commons/8/8a/Paul_Henreid_and_Bette_Davis_in_Now%2C_Voyager_publicity_still.jpg,Category:Warner Bros. publicity photos,LOWRES
Paul Muni by Elmer Fryer.jpg,https://commons.wikimedia.org/wiki/File:Paul_Muni_by_Elmer_Fryer.jpg,https://upload.wikimedia.org/wikipedia/commons/6/6b/Paul_Muni_by_Elmer_Fryer.jpg,Category:Warner Bros. publicity photos,TRUE
Paul Newman 1954.JPG,https://commons.wikimedia.org/wiki/File:Paul_Newman_1954.JPG,https://upload.wikimedia.org/wikipedia/commons/e/ed/Paul_Newman_1954.JPG,Category:Warner Bros. publicity photos,2026-09-09
Peter Lorre and Humphrey Bogart The Maltese Falcon Still.jpg,https://commons.wikimedia.org/wiki/File:Peter_Lorre_and_Humphrey_Bogart_The_Maltese_Falcon_Still.jpg,https://upload.wikimedia.org/wikipedia/commons/1/12/Peter_Lorre_and_Humphrey_Bogart_The_Maltese_Falcon_Still.jpg,Category:Warner Bros. publicity photos,LOWRES
Humphrey Bogart & George Brent Racket Busters Still.jpg,https://commons.wikimedia.org/wiki/File:Humphrey_Bogart_%26_George_Brent_Racket_Busters_Still.jpg,https://upload.wikimedia.org/wikipedia/commons/9/92/Humphrey_Bogart_%26_George_Brent_Racket_Busters_Still.jpg,Category:Warner Bros. publicity photos,2026-08-30
"Natalie Wood 1955, Rebel Without a Cause.jpg","https://commons.wikimedia.org/wiki/File:Natalie_Wood_1955,_Rebel_Without_a_Cause.jpg",https://upload.wikimedia.org/wikipedia/commons/4/46/Natalie_Wood_1955%2C_Rebel_Without_a_Cause.jpg,Category:Warner Bros. publicity photos,2026-09-11
Red Hot Tires (SAYRE 14745).jpg,https://commons.wikimedia.org/wiki/File:Red_Hot_Tires_(SAYRE_14745).jpg,https://upload.wikimedia.org/wikipedia/commons/f/fd/Red_Hot_Tires_%28SAYRE_14745%29.jpg,Category:Warner Bros. publicity photos,TRUE
Regina Torné in The Big Cube (1969) (cropped).jpg,https://commons.wikimedia.org/wiki/File:Regina_Torn%C3%A9_in_The_Big_Cube_(1969)_(cropped).jpg,https://upload.wikimedia.org/wikipedia/commons/2/2a/Regina_Torn%C3%A9_in_The_Big_Cube_%281969%29_%28cropped%29.jpg,Category:Warner Bros. publicity photos,LOWRES
Regina Torné in The Big Cube (1969).jpg,https://commons.wikimedia.org/wiki/File:Regina_Torn%C3%A9_in_The_Big_Cube_(1969).jpg,https://upload.wikimedia.org/wikipedia/commons/4/4a/Regina_Torn%C3%A9_in_The_Big_Cube_%281969%29.jpg,Category:Warner Bros. publicity photos,LOWRES
Regina Torné publicity photo for The Big Cube (1969) (cropped).jpg,https://commons.wikimedia.org/wiki/File:Regina_Torn%C3%A9_publicity_photo_for_The_Big_Cube_(1969)_(cropped).jpg,https://upload.wikimedia.org/wikipedia/commons/2/2d/Regina_Torn%C3%A9_publicity_photo_for_The_Big_Cube_%281969%29_%28cropped%29.jpg,Category:Warner Bros. publicity photos,LOWRES
Regina Torné publicity photo for The Big Cube (1969).jpg,https://commons.wikimedia.org/wiki/File:Regina_Torn%C3%A9_publicity_photo_for_The_Big_Cube_(1969).jpg,https://upload.wikimedia.org/wikipedia/commons/8/83/Regina_Torn%C3%A9_publicity_photo_for_The_Big_Cube_%281969%29.jpg,Category:Warner Bros. publicity photos,2026-09-17
Regina Torné publicity The Big Cube (1969).jpg,https://commons.wikimedia.org/wiki/File:Regina_Torn%C3%A9_publicity_The_Big_Cube_(1969).jpg,https://upload.wikimedia.org/wikipedia/commons/c/c5/Regina_Torn%C3%A9_publicity_The_Big_Cube_%281969%29.jpg,Category:Warner Bros. publicity photos,TRUE
Richard Barthelmess - publicity.JPG,https://commons.wikimedia.org/wiki/File:Richard_Barthelmess_-_publicity.JPG,https://upload.wikimedia.org/wikipedia/commons/4/4a/Richard_Barthelmess_-_publicity.JPG,Category:Warner Bros. publicity photos,TRUE
Rin Tin Tin 1929.JPG,https://commons.wikimedia.org/wiki/File:Rin_Tin_Tin_1929.JPG,https://upload.wikimedia.org/wikipedia/commons/1/1e/Rin_Tin_Tin_1929.JPG,Category:Warner Bros. publicity photos,TRUE
Rock Hudson and Elizabeth Taylor (9296948110).jpg,https://commons.wikimedia.org/wiki/File:Rock_Hudson_and_Elizabeth_Taylor_(9296948110).jpg,https://upload.wikimedia.org/wikipedia/commons/9/98/Rock_Hudson_and_Elizabeth_Taylor_%289296948110%29.jpg,Category:Warner Bros. publicity photos,TRUE
Ruby Keeler - 35.JPG,https://commons.wikimedia.org/wiki/File:Ruby_Keeler_-_35.JPG,https://upload.wikimedia.org/wikipedia/commons/5/5f/Ruby_Keeler_-_35.JPG,Category:Warner Bros. publicity photos,TRUE
"Ruby Keeler by Scotty Welbourne, 1935.jpg","https://commons.wikimedia.org/wiki/File:Ruby_Keeler_by_Scotty_Welbourne,_1935.jpg",https://upload.wikimedia.org/wikipedia/commons/d/d3/Ruby_Keeler_by_Scotty_Welbourne%2C_1935.jpg,Category:Warner Bros. publicity photos,TRUE
Rudy Vallee in Radio Stars.jpg,https://commons.wikimedia.org/wiki/File:Rudy_Vallee_in_Radio_Stars.jpg,https://upload.wikimedia.org/wikipedia/commons/a/a4/Rudy_Vallee_in_Radio_Stars.jpg,Category:Warner Bros. publicity photos,TRUE
Rudy Vallée and Ann Dvorak.jpg,https://commons.wikimedia.org/wiki/File:Rudy_Vall%C3%A9e_and_Ann_Dvorak.jpg,https://upload.wikimedia.org/wikipedia/commons/a/a6/Rudy_Vall%C3%A9e_and_Ann_Dvorak.jpg,Category:Warner Bros. publicity photos,TRUE
Dorothy Mackaill Safe in Hell 1931.jpg,https://commons.wikimedia.org/wiki/File:Dorothy_Mackaill_Safe_in_Hell_1931.jpg,https://upload.wikimedia.org/wikipedia/commons/f/f2/Dorothy_Mackaill_Safe_in_Hell_1931.jpg,Category:Warner Bros. publicity photos,TRUE
Sam Peckinpah.JPG,https://commons.wikimedia.org/wiki/File:Sam_Peckinpah.JPG,https://upload.wikimedia.org/wikipedia/commons/3/34/Sam_Peckinpah.JPG,Category:Warner Bros. publicity photos,TRUE
Santa Fe Trail 2.jpg,https://commons.wikimedia.org/wiki/File:Santa_Fe_Trail_2.jpg,https://upload.wikimedia.org/wikipedia/commons/6/62/Santa_Fe_Trail_2.jpg,Category:Warner Bros. publicity photos,TRUE
Santa Fe Trail 3.jpg,https://commons.wikimedia.org/wiki/File:Santa_Fe_Trail_3.jpg,https://upload.wikimedia.org/wikipedia/commons/9/90/Santa_Fe_Trail_3.jpg,Category:Warner Bros. publicity photos,TRUE
Santa Fe Trail 4.jpg,https://commons.wikimedia.org/wiki/File:Santa_Fe_Trail_4.jpg,https://upload.wikimedia.org/wikipedia/commons/8/81/Santa_Fe_Trail_4.jpg,Category:Warner Bros. publicity photos,TRUE
Santa Fe Trail De Havilland Flynn.jpg,https://commons.wikimedia.org/wiki/File:Santa_Fe_Trail_De_Havilland_Flynn.jpg,https://upload.wikimedia.org/wikipedia/commons/3/30/Santa_Fe_Trail_De_Havilland_Flynn.jpg,Category:Warner Bros. publicity photos,TRUE
Santa Fe Trail.jpg,https://commons.wikimedia.org/wiki/File:Santa_Fe_Trail.jpg,https://upload.wikimedia.org/wikipedia/commons/8/85/Santa_Fe_Trail.jpg,Category:Warner Bros. publicity photos,FALSE
Gary Cooper and Ingrid Bergman in Saratoga Trunk 1945.jpg,https://commons.wikimedia.org/wiki/File:Gary_Cooper_and_Ingrid_Bergman_in_Saratoga_Trunk_1945.jpg,https://upload.wikimedia.org/wikipedia/commons/e/e8/Gary_Cooper_and_Ingrid_Bergman_in_Saratoga_Trunk_1945.jpg,Category:Warner Bros. publicity photos,2026-08-28
Screenland October 1923 - page 77a.jpg,https://commons.wikimedia.org/wiki/File:Screenland_October_1923_-_page_77a.jpg,https://upload.wikimedia.org/wikipedia/commons/2/22/Screenland_October_1923_-_page_77a.jpg,Category:Warner Bros. publicity photos,FALSE
"Silent film actress Dolores Costello in ""The Sea Beast"" (SAYRE 22132).jpg",https://commons.wikimedia.org/wiki/File:Silent_film_actress_Dolores_Costello_in_%22The_Sea_Beast%22_(SAYRE_22132).jpg,https://upload.wikimedia.org/wikipedia/commons/4/4f/Silent_film_actress_Dolores_Costello_in_%22The_Sea_Beast%22_%28SAYRE_22132%29.jpg,Category:Warner Bros. publicity photos,TRUE
Claire Dodd and Joan Blondell in Smarty.jpg,https://commons.wikimedia.org/wiki/File:Claire_Dodd_and_Joan_Blondell_in_Smarty.jpg,https://upload.wikimedia.org/wikipedia/commons/a/a5/Claire_Dodd_and_Joan_Blondell_in_Smarty.jpg,Category:Warner Bros. publicity photos,TRUE
Ernie Weckbaugh & Claude Rains.jpg,https://commons.wikimedia.org/wiki/File:Ernie_Weckbaugh_%26_Claude_Rains.jpg,https://upload.wikimedia.org/wikipedia/commons/0/04/Ernie_Weckbaugh_%26_Claude_Rains.jpg,Category:Warner Bros. publicity photos,TRUE
Ernie Weckbaugh - Ernie Weckbaugh & Claude Rains (cropped).jpg,https://commons.wikimedia.org/wiki/File:Ernie_Weckbaugh_-_Ernie_Weckbaugh_%26_Claude_Rains_(cropped).jpg,https://upload.wikimedia.org/wikipedia/commons/a/a3/Ernie_Weckbaugh_-_Ernie_Weckbaugh_%26_Claude_Rains_%28cropped%29.jpg,Category:Warner Bros. publicity photos,TRUE
Bernice Claire Alexander Gray Spring Is Here 1930.JPG,https://commons.wikimedia.org/wiki/File:Bernice_Claire_Alexander_Gray_Spring_Is_Here_1930.JPG,https://upload.wikimedia.org/wikipedia/commons/0/0a/Bernice_Claire_Alexander_Gray_Spring_Is_Here_1930.JPG,Category:Warner Bros. publicity photos,TRUE
Stage Door Canteen (1943) 1.jpg,https://commons.wikimedia.org/wiki/File:Stage_Door_Canteen_(1943)_1.jpg,https://upload.wikimedia.org/wikipedia/commons/8/8c/Stage_Door_Canteen_%281943%29_1.jpg,Category:Warner Bros. publicity photos,2026-09-09
Stanwyck - 1942 film.JPG,https://commons.wikimedia.org/wiki/File:Stanwyck_-_1942_film.JPG,https://upload.wikimedia.org/wikipedia/commons/0/0e/Stanwyck_-_1942_film.JPG,Category:Warner Bros. publicity photos,LOWRES
The Strange Love of Molly Louvain 1932.jpg,https://commons.wikimedia.org/wiki/File:The_Strange_Love_of_Molly_Louvain_1932.jpg,https://upload.wikimedia.org/wikipedia/commons/5/54/The_Strange_Love_of_Molly_Louvain_1932.jpg,Category:Warner Bros. publicity photos,TRUE
The Argyle Case (SAYRE 14142).jpg,https://commons.wikimedia.org/wiki/File:The_Argyle_Case_(SAYRE_14142).jpg,https://upload.wikimedia.org/wikipedia/commons/4/4e/The_Argyle_Case_%28SAYRE_14142%29.jpg,Category:Warner Bros. publicity photos,2026-09-18
The Jazz Singer (SAYRE 14108).jpg,https://commons.wikimedia.org/wiki/File:The_Jazz_Singer_(SAYRE_14108).jpg,https://upload.wikimedia.org/wikipedia/commons/6/63/The_Jazz_Singer_%28SAYRE_14108%29.jpg,Category:Warner Bros. publicity photos,TRUE
The Jazz Singer (SAYRE 14546).jpg,https://commons.wikimedia.org/wiki/File:The_Jazz_Singer_(SAYRE_14546).jpg,https://upload.wikimedia.org/wikipedia/commons/0/0c/The_Jazz_Singer_%28SAYRE_14546%29.jpg,Category:Warner Bros. publicity photos,2026-09-10
The Passionate Quest (SAYRE 14068).jpg,https://commons.wikimedia.org/wiki/File:The_Passionate_Quest_(SAYRE_14068).jpg,https://upload.wikimedia.org/wikipedia/commons/9/91/The_Passionate_Quest_%28SAYRE_14068%29.jpg,Category:Warner Bros. publicity photos,TRUE
The Third Degree (SAYRE 14453).jpg,https://commons.wikimedia.org/wiki/File:The_Third_Degree_(SAYRE_14453).jpg,https://upload.wikimedia.org/wikipedia/commons/0/0a/The_Third_Degree_%28SAYRE_14453%29.jpg,Category:Warner Bros. publicity photos,TRUE
Bogart and Bacall To Have and Have Not.jpg,https://commons.wikimedia.org/wiki/File:Bogart_and_Bacall_To_Have_and_Have_Not.jpg,https://upload.wikimedia.org/wikipedia/commons/d/d8/Bogart_and_Bacall_To_Have_and_Have_Not.jpg,Category:Warner Bros. publicity photos,TRUE
To-Have-and-Have-Not-LIFE-1.jpg,https://commons.wikimedia.org/wiki/File:To-Have-and-Have-Not-LIFE-1.jpg,https://upload.wikimedia.org/wikipedia/commons/a/ab/To-Have-and-Have-Not-LIFE-1.jpg,Category:Warner Bros. publicity photos,TRUE
To-Have-and-Have-Not-LIFE-2.jpg,https://commons.wikimedia.org/wiki/File:To-Have-and-Have-Not-LIFE-2.jpg,https://upload.wikimedia.org/wikipedia/commons/4/43/To-Have-and-Have-Not-LIFE-2.jpg,Category:Warner Bros. publicity photos,TRUE
Toby Wing.jpg,https://commons.wikimedia.org/wiki/File:Toby_Wing.jpg,https://upload.wikimedia.org/wikipedia/commons/d/d6/Toby_Wing.jpg,Category:Warner Bros. publicity photos,TRUE
Virginia Brown Faire in Tracked by the Police.jpg,https://commons.wikimedia.org/wiki/File:Virginia_Brown_Faire_in_Tracked_by_the_Police.jpg,https://upload.wikimedia.org/wikipedia/commons/7/7d/Virginia_Brown_Faire_in_Tracked_by_the_Police.jpg,Category:Warner Bros. publicity photos,2026-09-17
Tracked in the Snow Country (1925) - 1.jpg,https://commons.wikimedia.org/wiki/File:Tracked_in_the_Snow_Country_(1925)_-_1.jpg,https://upload.wikimedia.org/wikipedia/commons/3/33/Tracked_in_the_Snow_Country_%281925%29_-_1.jpg,Category:Warner Bros. publicity photos,TRUE
Tracy The Old Man and the Sea Promo Still.jpg,https://commons.wikimedia.org/wiki/File:Tracy_The_Old_Man_and_the_Sea_Promo_Still.jpg,https://upload.wikimedia.org/wikipedia/commons/1/16/Tracy_The_Old_Man_and_the_Sea_Promo_Still.jpg,Category:Warner Bros. publicity photos,TRUE
Jack Warner portrait copy.jpg,https://commons.wikimedia.org/wiki/File:Jack_Warner_portrait_copy.jpg,https://upload.wikimedia.org/wikipedia/commons/c/cd/Jack_Warner_portrait_copy.jpg,Category:Warner Bros. publicity photos,LOWRES
We're in the Money (1935).jpg,https://commons.wikimedia.org/wiki/File:We%27re_in_the_Money_(1935).jpg,https://upload.wikimedia.org/wikipedia/commons/4/40/We%27re_in_the_Money_%281935%29.jpg,Category:Warner Bros. publicity photos,TRUE
"What Ever Happened to Baby Jane? (film) 1962 - Production photo. Robert Aldrich, Bette Davis.jpg","https://commons.wikimedia.org/wiki/File:What_Ever_Happened_to_Baby_Jane%3F_(film)_1962_-_Production_photo._Robert_Aldrich,_Bette_Davis.jpg",https://upload.wikimedia.org/wikipedia/commons/0/06/What_Ever_Happened_to_Baby_Jane%3F_%28film%29_1962_-_Production_photo._Robert_Aldrich%2C_Bette_Davis.jpg,Category:Warner Bros. publicity photos,LOWRES
Wild Bunch Agua Verde.jpg,https://commons.wikimedia.org/wiki/File:Wild_Bunch_Agua_Verde.jpg,https://upload.wikimedia.org/wikipedia/commons/f/fa/Wild_Bunch_Agua_Verde.jpg,Category:Warner Bros. publicity photos,2026-09-07
Wild Bunch Peckinpah & Holden.jpg,https://commons.wikimedia.org/wiki/File:Wild_Bunch_Peckinpah_%26_Holden.jpg,https://upload.wikimedia.org/wikipedia/commons/2/2b/Wild_Bunch_Peckinpah_%26_Holden.jpg,Category:Warner Bros. publicity photos,FALSE
Wild Bunch still opening scene.jpg,https://commons.wikimedia.org/wiki/File:Wild_Bunch_still_opening_scene.jpg,https://upload.wikimedia.org/wikipedia/commons/7/71/Wild_Bunch_still_opening_scene.jpg,Category:Warner Bros. publicity photos,2026-09-24
William Friedkin making The Exorcist in the streets of Georgetown (cropped).jpg,https://commons.wikimedia.org/wiki/File:William_Friedkin_making_The_Exorcist_in_the_streets_of_Georgetown_(cropped).jpg,https://upload.wikimedia.org/wikipedia/commons/1/1d/William_Friedkin_making_The_Exorcist_in_the_streets_of_Georgetown_%28cropped%29.jpg,Category:Warner Bros. publicity photos,TRUE
"William Friedkin, Owen Roizman and William Peter Blatty making The Exorcist in the streets of Georgetown (cropped).jpg","https://commons.wikimedia.org/wiki/File:William_Friedkin,_Owen_Roizman_and_William_Peter_Blatty_making_The_Exorcist_in_the_streets_of_Georgetown_(cropped).jpg",https://upload.wikimedia.org/wikipedia/commons/3/32/William_Friedkin%2C_Owen_Roizman_and_William_Peter_Blatty_making_The_Exorcist_in_the_streets_of_Georgetown_%28cropped%29.jpg,Category:Warner Bros. publicity photos,LOWRES
"William Friedkin, Owen Roizman and William Peter Blatty making The Exorcist in the streets of Georgetown.jpg","https://commons.wikimedia.org/wiki/File:William_Friedkin,_Owen_Roizman_and_William_Peter_Blatty_making_The_Exorcist_in_the_streets_of_Georgetown.jpg",https://upload.wikimedia.org/wikipedia/commons/7/76/William_Friedkin%2C_Owen_Roizman_and_William_Peter_Blatty_making_The_Exorcist_in_the_streets_of_Georgetown.jpg,Category:Warner Bros. publicity photos,TRUE
William Powell by Elmer Fryer 2.jpg,https://commons.wikimedia.org/wiki/File:William_Powell_by_Elmer_Fryer_2.jpg,https://upload.wikimedia.org/wikipedia/commons/d/dc/William_Powell_by_Elmer_Fryer_2.jpg,Category:Warner Bros. publicity photos,TRUE
William Powell by Elmer Fryer 3.jpg,https://commons.wikimedia.org/wiki/File:William_Powell_by_Elmer_Fryer_3.jpg,https://upload.wikimedia.org/wikipedia/commons/e/ef/William_Powell_by_Elmer_Fryer_3.jpg,Category:Warner Bros. publicity photos,LOWRES
William Powell by Elmer Fryer.jpg,https://commons.wikimedia.org/wiki/File:William_Powell_by_Elmer_Fryer.jpg,https://upload.wikimedia.org/wikipedia/commons/d/de/William_Powell_by_Elmer_Fryer.jpg,Category:Warner Bros. publicity photos,LOWRES
Bette Davis George Arliss Working Man 1933.jpg,https://commons.wikimedia.org/wiki/File:Bette_Davis_George_Arliss_Working_Man_1933.jpg,https://upload.wikimedia.org/wikipedia/commons/f/fb/Bette_Davis_George_Arliss_Working_Man_1933.jpg,Category:Warner Bros. publicity photos,LOWRES
Yvonne de carlo - 1957.jpg,https://commons.wikimedia.org/wiki/File:Yvonne_de_carlo_-_1957.jpg,https://upload.wikimedia.org/wikipedia/commons/e/e1/Yvonne_de_carlo_-_1957.jpg,Category:Warner Bros. publicity photos,LOWRES
"(LtoR) Billy Gilbert, Dean Jagger, & Lucille Ball - Valley of the Sun (1942).jpg","https://commons.wikimedia.org/wiki/File:(LtoR)_Billy_Gilbert,_Dean_Jagger,_%26_Lucille_Ball_-_Valley_of_the_Sun_(1942).jpg",https://upload.wikimedia.org/wikipedia/commons/c/c7/%28LtoR%29_Billy_Gilbert%2C_Dean_Jagger%2C_%26_Lucille_Ball_-_Valley_of_the_Sun_%281942%29.jpg,Category:RKO Pictures publicity photos,2026-09-17
"10 August 1942 face detail, Simone Simon Cat People promotional photo (cropped).jpg","https://commons.wikimedia.org/wiki/File:10_August_1942_face_detail,_Simone_Simon_Cat_People_promotional_photo_(cropped).jpg",https://upload.wikimedia.org/wikipedia/commons/f/f9/10_August_1942_face_detail%2C_Simone_Simon_Cat_People_promotional_photo_%28cropped%29.jpg,Category:RKO Pictures publicity photos,LOWRES
A Bill Of Divorcement.jpg,https://commons.wikimedia.org/wiki/File:A_Bill_Of_Divorcement.jpg,https://upload.wikimedia.org/wikipedia/commons/0/0f/A_Bill_Of_Divorcement.jpg,Category:RKO Pictures publicity photos,TRUE
Abillofdivorcement.jpg,https://commons.wikimedia.org/wiki/File:Abillofdivorcement.jpg,https://upload.wikimedia.org/wikipedia/commons/5/57/Abillofdivorcement.jpg,Category:RKO Pictures publicity photos,TRUE
Theodore Newton in Ace of Aces.jpg,https://commons.wikimedia.org/wiki/File:Theodore_Newton_in_Ace_of_Aces.jpg,https://upload.wikimedia.org/wikipedia/commons/7/7a/Theodore_Newton_in_Ace_of_Aces.jpg,Category:RKO Pictures publicity photos,TRUE
Adriana Caselotti (1944 RKO Pictures publicity photo).jpg,https://commons.wikimedia.org/wiki/File:Adriana_Caselotti_(1944_RKO_Pictures_publicity_photo).jpg,https://upload.wikimedia.org/wikipedia/commons/3/3d/Adriana_Caselotti_%281944_RKO_Pictures_publicity_photo%29.jpg,Category:RKO Pictures publicity photos,TRUE
Age-of-Innocence-Moeller.jpg,https://commons.wikimedia.org/wiki/File:Age-of-Innocence-Moeller.jpg,https://upload.wikimedia.org/wikipedia/commons/5/5a/Age-of-Innocence-Moeller.jpg,Category:RKO Pictures publicity photos,TRUE
Agnes Moorehead - 1951.jpg,https://commons.wikimedia.org/wiki/File:Agnes_Moorehead_-_1951.jpg,https://upload.wikimedia.org/wikipedia/commons/f/f3/Agnes_Moorehead_-_1951.jpg,Category:RKO Pictures publicity photos,TRUE
Bebe Daniels Ben Lyon Alias French Gertie 1930.jpg,https://commons.wikimedia.org/wiki/File:Bebe_Daniels_Ben_Lyon_Alias_French_Gertie_1930.jpg,https://upload.wikimedia.org/wikipedia/commons/4/4b/Bebe_Daniels_Ben_Lyon_Alias_French_Gertie_1930.jpg,Category:RKO Pictures publicity photos,TRUE
Ann Evers Argentinean Magazine AD.jpg,https://commons.wikimedia.org/wiki/File:Ann_Evers_Argentinean_Magazine_AD.jpg,https://upload.wikimedia.org/wikipedia/commons/5/5c/Ann_Evers_Argentinean_Magazine_AD.jpg,Category:RKO Pictures publicity photos,TRUE
Ann Miller Argentinean Magazine AD.jpg,https://commons.wikimedia.org/wiki/File:Ann_Miller_Argentinean_Magazine_AD.jpg,https://upload.wikimedia.org/wikipedia/commons/f/f1/Ann_Miller_Argentinean_Magazine_AD.jpg,Category:RKO Pictures publicity photos,TRUE
Ann Miller RKO 1938.jpg,https://commons.wikimedia.org/wiki/File:Ann_Miller_RKO_1938.jpg,https://upload.wikimedia.org/wikipedia/commons/2/2d/Ann_Miller_RKO_1938.jpg,Category:RKO Pictures publicity photos,TRUE
Anne Shirley Argentinean Magazine AD 2.jpg,https://commons.wikimedia.org/wiki/File:Anne_Shirley_Argentinean_Magazine_AD_2.jpg,https://upload.wikimedia.org/wikipedia/commons/2/2c/Anne_Shirley_Argentinean_Magazine_AD_2.jpg,Category:RKO Pictures publicity photos,TRUE
"Annex - Bergman, Ingrid (Notorious) 03.jpg","https://commons.wikimedia.org/wiki/File:Annex_-_Bergman,_Ingrid_(Notorious)_03.jpg",https://upload.wikimedia.org/wikipedia/commons/f/f8/Annex_-_Bergman%2C_Ingrid_%28Notorious%29_03.jpg,Category:RKO Pictures publicity photos,TRUE
AR-AGN-CYC01-dr-adc-420547 A (cropped).jpg,https://commons.wikimedia.org/wiki/File:AR-AGN-CYC01-dr-adc-420547_A_(cropped).jpg,https://upload.wikimedia.org/wikipedia/commons/6/65/AR-AGN-CYC01-dr-adc-420547_A_%28cropped%29.jpg,Category:RKO Pictures publicity photos,TRUE
Dan Tobin-Cary Grant in The Bachelor and the Bobby-Soxer.jpg,https://commons.wikimedia.org/wiki/File:Dan_Tobin-Cary_Grant_in_The_Bachelor_and_the_Bobby-Soxer.jpg,https://upload.wikimedia.org/wikipedia/commons/c/c1/Dan_Tobin-Cary_Grant_in_The_Bachelor_and_the_Bobby-Soxer.jpg,Category:RKO Pictures publicity photos,LOWRES
Backstage photo of Bringing Up Baby.jpg,https://commons.wikimedia.org/wiki/File:Backstage_photo_of_Bringing_Up_Baby.jpg,https://upload.wikimedia.org/wikipedia/commons/e/e1/Backstage_photo_of_Bringing_Up_Baby.jpg,Category:RKO Pictures publicity photos,TRUE
Ball of Fire.jpg,https://commons.wikimedia.org/wiki/File:Ball_of_Fire.jpg,https://upload.wikimedia.org/wikipedia/commons/c/c9/Ball_of_Fire.jpg,Category:RKO Pictures publicity photos,LOWRES
Ball of Fire2.jpg,https://commons.wikimedia.org/wiki/File:Ball_of_Fire2.jpg,https://upload.wikimedia.org/wikipedia/commons/c/cd/Ball_of_Fire2.jpg,Category:RKO Pictures publicity photos,TRUE
Barbara Stanwyck in Ball of Fire.jpg,https://commons.wikimedia.org/wiki/File:Barbara_Stanwyck_in_Ball_of_Fire.jpg,https://upload.wikimedia.org/wikipedia/commons/b/b1/Barbara_Stanwyck_in_Ball_of_Fire.jpg,Category:RKO Pictures publicity photos,LOWRES
Becky Sharp (1935) 7.jpg,https://commons.wikimedia.org/wiki/File:Becky_Sharp_(1935)_7.jpg,https://upload.wikimedia.org/wikipedia/commons/d/d2/Becky_Sharp_%281935%29_7.jpg,Category:RKO Pictures publicity photos,FALSE
Becky Sharp (1935) 8.jpg,https://commons.wikimedia.org/wiki/File:Becky_Sharp_(1935)_8.jpg,https://upload.wikimedia.org/wikipedia/commons/8/8b/Becky_Sharp_%281935%29_8.jpg,Category:RKO Pictures publicity photos,TRUE
Mary Astor-Ricardo Cortez in Behind Office Doors.jpg,https://commons.wikimedia.org/wiki/File:Mary_Astor-Ricardo_Cortez_in_Behind_Office_Doors.jpg,https://upload.wikimedia.org/wikipedia/commons/c/c9/Mary_Astor-Ricardo_Cortez_in_Behind_Office_Doors.jpg,Category:RKO Pictures publicity photos,TRUE
Bell telephone magazine (1922) (14756736005).jpg,https://commons.wikimedia.org/wiki/File:Bell_telephone_magazine_(1922)_(14756736005).jpg,https://upload.wikimedia.org/wikipedia/commons/5/50/Bell_telephone_magazine_%281922%29_%2814756736005%29.jpg,Category:RKO Pictures publicity photos,TRUE
Bergman and Crosby The Bells of St. Mary's still.jpg,https://commons.wikimedia.org/wiki/File:Bergman_and_Crosby_The_Bells_of_St._Mary%27s_still.jpg,https://upload.wikimedia.org/wikipedia/commons/9/90/Bergman_and_Crosby_The_Bells_of_St._Mary%27s_still.jpg,Category:RKO Pictures publicity photos,TRUE
Bergman Notorious Publicity Photo.jpg,https://commons.wikimedia.org/wiki/File:Bergman_Notorious_Publicity_Photo.jpg,https://upload.wikimedia.org/wikipedia/commons/7/7c/Bergman_Notorious_Publicity_Photo.jpg,Category:RKO Pictures publicity photos,LOWRES
Bernard Newman 1935.jpg,https://commons.wikimedia.org/wiki/File:Bernard_Newman_1935.jpg,https://upload.wikimedia.org/wikipedia/commons/5/58/Bernard_Newman_1935.jpg,Category:RKO Pictures publicity photos,LOWRES
Best Years of Our Lives.jpg,https://commons.wikimedia.org/wiki/File:Best_Years_of_Our_Lives.jpg,https://upload.wikimedia.org/wikipedia/commons/4/4f/Best_Years_of_Our_Lives.jpg,Category:RKO Pictures publicity photos,TRUE
Best Years of Our Lives2.jpg,https://commons.wikimedia.org/wiki/File:Best_Years_of_Our_Lives2.jpg,https://upload.wikimedia.org/wikipedia/commons/9/97/Best_Years_of_Our_Lives2.jpg,Category:RKO Pictures publicity photos,LOWRES
Betrayal from the East (1945) 1.jpg,https://commons.wikimedia.org/wiki/File:Betrayal_from_the_East_(1945)_1.jpg,https://upload.wikimedia.org/wikipedia/commons/6/6b/Betrayal_from_the_East_%281945%29_1.jpg,Category:RKO Pictures publicity photos,TRUE
Bette Davis - portrait (cropped).jpg,https://commons.wikimedia.org/wiki/File:Bette_Davis_-_portrait_(cropped).jpg,https://upload.wikimedia.org/wikipedia/commons/5/54/Bette_Davis_-_portrait_%28cropped%29.jpg,Category:RKO Pictures publicity photos,LOWRES
Bette Davis - portrait.jpg,https://commons.wikimedia.org/wiki/File:Bette_Davis_-_portrait.jpg,https://upload.wikimedia.org/wikipedia/commons/3/3d/Bette_Davis_-_portrait.jpg,Category:RKO Pictures publicity photos,LOWRES
Betty Furness Argentinean Magazine AD.jpg,https://commons.wikimedia.org/wiki/File:Betty_Furness_Argentinean_Magazine_AD.jpg,https://upload.wikimedia.org/wikipedia/commons/e/e2/Betty_Furness_Argentinean_Magazine_AD.jpg,Category:RKO Pictures publicity photos,TRUE
Beulah Bondi by Fred Hendrickson.jpg,https://commons.wikimedia.org/wiki/File:Beulah_Bondi_by_Fred_Hendrickson.jpg,https://upload.wikimedia.org/wikipedia/commons/b/bd/Beulah_Bondi_by_Fred_Hendrickson.jpg,Category:RKO Pictures publicity photos,TRUE
Dolores del Rio - Publicity - 1932.jpg,https://commons.wikimedia.org/wiki/File:Dolores_del_Rio_-_Publicity_-_1932.jpg,https://upload.wikimedia.org/wikipedia/commons/b/b6/Dolores_del_Rio_-_Publicity_-_1932.jpg,Category:RKO Pictures publicity photos,TRUE
Bird of Paradise (1932) 1.jpg,https://commons.wikimedia.org/wiki/File:Bird_of_Paradise_(1932)_1.jpg,https://upload.wikimedia.org/wikipedia/commons/f/fa/Bird_of_Paradise_%281932%29_1.jpg,Category:RKO Pictures publicity photos,TRUE
"Agnes Moorehead, 1951.jpg","https://commons.wikimedia.org/wiki/File:Agnes_Moorehead,_1951.jpg",https://upload.wikimedia.org/wikipedia/commons/1/10/Agnes_Moorehead%2C_1951.jpg,Category:RKO Pictures publicity photos,TRUE
Border Cafe film still 2.jpg,https://commons.wikimedia.org/wiki/File:Border_Cafe_film_still_2.jpg,https://upload.wikimedia.org/wikipedia/commons/f/f1/Border_Cafe_film_still_2.jpg,Category:RKO Pictures publicity photos,TRUE
Border Cafe film still.jpg,https://commons.wikimedia.org/wiki/File:Border_Cafe_film_still.jpg,https://upload.wikimedia.org/wikipedia/commons/a/ad/Border_Cafe_film_still.jpg,Category:RKO Pictures publicity photos,LOWRES
Bringing up baby film still.jpg,https://commons.wikimedia.org/wiki/File:Bringing_up_baby_film_still.jpg,https://upload.wikimedia.org/wikipedia/commons/0/0b/Bringing_up_baby_film_still.jpg,Category:RKO Pictures publicity photos,TRUE
Bringing up baby publicity photo.jpg,https://commons.wikimedia.org/wiki/File:Bringing_up_baby_publicity_photo.jpg,https://upload.wikimedia.org/wikipedia/commons/7/7a/Bringing_up_baby_publicity_photo.jpg,Category:RKO Pictures publicity photos,LOWRES
ByYourLeave.1934.jpg,https://commons.wikimedia.org/wiki/File:ByYourLeave.1934.jpg,https://upload.wikimedia.org/wikipedia/commons/b/b6/ByYourLeave.1934.jpg,Category:RKO Pictures publicity photos,TRUE
Cary Grant & Ingrid Bergman Notorious.jpg,https://commons.wikimedia.org/wiki/File:Cary_Grant_%26_Ingrid_Bergman_Notorious.jpg,https://upload.wikimedia.org/wikipedia/commons/6/6f/Cary_Grant_%26_Ingrid_Bergman_Notorious.jpg,Category:RKO Pictures publicity photos,LOWRES
Cary Grant and Ingrid Bergman Notorious 1946.jpg,https://commons.wikimedia.org/wiki/File:Cary_Grant_and_Ingrid_Bergman_Notorious_1946.jpg,https://upload.wikimedia.org/wikipedia/commons/b/b3/Cary_Grant_and_Ingrid_Bergman_Notorious_1946.jpg,Category:RKO Pictures publicity photos,2026-08-28
Cary Grant cropped.jpg,https://commons.wikimedia.org/wiki/File:Cary_Grant_cropped.jpg,https://upload.wikimedia.org/wikipedia/commons/0/0d/Cary_Grant_cropped.jpg,Category:RKO Pictures publicity photos,LOWRES
Cary Grant Joan Fontaine Suspicion.jpg,https://commons.wikimedia.org/wiki/File:Cary_Grant_Joan_Fontaine_Suspicion.jpg,https://upload.wikimedia.org/wikipedia/commons/a/a5/Cary_Grant_Joan_Fontaine_Suspicion.jpg,Category:RKO Pictures publicity photos,TRUE
"Cat People promotional still - Tom Conway, Simone Simon, and Kent Smith.jpg","https://commons.wikimedia.org/wiki/File:Cat_People_promotional_still_-_Tom_Conway,_Simone_Simon,_and_Kent_Smith.jpg",https://upload.wikimedia.org/wikipedia/commons/0/02/Cat_People_promotional_still_-_Tom_Conway%2C_Simone_Simon%2C_and_Kent_Smith.jpg,Category:RKO Pictures publicity photos,TRUE
Charles Boyer 1939 (cropped).jpg,https://commons.wikimedia.org/wiki/File:Charles_Boyer_1939_(cropped).jpg,https://upload.wikimedia.org/wikipedia/commons/8/86/Charles_Boyer_1939_%28cropped%29.jpg,Category:RKO Pictures publicity photos,TRUE
Charles Boyer 1939.jpg,https://commons.wikimedia.org/wiki/File:Charles_Boyer_1939.jpg,https://upload.wikimedia.org/wikipedia/commons/b/bf/Charles_Boyer_1939.jpg,Category:RKO Pictures publicity photos,TRUE
Charles Boyer by Fred Hendrickson (cropped).jpg,https://commons.wikimedia.org/wiki/File:Charles_Boyer_by_Fred_Hendrickson_(cropped).jpg,https://upload.wikimedia.org/wikipedia/commons/5/52/Charles_Boyer_by_Fred_Hendrickson_%28cropped%29.jpg,Category:RKO Pictures publicity photos,TRUE
Charles Coburn in 1939 (studio portrait by Ernest Bachrach for RKO Pictures) (cropped).jpg,https://commons.wikimedia.org/wiki/File:Charles_Coburn_in_1939_(studio_portrait_by_Ernest_Bachrach_for_RKO_Pictures)_(cropped).jpg,https://upload.wikimedia.org/wikipedia/commons/a/aa/Charles_Coburn_in_1939_%28studio_portrait_by_Ernest_Bachrach_for_RKO_Pictures%29_%28cropped%29.jpg,Category:RKO Pictures publicity photos,TRUE
Charles Coburn in 1939 (studio portrait by Ernest Bachrach for RKO Pictures) (cropped2).jpg,https://commons.wikimedia.org/wiki/File:Charles_Coburn_in_1939_(studio_portrait_by_Ernest_Bachrach_for_RKO_Pictures)_(cropped2).jpg,https://upload.wikimedia.org/wikipedia/commons/2/2e/Charles_Coburn_in_1939_%28studio_portrait_by_Ernest_Bachrach_for_RKO_Pictures%29_%28cropped2%29.jpg,Category:RKO Pictures publicity photos,TRUE
Charles Coburn in 1939 (studio portrait by Ernest Bachrach for RKO Pictures).jpg,https://commons.wikimedia.org/wiki/File:Charles_Coburn_in_1939_(studio_portrait_by_Ernest_Bachrach_for_RKO_Pictures).jpg,https://upload.wikimedia.org/wikipedia/commons/b/b0/Charles_Coburn_in_1939_%28studio_portrait_by_Ernest_Bachrach_for_RKO_Pictures%29.jpg,Category:RKO Pictures publicity photos,TRUE
ConstanceWorthVincentHayworth.1937.jpg,https://commons.wikimedia.org/wiki/File:ConstanceWorthVincentHayworth.1937.jpg,https://upload.wikimedia.org/wikipedia/commons/e/e6/ConstanceWorthVincentHayworth.1937.jpg,Category:RKO Pictures publicity photos,TRUE
Citizen-Kane-Alland-Stewart.jpg,https://commons.wikimedia.org/wiki/File:Citizen-Kane-Alland-Stewart.jpg,https://upload.wikimedia.org/wikipedia/commons/8/85/Citizen-Kane-Alland-Stewart.jpg,Category:RKO Pictures publicity photos,TRUE
Citizen-Kane-Alland.jpg,https://commons.wikimedia.org/wiki/File:Citizen-Kane-Alland.jpg,https://upload.wikimedia.org/wikipedia/commons/0/07/Citizen-Kane-Alland.jpg,Category:RKO Pictures publicity photos,2026-09-08
Citizen-Kane-Bupp.jpg,https://commons.wikimedia.org/wiki/File:Citizen-Kane-Bupp.jpg,https://upload.wikimedia.org/wikipedia/commons/c/c5/Citizen-Kane-Bupp.jpg,Category:RKO Pictures publicity photos,LOWRES
Citizen-Kane-Collins-Welles.jpg,https://commons.wikimedia.org/wiki/File:Citizen-Kane-Collins-Welles.jpg,https://upload.wikimedia.org/wikipedia/commons/c/cb/Citizen-Kane-Collins-Welles.jpg,Category:RKO Pictures publicity photos,TRUE
Citizen-Kane-Comingore-Welles-Collins.jpg,https://commons.wikimedia.org/wiki/File:Citizen-Kane-Comingore-Welles-Collins.jpg,https://upload.wikimedia.org/wikipedia/commons/e/e9/Citizen-Kane-Comingore-Welles-Collins.jpg,Category:RKO Pictures publicity photos,TRUE
Citizen-Kane-Comingore-Welles.jpg,https://commons.wikimedia.org/wiki/File:Citizen-Kane-Comingore-Welles.jpg,https://upload.wikimedia.org/wikipedia/commons/2/2a/Citizen-Kane-Comingore-Welles.jpg,Category:RKO Pictures publicity photos,2026-09-06
Citizen-Kane-Cotten-Welles-Sloane-Sanford (cropped).jpg,https://commons.wikimedia.org/wiki/File:Citizen-Kane-Cotten-Welles-Sloane-Sanford_(cropped).jpg,https://upload.wikimedia.org/wikipedia/commons/3/31/Citizen-Kane-Cotten-Welles-Sloane-Sanford_%28cropped%29.jpg,Category:RKO Pictures publicity photos,TRUE
Citizen-Kane-Cotten-Welles-Sloane-Sanford.jpg,https://commons.wikimedia.org/wiki/File:Citizen-Kane-Cotten-Welles-Sloane-Sanford.jpg,https://upload.wikimedia.org/wikipedia/commons/8/8c/Citizen-Kane-Cotten-Welles-Sloane-Sanford.jpg,Category:RKO Pictures publicity photos,TRUE
Citizen-Kane-Cotten-Welles-Sloane.jpg,https://commons.wikimedia.org/wiki/File:Citizen-Kane-Cotten-Welles-Sloane.jpg,https://upload.wikimedia.org/wikipedia/commons/c/c1/Citizen-Kane-Cotten-Welles-Sloane.jpg,Category:RKO Pictures publicity photos,TRUE
Citizen-Kane-Declaration-of-Principles.jpg,https://commons.wikimedia.org/wiki/File:Citizen-Kane-Declaration-of-Principles.jpg,https://upload.wikimedia.org/wikipedia/commons/5/5c/Citizen-Kane-Declaration-of-Principles.jpg,Category:RKO Pictures publicity photos,TRUE
Citizen-Kane-Filming-Low-Angle.jpg,https://commons.wikimedia.org/wiki/File:Citizen-Kane-Filming-Low-Angle.jpg,https://upload.wikimedia.org/wikipedia/commons/4/4b/Citizen-Kane-Filming-Low-Angle.jpg,Category:RKO Pictures publicity photos,TRUE
Citizen-Kane-Inquirer-Window-crop.jpg,https://commons.wikimedia.org/wiki/File:Citizen-Kane-Inquirer-Window-crop.jpg,https://upload.wikimedia.org/wikipedia/commons/1/1b/Citizen-Kane-Inquirer-Window-crop.jpg,Category:RKO Pictures publicity photos,LOWRES
Citizen-Kane-Inquirer-Window.jpg,https://commons.wikimedia.org/wiki/File:Citizen-Kane-Inquirer-Window.jpg,https://upload.wikimedia.org/wikipedia/commons/6/6d/Citizen-Kane-Inquirer-Window.jpg,Category:RKO Pictures publicity photos,TRUE
Citizen-Kane-Moorehead.jpg,https://commons.wikimedia.org/wiki/File:Citizen-Kane-Moorehead.jpg,https://upload.wikimedia.org/wikipedia/commons/8/88/Citizen-Kane-Moorehead.jpg,Category:RKO Pictures publicity photos,TRUE
Citizen-Kane-Orson-Welles (cropped).jpg,https://commons.wikimedia.org/wiki/File:Citizen-Kane-Orson-Welles_(cropped).jpg,https://upload.wikimedia.org/wikipedia/commons/b/b4/Citizen-Kane-Orson-Welles_%28cropped%29.jpg,Category:RKO Pictures publicity photos,TRUE
Citizen-Kane-Orson-Welles.jpg,https://commons.wikimedia.org/wiki/File:Citizen-Kane-Orson-Welles.jpg,https://upload.wikimedia.org/wikipedia/commons/1/15/Citizen-Kane-Orson-Welles.jpg,Category:RKO Pictures publicity photos,TRUE
Citizen-Kane-Warrick-Bupp.jpg,https://commons.wikimedia.org/wiki/File:Citizen-Kane-Warrick-Bupp.jpg,https://upload.wikimedia.org/wikipedia/commons/2/29/Citizen-Kane-Warrick-Bupp.jpg,Category:RKO Pictures publicity photos,FALSE
Citizen-Kane-Wedding-1 (cropped).jpg,https://commons.wikimedia.org/wiki/File:Citizen-Kane-Wedding-1_(cropped).jpg,https://upload.wikimedia.org/wikipedia/commons/9/93/Citizen-Kane-Wedding-1_%28cropped%29.jpg,Category:RKO Pictures publicity photos,LOWRES
Citizen-Kane-Wedding-1.jpg,https://commons.wikimedia.org/wiki/File:Citizen-Kane-Wedding-1.jpg,https://upload.wikimedia.org/wikipedia/commons/9/99/Citizen-Kane-Wedding-1.jpg,Category:RKO Pictures publicity photos,TRUE
Citizen-Kane-Wedding-2.jpg,https://commons.wikimedia.org/wiki/File:Citizen-Kane-Wedding-2.jpg,https://upload.wikimedia.org/wikipedia/commons/f/f5/Citizen-Kane-Wedding-2.jpg,Category:RKO Pictures publicity photos,TRUE
Citizen-Kane-Welles-Breakfast (cropped).jpg,https://commons.wikimedia.org/wiki/File:Citizen-Kane-Welles-Breakfast_(cropped).jpg,https://upload.wikimedia.org/wikipedia/commons/3/39/Citizen-Kane-Welles-Breakfast_%28cropped%29.jpg,Category:RKO Pictures publicity photos,TRUE
Citizen-Kane-Welles-Breakfast.jpg,https://commons.wikimedia.org/wiki/File:Citizen-Kane-Welles-Breakfast.jpg,https://upload.wikimedia.org/wikipedia/commons/b/b8/Citizen-Kane-Welles-Breakfast.jpg,Category:RKO Pictures publicity photos,2026-09-24
Citizen-Kane-Welles-Collins.jpg,https://commons.wikimedia.org/wiki/File:Citizen-Kane-Welles-Collins.jpg,https://upload.wikimedia.org/wikipedia/commons/2/2e/Citizen-Kane-Welles-Collins.jpg,Category:RKO Pictures publicity photos,TRUE
Citizen-Kane-Welles-Cotten-Newspapers.jpg,https://commons.wikimedia.org/wiki/File:Citizen-Kane-Welles-Cotten-Newspapers.jpg,https://upload.wikimedia.org/wikipedia/commons/f/f0/Citizen-Kane-Welles-Cotten-Newspapers.jpg,Category:RKO Pictures publicity photos,LOWRES
Citizen-Kane-Welles-Coulouris.jpg,https://commons.wikimedia.org/wiki/File:Citizen-Kane-Welles-Coulouris.jpg,https://upload.wikimedia.org/wikipedia/commons/b/b4/Citizen-Kane-Welles-Coulouris.jpg,Category:RKO Pictures publicity photos,2026-09-11
Citizen-Kane-Welles-Inquirer-Doorway (cropped).jpg,https://commons.wikimedia.org/wiki/File:Citizen-Kane-Welles-Inquirer-Doorway_(cropped).jpg,https://upload.wikimedia.org/wikipedia/commons/0/0e/Citizen-Kane-Welles-Inquirer-Doorway_%28cropped%29.jpg,Category:RKO Pictures publicity photos,TRUE
Citizen-Kane-Welles-Inquirer-Doorway.jpg,https://commons.wikimedia.org/wiki/File:Citizen-Kane-Welles-Inquirer-Doorway.jpg,https://upload.wikimedia.org/wikipedia/commons/a/a5/Citizen-Kane-Welles-Inquirer-Doorway.jpg,Category:RKO Pictures publicity photos,TRUE
Citizen-Kane-Welles-Podium.jpg,https://commons.wikimedia.org/wiki/File:Citizen-Kane-Welles-Podium.jpg,https://upload.wikimedia.org/wikipedia/commons/3/34/Citizen-Kane-Welles-Podium.jpg,Category:RKO Pictures publicity photos,TRUE
Citizen-Kane-Welles-Showgirls.jpg,https://commons.wikimedia.org/wiki/File:Citizen-Kane-Welles-Showgirls.jpg,https://upload.wikimedia.org/wikipedia/commons/2/21/Citizen-Kane-Welles-Showgirls.jpg,Category:RKO Pictures publicity photos,TRUE
Citizen-Kane-Welles-Toland.jpg,https://commons.wikimedia.org/wiki/File:Citizen-Kane-Welles-Toland.jpg,https://upload.wikimedia.org/wikipedia/commons/6/6e/Citizen-Kane-Welles-Toland.jpg,Category:RKO Pictures publicity photos,2026-09-11
Citizen-Kane-Welles-Warrick-Breakfast.jpg,https://commons.wikimedia.org/wiki/File:Citizen-Kane-Welles-Warrick-Breakfast.jpg,https://upload.wikimedia.org/wikipedia/commons/0/02/Citizen-Kane-Welles-Warrick-Breakfast.jpg,Category:RKO Pictures publicity photos,TRUE
Citizen-Kane-Whistle-Stop.jpg,https://commons.wikimedia.org/wiki/File:Citizen-Kane-Whistle-Stop.jpg,https://upload.wikimedia.org/wikipedia/commons/d/d4/Citizen-Kane-Whistle-Stop.jpg,Category:RKO Pictures publicity photos,TRUE
"Connie Bennett and Gilbert Roland in 'After Tonight', 1933.jpg","https://commons.wikimedia.org/wiki/File:Connie_Bennett_and_Gilbert_Roland_in_%27After_Tonight%27,_1933.jpg",https://upload.wikimedia.org/wikipedia/commons/3/32/Connie_Bennett_and_Gilbert_Roland_in_%27After_Tonight%27%2C_1933.jpg,Category:RKO Pictures publicity photos,TRUE
OliveBordenArthurLake.DanceHall.1929.jpg,https://commons.wikimedia.org/wiki/File:OliveBordenArthurLake.DanceHall.1929.jpg,https://upload.wikimedia.org/wikipedia/commons/3/30/OliveBordenArthurLake.DanceHall.1929.jpg,Category:RKO Pictures publicity photos,LOWRES
David Niven in Enchantment (1948) (cropped).jpg,https://commons.wikimedia.org/wiki/File:David_Niven_in_Enchantment_(1948)_(cropped).jpg,https://upload.wikimedia.org/wikipedia/commons/c/c8/David_Niven_in_Enchantment_%281948%29_%28cropped%29.jpg,Category:RKO Pictures publicity photos,2026-09-09
David Niven in Enchantment (1948).jpg,https://commons.wikimedia.org/wiki/File:David_Niven_in_Enchantment_(1948).jpg,https://upload.wikimedia.org/wikipedia/commons/a/a8/David_Niven_in_Enchantment_%281948%29.jpg,Category:RKO Pictures publicity photos,2026-09-18
DelRio-Raymond.jpg,https://commons.wikimedia.org/wiki/File:DelRio-Raymond.jpg,https://upload.wikimedia.org/wikipedia/commons/a/ae/DelRio-Raymond.jpg,Category:RKO Pictures publicity photos,TRUE
"DJagger,Valley of the Sun (1942) (cropped).jpg","https://commons.wikimedia.org/wiki/File:DJagger,Valley_of_the_Sun_(1942)_(cropped).jpg",https://upload.wikimedia.org/wikipedia/commons/b/b3/DJagger%2CValley_of_the_Sun_%281942%29_%28cropped%29.jpg,Category:RKO Pictures publicity photos,LOWRES
Dolores del Río.jpg,https://commons.wikimedia.org/wiki/File:Dolores_del_R%C3%ADo.jpg,https://upload.wikimedia.org/wikipedia/commons/f/f8/Dolores_del_R%C3%ADo.jpg,Category:RKO Pictures publicity photos,LOWRES
Dorothy Granger Argentinean Magazine AD.jpg,https://commons.wikimedia.org/wiki/File:Dorothy_Granger_Argentinean_Magazine_AD.jpg,https://upload.wikimedia.org/wikipedia/commons/f/fd/Dorothy_Granger_Argentinean_Magazine_AD.jpg,Category:RKO Pictures publicity photos,TRUE
Dorothy-Comingore-1941.jpg,https://commons.wikimedia.org/wiki/File:Dorothy-Comingore-1941.jpg,https://upload.wikimedia.org/wikipedia/commons/a/ae/Dorothy-Comingore-1941.jpg,Category:RKO Pictures publicity photos,2026-09-21
Douglas Walton (1939 still).jpg,https://commons.wikimedia.org/wiki/File:Douglas_Walton_(1939_still).jpg,https://upload.wikimedia.org/wikipedia/commons/8/84/Douglas_Walton_%281939_still%29.jpg,Category:RKO Pictures publicity photos,LOWRES
Eduardo CianelliLeeTracy.CriminalLawyer.1937.jpg,https://commons.wikimedia.org/wiki/File:Eduardo_CianelliLeeTracy.CriminalLawyer.1937.jpg,https://upload.wikimedia.org/wikipedia/commons/7/7b/Eduardo_CianelliLeeTracy.CriminalLawyer.1937.jpg,Category:RKO Pictures publicity photos,LOWRES
Elisabeth Risdon (1941).jpg,https://commons.wikimedia.org/wiki/File:Elisabeth_Risdon_(1941).jpg,https://upload.wikimedia.org/wikipedia/commons/1/13/Elisabeth_Risdon_%281941%29.jpg,Category:RKO Pictures publicity photos,LOWRES
Elsa Lanchester by Fred Hendrickson.jpg,https://commons.wikimedia.org/wiki/File:Elsa_Lanchester_by_Fred_Hendrickson.jpg,https://upload.wikimedia.org/wikipedia/commons/b/b9/Elsa_Lanchester_by_Fred_Hendrickson.jpg,Category:RKO Pictures publicity photos,TRUE
Erik Rhodes by Ernest A. Bachrach 1935.jpg,https://commons.wikimedia.org/wiki/File:Erik_Rhodes_by_Ernest_A._Bachrach_1935.jpg,https://upload.wikimedia.org/wikipedia/commons/3/3a/Erik_Rhodes_by_Ernest_A._Bachrach_1935.jpg,Category:RKO Pictures publicity photos,2026-09-24
FightingFatherDunne.ModernScreen.July1948.jpg,https://commons.wikimedia.org/wiki/File:FightingFatherDunne.ModernScreen.July1948.jpg,https://upload.wikimedia.org/wikipedia/commons/f/f9/FightingFatherDunne.ModernScreen.July1948.jpg,Category:RKO Pictures publicity photos,LOWRES
Five-Came-Back-1939-1.jpg,https://commons.wikimedia.org/wiki/File:Five-Came-Back-1939-1.jpg,https://upload.wikimedia.org/wikipedia/commons/0/0f/Five-Came-Back-1939-1.jpg,Category:RKO Pictures publicity photos,TRUE
Five-Came-Back-1939-2.jpg,https://commons.wikimedia.org/wiki/File:Five-Came-Back-1939-2.jpg,https://upload.wikimedia.org/wikipedia/commons/0/0a/Five-Came-Back-1939-2.jpg,Category:RKO Pictures publicity photos,LOWRES
Dolores del Río &Fred Astaire in Flying Down to Rio.jpg,https://commons.wikimedia.org/wiki/File:Dolores_del_R%C3%ADo_%26Fred_Astaire_in_Flying_Down_to_Rio.jpg,https://upload.wikimedia.org/wikipedia/commons/8/82/Dolores_del_R%C3%ADo_%26Fred_Astaire_in_Flying_Down_to_Rio.jpg,Category:RKO Pictures publicity photos,TRUE
Franz Kindler (The Stranger) (cropped) (cropped).jpg,https://commons.wikimedia.org/wiki/File:Franz_Kindler_(The_Stranger)_(cropped)_(cropped).jpg,https://upload.wikimedia.org/wikipedia/commons/f/f2/Franz_Kindler_%28The_Stranger%29_%28cropped%29_%28cropped%29.jpg,Category:RKO Pictures publicity photos,TRUE
Franz Kindler (The Stranger) (cropped).jpg,https://commons.wikimedia.org/wiki/File:Franz_Kindler_(The_Stranger)_(cropped).jpg,https://upload.wikimedia.org/wikipedia/commons/c/cb/Franz_Kindler_%28The_Stranger%29_%28cropped%29.jpg,Category:RKO Pictures publicity photos,TRUE
Franz Kindler (The Stranger).jpg,https://commons.wikimedia.org/wiki/File:Franz_Kindler_(The_Stranger).jpg,https://upload.wikimedia.org/wikipedia/commons/4/47/Franz_Kindler_%28The_Stranger%29.jpg,Category:RKO Pictures publicity photos,TRUE
Fred Astaire in Top Hat.jpg,https://commons.wikimedia.org/wiki/File:Fred_Astaire_in_Top_Hat.jpg,https://upload.wikimedia.org/wikipedia/commons/e/e8/Fred_Astaire_in_Top_Hat.jpg,Category:RKO Pictures publicity photos,TRUE
Gilbert Roland in The French Line.jpg,https://commons.wikimedia.org/wiki/File:Gilbert_Roland_in_The_French_Line.jpg,https://upload.wikimedia.org/wikipedia/commons/9/9e/Gilbert_Roland_in_The_French_Line.jpg,Category:RKO Pictures publicity photos,LOWRES
Ivan Lebedeff.jpg,https://commons.wikimedia.org/wiki/File:Ivan_Lebedeff.jpg,https://upload.wikimedia.org/wikipedia/commons/6/6e/Ivan_Lebedeff.jpg,Category:RKO Pictures publicity photos,TRUE
Rogers Astaire gay divorcee.jpg,https://commons.wikimedia.org/wiki/File:Rogers_Astaire_gay_divorcee.jpg,https://upload.wikimedia.org/wikipedia/commons/9/97/Rogers_Astaire_gay_divorcee.jpg,Category:RKO Pictures publicity photos,TRUE
George Bailey character.jpg,https://commons.wikimedia.org/wiki/File:George_Bailey_character.jpg,https://upload.wikimedia.org/wikipedia/commons/2/26/George_Bailey_character.jpg,Category:RKO Pictures publicity photos,TRUE
Gilbert Roland - Constance Bennett.jpg,https://commons.wikimedia.org/wiki/File:Gilbert_Roland_-_Constance_Bennett.jpg,https://upload.wikimedia.org/wikipedia/commons/2/21/Gilbert_Roland_-_Constance_Bennett.jpg,Category:RKO Pictures publicity photos,LOWRES
Ginger Rogers & Fred Astaire by John Miehle 2.jpg,https://commons.wikimedia.org/wiki/File:Ginger_Rogers_%26_Fred_Astaire_by_John_Miehle_2.jpg,https://upload.wikimedia.org/wikipedia/commons/4/47/Ginger_Rogers_%26_Fred_Astaire_by_John_Miehle_2.jpg,Category:RKO Pictures publicity photos,LOWRES
Ginger Rogers & Fred Astaire by John Miehle 3.jpg,https://commons.wikimedia.org/wiki/File:Ginger_Rogers_%26_Fred_Astaire_by_John_Miehle_3.jpg,https://upload.wikimedia.org/wikipedia/commons/9/98/Ginger_Rogers_%26_Fred_Astaire_by_John_Miehle_3.jpg,Category:RKO Pictures publicity photos,2026-09-01
Ginger Rogers & Fred Astaire by John Miehle 3b.jpg,https://commons.wikimedia.org/wiki/File:Ginger_Rogers_%26_Fred_Astaire_by_John_Miehle_3b.jpg,https://upload.wikimedia.org/wikipedia/commons/7/7b/Ginger_Rogers_%26_Fred_Astaire_by_John_Miehle_3b.jpg,Category:RKO Pictures publicity photos,2026-09-01
Ginger Rogers & Fred Astaire by John Miehle.jpg,https://commons.wikimedia.org/wiki/File:Ginger_Rogers_%26_Fred_Astaire_by_John_Miehle.jpg,https://upload.wikimedia.org/wikipedia/commons/9/9f/Ginger_Rogers_%26_Fred_Astaire_by_John_Miehle.jpg,Category:RKO Pictures publicity photos,LOWRES
Ginger Rogers & Katharine Hepburn by John Miehle.jpg,https://commons.wikimedia.org/wiki/File:Ginger_Rogers_%26_Katharine_Hepburn_by_John_Miehle.jpg,https://upload.wikimedia.org/wikipedia/commons/2/23/Ginger_Rogers_%26_Katharine_Hepburn_by_John_Miehle.jpg,Category:RKO Pictures publicity photos,2026-09-01
Ginger Rogers Argentinean Magazine AD 2.jpg,https://commons.wikimedia.org/wiki/File:Ginger_Rogers_Argentinean_Magazine_AD_2.jpg,https://upload.wikimedia.org/wikipedia/commons/4/43/Ginger_Rogers_Argentinean_Magazine_AD_2.jpg,Category:RKO Pictures publicity photos,LOWRES
Ginger Rogers by John Miehle 10.jpg,https://commons.wikimedia.org/wiki/File:Ginger_Rogers_by_John_Miehle_10.jpg,https://upload.wikimedia.org/wikipedia/commons/5/54/Ginger_Rogers_by_John_Miehle_10.jpg,Category:RKO Pictures publicity photos,LOWRES
Ginger Rogers by John Miehle 11.jpg,https://commons.wikimedia.org/wiki/File:Ginger_Rogers_by_John_Miehle_11.jpg,https://upload.wikimedia.org/wikipedia/commons/4/4a/Ginger_Rogers_by_John_Miehle_11.jpg,Category:RKO Pictures publicity photos,LOWRES
Ginger Rogers by John Miehle 12.jpg,https://commons.wikimedia.org/wiki/File:Ginger_Rogers_by_John_Miehle_12.jpg,https://upload.wikimedia.org/wikipedia/commons/1/1c/Ginger_Rogers_by_John_Miehle_12.jpg,Category:RKO Pictures publicity photos,LOWRES
Ginger Rogers by John Miehle 2.jpg,https://commons.wikimedia.org/wiki/File:Ginger_Rogers_by_John_Miehle_2.jpg,https://upload.wikimedia.org/wikipedia/commons/c/c6/Ginger_Rogers_by_John_Miehle_2.jpg,Category:RKO Pictures publicity photos,2026-09-01
Ginger Rogers by John Miehle 3.jpg,https://commons.wikimedia.org/wiki/File:Ginger_Rogers_by_John_Miehle_3.jpg,https://upload.wikimedia.org/wikipedia/commons/7/7d/Ginger_Rogers_by_John_Miehle_3.jpg,Category:RKO Pictures publicity photos,LOWRES
Ginger Rogers by John Miehle 4.jpg,https://commons.wikimedia.org/wiki/File:Ginger_Rogers_by_John_Miehle_4.jpg,https://upload.wikimedia.org/wikipedia/commons/f/fc/Ginger_Rogers_by_John_Miehle_4.jpg,Category:RKO Pictures publicity photos,2026-09-01
Ginger Rogers by John Miehle 5.jpg,https://commons.wikimedia.org/wiki/File:Ginger_Rogers_by_John_Miehle_5.jpg,https://upload.wikimedia.org/wikipedia/commons/8/89/Ginger_Rogers_by_John_Miehle_5.jpg,Category:RKO Pictures publicity photos,2026-09-01
Ginger Rogers by John Miehle 6.jpg,https://commons.wikimedia.org/wiki/File:Ginger_Rogers_by_John_Miehle_6.jpg,https://upload.wikimedia.org/wikipedia/commons/1/1b/Ginger_Rogers_by_John_Miehle_6.jpg,Category:RKO Pictures publicity photos,LOWRES
Ginger Rogers by John Miehle 7.jpg,https://commons.wikimedia.org/wiki/File:Ginger_Rogers_by_John_Miehle_7.jpg,https://upload.wikimedia.org/wikipedia/commons/4/4c/Ginger_Rogers_by_John_Miehle_7.jpg,Category:RKO Pictures publicity photos,LOWRES
Ginger Rogers by John Miehle 8.jpg,https://commons.wikimedia.org/wiki/File:Ginger_Rogers_by_John_Miehle_8.jpg,https://upload.wikimedia.org/wikipedia/commons/3/37/Ginger_Rogers_by_John_Miehle_8.jpg,Category:RKO Pictures publicity photos,LOWRES
Ginger Rogers by John Miehle.jpg,https://commons.wikimedia.org/wiki/File:Ginger_Rogers_by_John_Miehle.jpg,https://upload.wikimedia.org/wikipedia/commons/7/7d/Ginger_Rogers_by_John_Miehle.jpg,Category:RKO Pictures publicity photos,2026-09-01
Ginger Rogers in Swing Time.jpg,https://commons.wikimedia.org/wiki/File:Ginger_Rogers_in_Swing_Time.jpg,https://upload.wikimedia.org/wikipedia/commons/5/5c/Ginger_Rogers_in_Swing_Time.jpg,Category:RKO Pictures publicity photos,2026-09-01
Ginger Rogers Portrait.jpg,https://commons.wikimedia.org/wiki/File:Ginger_Rogers_Portrait.jpg,https://upload.wikimedia.org/wikipedia/commons/2/2f/Ginger_Rogers_Portrait.jpg,Category:RKO Pictures publicity photos,2026-09-01
Ginger Rogers serious headshot.jpg,https://commons.wikimedia.org/wiki/File:Ginger_Rogers_serious_headshot.jpg,https://upload.wikimedia.org/wikipedia/commons/f/f7/Ginger_Rogers_serious_headshot.jpg,Category:RKO Pictures publicity photos,TRUE
"Ginger Rogers, 1930's.jpg","https://commons.wikimedia.org/wiki/File:Ginger_Rogers,_1930%27s.jpg",https://upload.wikimedia.org/wikipedia/commons/4/40/Ginger_Rogers%2C_1930%27s.jpg,Category:RKO Pictures publicity photos,2026-09-01
Ginger Rogers.jpg,https://commons.wikimedia.org/wiki/File:Ginger_Rogers.jpg,https://upload.wikimedia.org/wikipedia/commons/4/42/Ginger_Rogers.jpg,Category:RKO Pictures publicity photos,LOWRES
GINGERogers.jpg,https://commons.wikimedia.org/wiki/File:GINGERogers.jpg,https://upload.wikimedia.org/wikipedia/commons/e/ee/GINGERogers.jpg,Category:RKO Pictures publicity photos,TRUE
Jane-powell-cliff-robertson-girl-most-likely-1958-.jpg,https://commons.wikimedia.org/wiki/File:Jane-powell-cliff-robertson-girl-most-likely-1958-.jpg,https://upload.wikimedia.org/wikipedia/commons/6/69/Jane-powell-cliff-robertson-girl-most-likely-1958-.jpg,Category:RKO Pictures publicity photos,TRUE
Gloria DeHaven by Fred Hendrickson.jpg,https://commons.wikimedia.org/wiki/File:Gloria_DeHaven_by_Fred_Hendrickson.jpg,https://upload.wikimedia.org/wikipedia/commons/f/f3/Gloria_DeHaven_by_Fred_Hendrickson.jpg,Category:RKO Pictures publicity photos,LOWRES
Gloria Swanson 1941.jpg,https://commons.wikimedia.org/wiki/File:Gloria_Swanson_1941.jpg,https://upload.wikimedia.org/wikipedia/commons/d/d8/Gloria_Swanson_1941.jpg,Category:RKO Pictures publicity photos,LOWRES
Photoplay.GrandJury.1936.jpg,https://commons.wikimedia.org/wiki/File:Photoplay.GrandJury.1936.jpg,https://upload.wikimedia.org/wikipedia/commons/f/f1/Photoplay.GrandJury.1936.jpg,Category:RKO Pictures publicity photos,TRUE
"Grant, Cary (Suspicion) 01 Crisco edit.jpg","https://commons.wikimedia.org/wiki/File:Grant,_Cary_(Suspicion)_01_Crisco_edit.jpg",https://upload.wikimedia.org/wikipedia/commons/2/27/Grant%2C_Cary_%28Suspicion%29_01_Crisco_edit.jpg,Category:RKO Pictures publicity photos,TRUE
"Grant, Cary (Suspicion) 01.jpg","https://commons.wikimedia.org/wiki/File:Grant,_Cary_(Suspicion)_01.jpg",https://upload.wikimedia.org/wikipedia/commons/2/2e/Grant%2C_Cary_%28Suspicion%29_01.jpg,Category:RKO Pictures publicity photos,TRUE
Marguerite Chapman in The Green Promise.jpg,https://commons.wikimedia.org/wiki/File:Marguerite_Chapman_in_The_Green_Promise.jpg,https://upload.wikimedia.org/wikipedia/commons/a/a7/Marguerite_Chapman_in_The_Green_Promise.jpg,Category:RKO Pictures publicity photos,LOWRES
Gregg Toland.jpg,https://commons.wikimedia.org/wiki/File:Gregg_Toland.jpg,https://upload.wikimedia.org/wikipedia/commons/1/1e/Gregg_Toland.jpg,Category:RKO Pictures publicity photos,TRUE
Gregory Peck & Tamara Toumanova Days of Glory Still.jpg,https://commons.wikimedia.org/wiki/File:Gregory_Peck_%26_Tamara_Toumanova_Days_of_Glory_Still.jpg,https://upload.wikimedia.org/wikipedia/commons/2/24/Gregory_Peck_%26_Tamara_Toumanova_Days_of_Glory_Still.jpg,Category:RKO Pictures publicity photos,LOWRES
Harold Russell and Cathy O'Donnell.jpg,https://commons.wikimedia.org/wiki/File:Harold_Russell_and_Cathy_O%27Donnell.jpg,https://upload.wikimedia.org/wikipedia/commons/e/eb/Harold_Russell_and_Cathy_O%27Donnell.jpg,Category:RKO Pictures publicity photos,LOWRES
Harold Russell still.jpg,https://commons.wikimedia.org/wiki/File:Harold_Russell_still.jpg,https://upload.wikimedia.org/wikipedia/commons/a/af/Harold_Russell_still.jpg,Category:RKO Pictures publicity photos,LOWRES
Hepburn mary of scotland.jpg,https://commons.wikimedia.org/wiki/File:Hepburn_mary_of_scotland.jpg,https://upload.wikimedia.org/wikipedia/commons/f/fc/Hepburn_mary_of_scotland.jpg,Category:RKO Pictures publicity photos,TRUE
Herbert Marshall by Fred Hendrickson.jpg,https://commons.wikimedia.org/wiki/File:Herbert_Marshall_by_Fred_Hendrickson.jpg,https://upload.wikimedia.org/wikipedia/commons/b/b7/Herbert_Marshall_by_Fred_Hendrickson.jpg,Category:RKO Pictures publicity photos,TRUE
Hillary Brooke Vendetta 1950.JPG,https://commons.wikimedia.org/wiki/File:Hillary_Brooke_Vendetta_1950.JPG,https://upload.wikimedia.org/wikipedia/commons/f/f2/Hillary_Brooke_Vendetta_1950.JPG,Category:RKO Pictures publicity photos,2026-09-09
Robert Mitchum Jane Russell His Kind of Woman 1951 (cropped).jpg,https://commons.wikimedia.org/wiki/File:Robert_Mitchum_Jane_Russell_His_Kind_of_Woman_1951_(cropped).jpg,https://upload.wikimedia.org/wikipedia/commons/2/22/Robert_Mitchum_Jane_Russell_His_Kind_of_Woman_1951_%28cropped%29.jpg,Category:RKO Pictures publicity photos,LOWRES
Robert Mitchum Jane Russell His Kind of Woman 1951.jpg,https://commons.wikimedia.org/wiki/File:Robert_Mitchum_Jane_Russell_His_Kind_of_Woman_1951.jpg,https://upload.wikimedia.org/wikipedia/commons/7/7b/Robert_Mitchum_Jane_Russell_His_Kind_of_Woman_1951.jpg,Category:RKO Pictures publicity photos,LOWRES
Hoagy Carmichael - 1947.jpg,https://commons.wikimedia.org/wiki/File:Hoagy_Carmichael_-_1947.jpg,https://upload.wikimedia.org/wikipedia/commons/c/c3/Hoagy_Carmichael_-_1947.jpg,Category:RKO Pictures publicity photos,TRUE
Ida Lupino 1937 (cropped).jpg,https://commons.wikimedia.org/wiki/File:Ida_Lupino_1937_(cropped).jpg,https://upload.wikimedia.org/wikipedia/commons/c/c5/Ida_Lupino_1937_%28cropped%29.jpg,Category:RKO Pictures publicity photos,TRUE
Ida Lupino 1937.jpg,https://commons.wikimedia.org/wiki/File:Ida_Lupino_1937.jpg,https://upload.wikimedia.org/wikipedia/commons/b/b2/Ida_Lupino_1937.jpg,Category:RKO Pictures publicity photos,TRUE
Ingrid Bergman & Cary Grant Notorious 1946 Still.jpg,https://commons.wikimedia.org/wiki/File:Ingrid_Bergman_%26_Cary_Grant_Notorious_1946_Still.jpg,https://upload.wikimedia.org/wikipedia/commons/e/ee/Ingrid_Bergman_%26_Cary_Grant_Notorious_1946_Still.jpg,Category:RKO Pictures publicity photos,LOWRES
Ingrid Bergman The Bells of St. Mary's Photo.jpg,https://commons.wikimedia.org/wiki/File:Ingrid_Bergman_The_Bells_of_St._Mary%27s_Photo.jpg,https://upload.wikimedia.org/wikipedia/commons/4/45/Ingrid_Bergman_The_Bells_of_St._Mary%27s_Photo.jpg,Category:RKO Pictures publicity photos,2026-08-28
Irene Dunne & Charles Boyer by Fred Hendrickson.jpg,https://commons.wikimedia.org/wiki/File:Irene_Dunne_%26_Charles_Boyer_by_Fred_Hendrickson.jpg,https://upload.wikimedia.org/wikipedia/commons/a/a0/Irene_Dunne_%26_Charles_Boyer_by_Fred_Hendrickson.jpg,Category:RKO Pictures publicity photos,TRUE
Irene Dunne for Stingaree.jpg,https://commons.wikimedia.org/wiki/File:Irene_Dunne_for_Stingaree.jpg,https://upload.wikimedia.org/wikipedia/commons/6/61/Irene_Dunne_for_Stingaree.jpg,Category:RKO Pictures publicity photos,TRUE
Irene Dunne's Love Affair promo photo.jpg,https://commons.wikimedia.org/wiki/File:Irene_Dunne%27s_Love_Affair_promo_photo.jpg,https://upload.wikimedia.org/wikipedia/commons/4/49/Irene_Dunne%27s_Love_Affair_promo_photo.jpg,Category:RKO Pictures publicity photos,TRUE
"Irene Dunne, Fred Astaire and Ginger Rogers in Roberta.jpg","https://commons.wikimedia.org/wiki/File:Irene_Dunne,_Fred_Astaire_and_Ginger_Rogers_in_Roberta.jpg",https://upload.wikimedia.org/wikipedia/commons/d/d0/Irene_Dunne%2C_Fred_Astaire_and_Ginger_Rogers_in_Roberta.jpg,Category:RKO Pictures publicity photos,LOWRES
Irene Dunne-Charles Boyer in Love Affair 2.jpg,https://commons.wikimedia.org/wiki/File:Irene_Dunne-Charles_Boyer_in_Love_Affair_2.jpg,https://upload.wikimedia.org/wikipedia/commons/5/5c/Irene_Dunne-Charles_Boyer_in_Love_Affair_2.jpg,Category:RKO Pictures publicity photos,TRUE
Irene Dunne-Charles Boyer in Love Affair 3.jpg,https://commons.wikimedia.org/wiki/File:Irene_Dunne-Charles_Boyer_in_Love_Affair_3.jpg,https://upload.wikimedia.org/wikipedia/commons/d/d2/Irene_Dunne-Charles_Boyer_in_Love_Affair_3.jpg,Category:RKO Pictures publicity photos,FALSE
Irene Dunne-Charles Boyer in Love Affair.jpg,https://commons.wikimedia.org/wiki/File:Irene_Dunne-Charles_Boyer_in_Love_Affair.jpg,https://upload.wikimedia.org/wikipedia/commons/6/6d/Irene_Dunne-Charles_Boyer_in_Love_Affair.jpg,Category:RKO Pictures publicity photos,TRUE
Irene Hervey 1934.jpg,https://commons.wikimedia.org/wiki/File:Irene_Hervey_1934.jpg,https://upload.wikimedia.org/wikipedia/commons/1/1b/Irene_Hervey_1934.jpg,Category:RKO Pictures publicity photos,TRUE
June Lang in Isle of Destiny.jpg,https://commons.wikimedia.org/wiki/File:June_Lang_in_Isle_of_Destiny.jpg,https://upload.wikimedia.org/wikipedia/commons/b/bd/June_Lang_in_Isle_of_Destiny.jpg,Category:RKO Pictures publicity photos,TRUE
Jacqueline White in Crossfire.JPG,https://commons.wikimedia.org/wiki/File:Jacqueline_White_in_Crossfire.JPG,https://upload.wikimedia.org/wikipedia/commons/6/68/Jacqueline_White_in_Crossfire.JPG,Category:RKO Pictures publicity photos,TRUE
James Stewart It's a Wonderful Life Still.jpg,https://commons.wikimedia.org/wiki/File:James_Stewart_It%27s_a_Wonderful_Life_Still.jpg,https://upload.wikimedia.org/wikipedia/commons/5/52/James_Stewart_It%27s_a_Wonderful_Life_Still.jpg,Category:RKO Pictures publicity photos,LOWRES
Jane Greer - 1947.jpg,https://commons.wikimedia.org/wiki/File:Jane_Greer_-_1947.jpg,https://upload.wikimedia.org/wikipedia/commons/0/0b/Jane_Greer_-_1947.jpg,Category:RKO Pictures publicity photos,2026-09-09
"Janet Leigh and John Wayne in 'Jet Pilot', 1957.jpg","https://commons.wikimedia.org/wiki/File:Janet_Leigh_and_John_Wayne_in_%27Jet_Pilot%27,_1957.jpg",https://upload.wikimedia.org/wikipedia/commons/f/f0/Janet_Leigh_and_John_Wayne_in_%27Jet_Pilot%27%2C_1957.jpg,Category:RKO Pictures publicity photos,TRUE
Joan Leslie in Born to Be Bad 1.jpg,https://commons.wikimedia.org/wiki/File:Joan_Leslie_in_Born_to_Be_Bad_1.jpg,https://upload.wikimedia.org/wikipedia/commons/3/3e/Joan_Leslie_in_Born_to_Be_Bad_1.jpg,Category:RKO Pictures publicity photos,TRUE
"Joe E. Brown, RKO Radio Pictures, 1937.jpg","https://commons.wikimedia.org/wiki/File:Joe_E._Brown,_RKO_Radio_Pictures,_1937.jpg",https://upload.wikimedia.org/wikipedia/commons/a/a7/Joe_E._Brown%2C_RKO_Radio_Pictures%2C_1937.jpg,Category:RKO Pictures publicity photos,TRUE
John Alton - Slightly Scarlet (1956).jpg,https://commons.wikimedia.org/wiki/File:John_Alton_-_Slightly_Scarlet_(1956).jpg,https://upload.wikimedia.org/wikipedia/commons/3/34/John_Alton_-_Slightly_Scarlet_%281956%29.jpg,Category:RKO Pictures publicity photos,TRUE
John H. Auer in Pan-Americana.jpg,https://commons.wikimedia.org/wiki/File:John_H._Auer_in_Pan-Americana.jpg,https://upload.wikimedia.org/wikipedia/commons/b/b4/John_H._Auer_in_Pan-Americana.jpg,Category:RKO Pictures publicity photos,TRUE
"Joseph Cotten & Debra Paget in 'From the Earth to the Moon', 1958.jpg","https://commons.wikimedia.org/wiki/File:Joseph_Cotten_%26_Debra_Paget_in_%27From_the_Earth_to_the_Moon%27,_1958.jpg",https://upload.wikimedia.org/wikipedia/commons/f/fe/Joseph_Cotten_%26_Debra_Paget_in_%27From_the_Earth_to_the_Moon%27%2C_1958.jpg,Category:RKO Pictures publicity photos,2026-09-21
Dolores del Rio-Joseph Cotten-Journey into Fear.jpg,https://commons.wikimedia.org/wiki/File:Dolores_del_Rio-Joseph_Cotten-Journey_into_Fear.jpg,https://upload.wikimedia.org/wikipedia/commons/0/09/Dolores_del_Rio-Joseph_Cotten-Journey_into_Fear.jpg,Category:RKO Pictures publicity photos,TRUE
Katharine Hepburn in Bringing Up Baby publicity still.jpg,https://commons.wikimedia.org/wiki/File:Katharine_Hepburn_in_Bringing_Up_Baby_publicity_still.jpg,https://upload.wikimedia.org/wikipedia/commons/f/ff/Katharine_Hepburn_in_Bringing_Up_Baby_publicity_still.jpg,Category:RKO Pictures publicity photos,TRUE
Katharine hepburn little women.jpg,https://commons.wikimedia.org/wiki/File:Katharine_hepburn_little_women.jpg,https://upload.wikimedia.org/wikipedia/commons/4/44/Katharine_hepburn_little_women.jpg,Category:RKO Pictures publicity photos,LOWRES
Kay Sutton Argentinean Magazine AD.jpg,https://commons.wikimedia.org/wiki/File:Kay_Sutton_Argentinean_Magazine_AD.jpg,https://upload.wikimedia.org/wikipedia/commons/3/3c/Kay_Sutton_Argentinean_Magazine_AD.jpg,Category:RKO Pictures publicity photos,TRUE
Killersfromspace.1954.jpg,https://commons.wikimedia.org/wiki/File:Killersfromspace.1954.jpg,https://upload.wikimedia.org/wikipedia/commons/1/10/Killersfromspace.1954.jpg,Category:RKO Pictures publicity photos,LOWRES
Kim Hunter autographed portrait (front) (cropped).jpg,https://commons.wikimedia.org/wiki/File:Kim_Hunter_autographed_portrait_(front)_(cropped).jpg,https://upload.wikimedia.org/wikipedia/commons/9/90/Kim_Hunter_autographed_portrait_%28front%29_%28cropped%29.jpg,Category:RKO Pictures publicity photos,TRUE
Kim Hunter autographed portrait (front).jpg,https://commons.wikimedia.org/wiki/File:Kim_Hunter_autographed_portrait_(front).jpg,https://upload.wikimedia.org/wikipedia/commons/e/ea/Kim_Hunter_autographed_portrait_%28front%29.jpg,Category:RKO Pictures publicity photos,TRUE
King Kong Fay Wray 1933.jpg,https://commons.wikimedia.org/wiki/File:King_Kong_Fay_Wray_1933.jpg,https://upload.wikimedia.org/wikipedia/commons/8/83/King_Kong_Fay_Wray_1933.jpg,Category:RKO Pictures publicity photos,TRUE
King Kong vs Tyrannosaurus.jpg,https://commons.wikimedia.org/wiki/File:King_Kong_vs_Tyrannosaurus.jpg,https://upload.wikimedia.org/wikipedia/commons/d/d3/King_Kong_vs_Tyrannosaurus.jpg,Category:RKO Pictures publicity photos,TRUE
KingVidorEdwardCronjager1932.jpg,https://commons.wikimedia.org/wiki/File:KingVidorEdwardCronjager1932.jpg,https://upload.wikimedia.org/wikipedia/commons/9/95/KingVidorEdwardCronjager1932.jpg,Category:RKO Pictures publicity photos,TRUE
A Lady Takes a Chance (1943) 1.jpg,https://commons.wikimedia.org/wiki/File:A_Lady_Takes_a_Chance_(1943)_1.jpg,https://upload.wikimedia.org/wikipedia/commons/e/e8/A_Lady_Takes_a_Chance_%281943%29_1.jpg,Category:RKO Pictures publicity photos,TRUE
Leslie Banks in The Most Dangerous Game.jpg,https://commons.wikimedia.org/wiki/File:Leslie_Banks_in_The_Most_Dangerous_Game.jpg,https://upload.wikimedia.org/wikipedia/commons/5/5a/Leslie_Banks_in_The_Most_Dangerous_Game.jpg,Category:RKO Pictures publicity photos,TRUE
Leslie Howard - Myrna Loy - 32.JPG,https://commons.wikimedia.org/wiki/File:Leslie_Howard_-_Myrna_Loy_-_32.JPG,https://upload.wikimedia.org/wikipedia/commons/a/a8/Leslie_Howard_-_Myrna_Loy_-_32.JPG,Category:RKO Pictures publicity photos,LOWRES
Leslie Howard-Ann Harding in The Animal Kingdom.jpg,https://commons.wikimedia.org/wiki/File:Leslie_Howard-Ann_Harding_in_The_Animal_Kingdom.jpg,https://upload.wikimedia.org/wikipedia/commons/2/29/Leslie_Howard-Ann_Harding_in_The_Animal_Kingdom.jpg,Category:RKO Pictures publicity photos,TRUE
Let's Sing Again (1936) still 1.jpg,https://commons.wikimedia.org/wiki/File:Let%27s_Sing_Again_(1936)_still_1.jpg,https://upload.wikimedia.org/wikipedia/commons/d/d6/Let%27s_Sing_Again_%281936%29_still_1.jpg,Category:RKO Pictures publicity photos,TRUE
Vinson Brook Screenland834.jpg,https://commons.wikimedia.org/wiki/File:Vinson_Brook_Screenland834.jpg,https://upload.wikimedia.org/wikipedia/commons/f/f6/Vinson_Brook_Screenland834.jpg,Category:RKO Pictures publicity photos,TRUE
Billie Seward-Jeff York in Li'l Abner.jpg,https://commons.wikimedia.org/wiki/File:Billie_Seward-Jeff_York_in_Li%27l_Abner.jpg,https://upload.wikimedia.org/wikipedia/commons/7/77/Billie_Seward-Jeff_York_in_Li%27l_Abner.jpg,Category:RKO Pictures publicity photos,TRUE
Linda Douglas (1952).jpg,https://commons.wikimedia.org/wiki/File:Linda_Douglas_(1952).jpg,https://upload.wikimedia.org/wikipedia/commons/4/44/Linda_Douglas_%281952%29.jpg,Category:RKO Pictures publicity photos,2026-09-11
Linda Douglas (Mary Jo Tarola) – Affair with a Stranger press photo.jpg,https://commons.wikimedia.org/wiki/File:Linda_Douglas_(Mary_Jo_Tarola)_%E2%80%93_Affair_with_a_Stranger_press_photo.jpg,https://upload.wikimedia.org/wikipedia/commons/5/55/Linda_Douglas_%28Mary_Jo_Tarola%29_%E2%80%93_Affair_with_a_Stranger_press_photo.jpg,Category:RKO Pictures publicity photos,TRUE
Linda Douglas by Ernest Bacharach (crop).jpg,https://commons.wikimedia.org/wiki/File:Linda_Douglas_by_Ernest_Bacharach_(crop).jpg,https://upload.wikimedia.org/wikipedia/commons/5/54/Linda_Douglas_by_Ernest_Bacharach_%28crop%29.jpg,Category:RKO Pictures publicity photos,TRUE
Linda Douglas by Ernest Bacharach c. 1952.jpg,https://commons.wikimedia.org/wiki/File:Linda_Douglas_by_Ernest_Bacharach_c._1952.jpg,https://upload.wikimedia.org/wikipedia/commons/d/db/Linda_Douglas_by_Ernest_Bacharach_c._1952.jpg,Category:RKO Pictures publicity photos,LOWRES
Bette Davis in The Little Foxes.jpg,https://commons.wikimedia.org/wiki/File:Bette_Davis_in_The_Little_Foxes.jpg,https://upload.wikimedia.org/wikipedia/commons/9/9f/Bette_Davis_in_The_Little_Foxes.jpg,Category:RKO Pictures publicity photos,LOWRES
John Barrymore Alan Mowbray Long Lost Father.jpg,https://commons.wikimedia.org/wiki/File:John_Barrymore_Alan_Mowbray_Long_Lost_Father.jpg,https://upload.wikimedia.org/wikipedia/commons/f/f4/John_Barrymore_Alan_Mowbray_Long_Lost_Father.jpg,Category:RKO Pictures publicity photos,TRUE
Lucille Ball and Allan Lane (cropped).jpg,https://commons.wikimedia.org/wiki/File:Lucille_Ball_and_Allan_Lane_(cropped).jpg,https://upload.wikimedia.org/wikipedia/commons/e/e3/Lucille_Ball_and_Allan_Lane_%28cropped%29.jpg,Category:RKO Pictures publicity photos,TRUE
Lucille Ball and Allan Lane.jpg,https://commons.wikimedia.org/wiki/File:Lucille_Ball_and_Allan_Lane.jpg,https://upload.wikimedia.org/wikipedia/commons/3/3e/Lucille_Ball_and_Allan_Lane.jpg,Category:RKO Pictures publicity photos,TRUE
Lucille Ball Argentinean Magazine AD.jpg,https://commons.wikimedia.org/wiki/File:Lucille_Ball_Argentinean_Magazine_AD.jpg,https://upload.wikimedia.org/wikipedia/commons/4/42/Lucille_Ball_Argentinean_Magazine_AD.jpg,Category:RKO Pictures publicity photos,TRUE
LupeVelez-Leon Errol.jpg,https://commons.wikimedia.org/wiki/File:LupeVelez-Leon_Errol.jpg,https://upload.wikimedia.org/wikipedia/commons/9/91/LupeVelez-Leon_Errol.jpg,Category:RKO Pictures publicity photos,LOWRES
LynneOvermanUnaMerkelGuyKibbee.DontTelltheWife.1937.jpg,https://commons.wikimedia.org/wiki/File:LynneOvermanUnaMerkelGuyKibbee.DontTelltheWife.1937.jpg,https://upload.wikimedia.org/wikipedia/commons/0/06/LynneOvermanUnaMerkelGuyKibbee.DontTelltheWife.1937.jpg,Category:RKO Pictures publicity photos,LOWRES
The-Magnificent-Ambersons-1.jpg,https://commons.wikimedia.org/wiki/File:The-Magnificent-Ambersons-1.jpg,https://upload.wikimedia.org/wikipedia/commons/6/6d/The-Magnificent-Ambersons-1.jpg,Category:RKO Pictures publicity photos,TRUE
The-Magnificent-Ambersons-2.jpg,https://commons.wikimedia.org/wiki/File:The-Magnificent-Ambersons-2.jpg,https://upload.wikimedia.org/wikipedia/commons/9/99/The-Magnificent-Ambersons-2.jpg,Category:RKO Pictures publicity photos,TRUE
The-Magnificent-Ambersons-5.jpg,https://commons.wikimedia.org/wiki/File:The-Magnificent-Ambersons-5.jpg,https://upload.wikimedia.org/wikipedia/commons/e/e9/The-Magnificent-Ambersons-5.jpg,Category:RKO Pictures publicity photos,TRUE
The-Magnificent-Ambersons-7.jpg,https://commons.wikimedia.org/wiki/File:The-Magnificent-Ambersons-7.jpg,https://upload.wikimedia.org/wikipedia/commons/8/8a/The-Magnificent-Ambersons-7.jpg,Category:RKO Pictures publicity photos,TRUE
Marcy McGuire in Seven Days Ashore 1944.jpg,https://commons.wikimedia.org/wiki/File:Marcy_McGuire_in_Seven_Days_Ashore_1944.jpg,https://upload.wikimedia.org/wikipedia/commons/4/44/Marcy_McGuire_in_Seven_Days_Ashore_1944.jpg,Category:RKO Pictures publicity photos,TRUE
Marcy McGuire Sing Your Way Home 1945.jpg,https://commons.wikimedia.org/wiki/File:Marcy_McGuire_Sing_Your_Way_Home_1945.jpg,https://upload.wikimedia.org/wikipedia/commons/6/67/Marcy_McGuire_Sing_Your_Way_Home_1945.jpg,Category:RKO Pictures publicity photos,LOWRES
Margo in Winterset (1936).jpg,https://commons.wikimedia.org/wiki/File:Margo_in_Winterset_(1936).jpg,https://upload.wikimedia.org/wikipedia/commons/5/5a/Margo_in_Winterset_%281936%29.jpg,Category:RKO Pictures publicity photos,TRUE
Osa Massen - 1944.jpg,https://commons.wikimedia.org/wiki/File:Osa_Massen_-_1944.jpg,https://upload.wikimedia.org/wikipedia/commons/e/e0/Osa_Massen_-_1944.jpg,Category:RKO Pictures publicity photos,LOWRES
"Maureen O'Hara in 'This Land Is Mine', 1943.jpg","https://commons.wikimedia.org/wiki/File:Maureen_O%27Hara_in_%27This_Land_Is_Mine%27,_1943.jpg",https://upload.wikimedia.org/wikipedia/commons/9/92/Maureen_O%27Hara_in_%27This_Land_Is_Mine%27%2C_1943.jpg,Category:RKO Pictures publicity photos,TRUE
Lupe Velez - Mexican Spitfire.jpg,https://commons.wikimedia.org/wiki/File:Lupe_Velez_-_Mexican_Spitfire.jpg,https://upload.wikimedia.org/wikipedia/commons/f/f0/Lupe_Velez_-_Mexican_Spitfire.jpg,Category:RKO Pictures publicity photos,2026-09-23
Most Dangerous Game prey.jpg,https://commons.wikimedia.org/wiki/File:Most_Dangerous_Game_prey.jpg,https://upload.wikimedia.org/wikipedia/commons/1/13/Most_Dangerous_Game_prey.jpg,Category:RKO Pictures publicity photos,2026-09-12
The Most Dangerous Game (1932) 5.jpg,https://commons.wikimedia.org/wiki/File:The_Most_Dangerous_Game_(1932)_5.jpg,https://upload.wikimedia.org/wikipedia/commons/1/17/The_Most_Dangerous_Game_%281932%29_5.jpg,Category:RKO Pictures publicity photos,TRUE
Cary Grant Myrna Loy Mr Blandings Builds His Dream House 1948.JPG,https://commons.wikimedia.org/wiki/File:Cary_Grant_Myrna_Loy_Mr_Blandings_Builds_His_Dream_House_1948.JPG,https://upload.wikimedia.org/wikipedia/commons/8/8d/Cary_Grant_Myrna_Loy_Mr_Blandings_Builds_His_Dream_House_1948.JPG,Category:RKO Pictures publicity photos,LOWRES
My Favorite Wife promo photo.jpg,https://commons.wikimedia.org/wiki/File:My_Favorite_Wife_promo_photo.jpg,https://upload.wikimedia.org/wikipedia/commons/0/0a/My_Favorite_Wife_promo_photo.jpg,Category:RKO Pictures publicity photos,TRUE
Natalie Wood 1951 photo.jpg,https://commons.wikimedia.org/wiki/File:Natalie_Wood_1951_photo.jpg,https://upload.wikimedia.org/wikipedia/commons/3/36/Natalie_Wood_1951_photo.jpg,Category:RKO Pictures publicity photos,2026-09-21
Niven Busch (1944).JPG,https://commons.wikimedia.org/wiki/File:Niven_Busch_(1944).JPG,https://upload.wikimedia.org/wikipedia/commons/1/15/Niven_Busch_%281944%29.JPG,Category:RKO Pictures publicity photos,TRUE
None-but-the-Lonely-Heart.jpg,https://commons.wikimedia.org/wiki/File:None-but-the-Lonely-Heart.jpg,https://upload.wikimedia.org/wikipedia/commons/6/66/None-but-the-Lonely-Heart.jpg,Category:RKO Pictures publicity photos,TRUE
Notorious Publicity Photo.jpg,https://commons.wikimedia.org/wiki/File:Notorious_Publicity_Photo.jpg,https://upload.wikimedia.org/wikipedia/commons/9/93/Notorious_Publicity_Photo.jpg,Category:RKO Pictures publicity photos,2026-09-08
Notorious1946.jpg,https://commons.wikimedia.org/wiki/File:Notorious1946.jpg,https://upload.wikimedia.org/wikipedia/commons/7/76/Notorious1946.jpg,Category:RKO Pictures publicity photos,TRUE
Nurse Edith Cavell (1939) 1.jpg,https://commons.wikimedia.org/wiki/File:Nurse_Edith_Cavell_(1939)_1.jpg,https://upload.wikimedia.org/wikipedia/commons/1/1b/Nurse_Edith_Cavell_%281939%29_1.jpg,Category:RKO Pictures publicity photos,LOWRES
Bette davis of human bondage.jpg,https://commons.wikimedia.org/wiki/File:Bette_davis_of_human_bondage.jpg,https://upload.wikimedia.org/wikipedia/commons/d/dd/Bette_davis_of_human_bondage.jpg,Category:RKO Pictures publicity photos,LOWRES
Orson Welles-Citizen Kane1.jpg,https://commons.wikimedia.org/wiki/File:Orson_Welles-Citizen_Kane1.jpg,https://upload.wikimedia.org/wikipedia/commons/4/4c/Orson_Welles-Citizen_Kane1.jpg,Category:RKO Pictures publicity photos,TRUE
Out of The Past 1947.JPG,https://commons.wikimedia.org/wiki/File:Out_of_The_Past_1947.JPG,https://upload.wikimedia.org/wikipedia/commons/d/dc/Out_of_The_Past_1947.JPG,Category:RKO Pictures publicity photos,2026-09-18
OutOfThePastMitchumGreer.jpg,https://commons.wikimedia.org/wiki/File:OutOfThePastMitchumGreer.jpg,https://upload.wikimedia.org/wikipedia/commons/b/b1/OutOfThePastMitchumGreer.jpg,Category:RKO Pictures publicity photos,TRUE
Eric Linden-Jean Arthur in The Past of Mary Holmes.jpg,https://commons.wikimedia.org/wiki/File:Eric_Linden-Jean_Arthur_in_The_Past_of_Mary_Holmes.jpg,https://upload.wikimedia.org/wikipedia/commons/5/5a/Eric_Linden-Jean_Arthur_in_The_Past_of_Mary_Holmes.jpg,Category:RKO Pictures publicity photos,LOWRES
Peck Days o Glory 1944.jpg,https://commons.wikimedia.org/wiki/File:Peck_Days_o_Glory_1944.jpg,https://upload.wikimedia.org/wikipedia/commons/8/86/Peck_Days_o_Glory_1944.jpg,Category:RKO Pictures publicity photos,LOWRES
Peck Toumanova Days of Glory.jpg,https://commons.wikimedia.org/wiki/File:Peck_Toumanova_Days_of_Glory.jpg,https://upload.wikimedia.org/wikipedia/commons/e/e8/Peck_Toumanova_Days_of_Glory.jpg,Category:RKO Pictures publicity photos,TRUE
Pert Kelton Argentinean Magazine AD.jpg,https://commons.wikimedia.org/wiki/File:Pert_Kelton_Argentinean_Magazine_AD.jpg,https://upload.wikimedia.org/wikipedia/commons/a/ad/Pert_Kelton_Argentinean_Magazine_AD.jpg,Category:RKO Pictures publicity photos,TRUE
Philip Ober 1950.jpg,https://commons.wikimedia.org/wiki/File:Philip_Ober_1950.jpg,https://upload.wikimedia.org/wikipedia/commons/a/a6/Philip_Ober_1950.jpg,Category:RKO Pictures publicity photos,LOWRES
Louise Beavers Bobby Breen Rainbow on the River.jpg,https://commons.wikimedia.org/wiki/File:Louise_Beavers_Bobby_Breen_Rainbow_on_the_River.jpg,https://upload.wikimedia.org/wikipedia/commons/d/d2/Louise_Beavers_Bobby_Breen_Rainbow_on_the_River.jpg,Category:RKO Pictures publicity photos,TRUE
Louise Beavers Rainbow on the River (cropped).jpg,https://commons.wikimedia.org/wiki/File:Louise_Beavers_Rainbow_on_the_River_(cropped).jpg,https://upload.wikimedia.org/wikipedia/commons/c/c2/Louise_Beavers_Rainbow_on_the_River_%28cropped%29.jpg,Category:RKO Pictures publicity photos,2026-09-14
"Reverse side of actor Charles Coburn's portrait, with permission stamp.jpg","https://commons.wikimedia.org/wiki/File:Reverse_side_of_actor_Charles_Coburn%27s_portrait,_with_permission_stamp.jpg",https://upload.wikimedia.org/wikipedia/commons/a/af/Reverse_side_of_actor_Charles_Coburn%27s_portrait%2C_with_permission_stamp.jpg,Category:RKO Pictures publicity photos,FALSE
Pat O'Brien-Anne Jeffreys in Riffraff.jpg,https://commons.wikimedia.org/wiki/File:Pat_O%27Brien-Anne_Jeffreys_in_Riffraff.jpg,https://upload.wikimedia.org/wikipedia/commons/f/f6/Pat_O%27Brien-Anne_Jeffreys_in_Riffraff.jpg,Category:RKO Pictures publicity photos,TRUE
"Ann Harding and Nils Asther in 'The Right to Romance', 1933.jpg","https://commons.wikimedia.org/wiki/File:Ann_Harding_and_Nils_Asther_in_%27The_Right_to_Romance%27,_1933.jpg",https://upload.wikimedia.org/wikipedia/commons/f/f2/Ann_Harding_and_Nils_Asther_in_%27The_Right_to_Romance%27%2C_1933.jpg,Category:RKO Pictures publicity photos,2026-09-23
Harding Asther Right to Romance.jpg,https://commons.wikimedia.org/wiki/File:Harding_Asther_Right_to_Romance.jpg,https://upload.wikimedia.org/wikipedia/commons/f/f7/Harding_Asther_Right_to_Romance.jpg,Category:RKO Pictures publicity photos,TRUE
RKO photo.jpg,https://commons.wikimedia.org/wiki/File:RKO_photo.jpg,https://upload.wikimedia.org/wikipedia/commons/6/62/RKO_photo.jpg,Category:RKO Pictures publicity photos,TRUE
Robert Mitchum e Jane Russell em Macao (1).jpg,https://commons.wikimedia.org/wiki/File:Robert_Mitchum_e_Jane_Russell_em_Macao_(1).jpg,https://upload.wikimedia.org/wikipedia/commons/4/4e/Robert_Mitchum_e_Jane_Russell_em_Macao_%281%29.jpg,Category:RKO Pictures publicity photos,TRUE
Constance Bennett publicity copy.jpg,https://commons.wikimedia.org/wiki/File:Constance_Bennett_publicity_copy.jpg,https://upload.wikimedia.org/wikipedia/commons/a/a8/Constance_Bennett_publicity_copy.jpg,Category:RKO Pictures publicity photos,TRUE
"Rudy Vallée & Sally Blane - Photoplay, June 1930.jpg","https://commons.wikimedia.org/wiki/File:Rudy_Vall%C3%A9e_%26_Sally_Blane_-_Photoplay,_June_1930.jpg",https://upload.wikimedia.org/wikipedia/commons/3/36/Rudy_Vall%C3%A9e_%26_Sally_Blane_-_Photoplay%2C_June_1930.jpg,Category:RKO Pictures publicity photos,TRUE
Sam Levene and Bert Lahr in Sing Your Worries Away (1942).jpg,https://commons.wikimedia.org/wiki/File:Sam_Levene_and_Bert_Lahr_in_Sing_Your_Worries_Away_(1942).jpg,https://upload.wikimedia.org/wikipedia/commons/9/9f/Sam_Levene_and_Bert_Lahr_in_Sing_Your_Worries_Away_%281942%29.jpg,Category:RKO Pictures publicity photos,TRUE
Jean Brooks Seventh Victim.jpg,https://commons.wikimedia.org/wiki/File:Jean_Brooks_Seventh_Victim.jpg,https://upload.wikimedia.org/wikipedia/commons/2/25/Jean_Brooks_Seventh_Victim.jpg,Category:RKO Pictures publicity photos,TRUE
Tom Moore in Side Street still.jpg,https://commons.wikimedia.org/wiki/File:Tom_Moore_in_Side_Street_still.jpg,https://upload.wikimedia.org/wikipedia/commons/6/6f/Tom_Moore_in_Side_Street_still.jpg,Category:RKO Pictures publicity photos,TRUE
Simone Simon by Fred Hendrickson.jpg,https://commons.wikimedia.org/wiki/File:Simone_Simon_by_Fred_Hendrickson.jpg,https://upload.wikimedia.org/wikipedia/commons/2/20/Simone_Simon_by_Fred_Hendrickson.jpg,Category:RKO Pictures publicity photos,TRUE
Simone Simon Cat People promotional photo.jpg,https://commons.wikimedia.org/wiki/File:Simone_Simon_Cat_People_promotional_photo.jpg,https://upload.wikimedia.org/wikipedia/commons/9/90/Simone_Simon_Cat_People_promotional_photo.jpg,Category:RKO Pictures publicity photos,TRUE
Slightly Scarlet (1956) 1.jpg,https://commons.wikimedia.org/wiki/File:Slightly_Scarlet_(1956)_1.jpg,https://upload.wikimedia.org/wikipedia/commons/e/ef/Slightly_Scarlet_%281956%29_1.jpg,Category:RKO Pictures publicity photos,LOWRES
The Spanish Main 1945.jpg,https://commons.wikimedia.org/wiki/File:The_Spanish_Main_1945.jpg,https://upload.wikimedia.org/wikipedia/commons/f/ff/The_Spanish_Main_1945.jpg,Category:RKO Pictures publicity photos,LOWRES
The-Spiral-Staircase (cropped).jpg,https://commons.wikimedia.org/wiki/File:The-Spiral-Staircase_(cropped).jpg,https://upload.wikimedia.org/wikipedia/commons/8/89/The-Spiral-Staircase_%28cropped%29.jpg,Category:RKO Pictures publicity photos,TRUE
The-Spiral-Staircase.jpg,https://commons.wikimedia.org/wiki/File:The-Spiral-Staircase.jpg,https://upload.wikimedia.org/wikipedia/commons/a/ae/The-Spiral-Staircase.jpg,Category:RKO Pictures publicity photos,TRUE
Stage-Door-1937.jpg,https://commons.wikimedia.org/wiki/File:Stage-Door-1937.jpg,https://upload.wikimedia.org/wikipedia/commons/b/b3/Stage-Door-1937.jpg,Category:RKO Pictures publicity photos,TRUE
The Stranger 1946 (2).jpg,https://commons.wikimedia.org/wiki/File:The_Stranger_1946_(2).jpg,https://upload.wikimedia.org/wikipedia/commons/b/b4/The_Stranger_1946_%282%29.jpg,Category:RKO Pictures publicity photos,LOWRES
The Stranger 1946 (3).jpg,https://commons.wikimedia.org/wiki/File:The_Stranger_1946_(3).jpg,https://upload.wikimedia.org/wikipedia/commons/f/fb/The_Stranger_1946_%283%29.jpg,Category:RKO Pictures publicity photos,LOWRES
Jimmy Durante Lupe Velez Mills Brothers Strictly Dynamite 1934.jpg,https://commons.wikimedia.org/wiki/File:Jimmy_Durante_Lupe_Velez_Mills_Brothers_Strictly_Dynamite_1934.jpg,https://upload.wikimedia.org/wikipedia/commons/e/e1/Jimmy_Durante_Lupe_Velez_Mills_Brothers_Strictly_Dynamite_1934.jpg,Category:RKO Pictures publicity photos,FALSE
DebbieReynolds.SusanSleptHere.1954.jpg,https://commons.wikimedia.org/wiki/File:DebbieReynolds.SusanSleptHere.1954.jpg,https://upload.wikimedia.org/wikipedia/commons/c/c1/DebbieReynolds.SusanSleptHere.1954.jpg,Category:RKO Pictures publicity photos,LOWRES
"Taking time off between the shooting of scenes at the RKO Studios in Hollywood, Miss O'Hara helped collect more than... - NARA - 196469 (cropped).jpg","https://commons.wikimedia.org/wiki/File:Taking_time_off_between_the_shooting_of_scenes_at_the_RKO_Studios_in_Hollywood,_Miss_O%27Hara_helped_collect_more_than..._-_NARA_-_196469_(cropped).jpg",https://upload.wikimedia.org/wikipedia/commons/4/48/Taking_time_off_between_the_shooting_of_scenes_at_the_RKO_Studios_in_Hollywood%2C_Miss_O%27Hara_helped_collect_more_than..._-_NARA_-_196469_%28cropped%29.jpg,Category:RKO Pictures publicity photos,LOWRES
"Taking time off between the shooting of scenes at the RKO Studios in Hollywood, Miss O'Hara helped collect more than... - NARA - 196469.jpg","https://commons.wikimedia.org/wiki/File:Taking_time_off_between_the_shooting_of_scenes_at_the_RKO_Studios_in_Hollywood,_Miss_O%27Hara_helped_collect_more_than..._-_NARA_-_196469.jpg",https://upload.wikimedia.org/wikipedia/commons/0/0c/Taking_time_off_between_the_shooting_of_scenes_at_the_RKO_Studios_in_Hollywood%2C_Miss_O%27Hara_helped_collect_more_than..._-_NARA_-_196469.jpg,Category:RKO Pictures publicity photos,TRUE
Terry McKay in Love Affair (1939).jpg,https://commons.wikimedia.org/wiki/File:Terry_McKay_in_Love_Affair_(1939).jpg,https://upload.wikimedia.org/wikipedia/commons/0/0e/Terry_McKay_in_Love_Affair_%281939%29.jpg,Category:RKO Pictures publicity photos,TRUE
The Flying Deuces (1939) 1.jpg,https://commons.wikimedia.org/wiki/File:The_Flying_Deuces_(1939)_1.jpg,https://upload.wikimedia.org/wikipedia/commons/b/b2/The_Flying_Deuces_%281939%29_1.jpg,Category:RKO Pictures publicity photos,FALSE
The Most Dangerous Game (1932) 4.jpg,https://commons.wikimedia.org/wiki/File:The_Most_Dangerous_Game_(1932)_4.jpg,https://upload.wikimedia.org/wikipedia/commons/c/c4/The_Most_Dangerous_Game_%281932%29_4.jpg,Category:RKO Pictures publicity photos,FALSE
The Pride of the Yankees1.jpg,https://commons.wikimedia.org/wiki/File:The_Pride_of_the_Yankees1.jpg,https://upload.wikimedia.org/wikipedia/commons/1/18/The_Pride_of_the_Yankees1.jpg,Category:RKO Pictures publicity photos,TRUE
The Pride of the Yankees3.jpg,https://commons.wikimedia.org/wiki/File:The_Pride_of_the_Yankees3.jpg,https://upload.wikimedia.org/wikipedia/commons/2/24/The_Pride_of_the_Yankees3.jpg,Category:RKO Pictures publicity photos,TRUE
The Pride of the Yankees4.jpg,https://commons.wikimedia.org/wiki/File:The_Pride_of_the_Yankees4.jpg,https://upload.wikimedia.org/wikipedia/commons/3/39/The_Pride_of_the_Yankees4.jpg,Category:RKO Pictures publicity photos,TRUE
The Vagabond Lover Still.jpg,https://commons.wikimedia.org/wiki/File:The_Vagabond_Lover_Still.jpg,https://upload.wikimedia.org/wikipedia/commons/9/96/The_Vagabond_Lover_Still.jpg,Category:RKO Pictures publicity photos,TRUE
The-Magnificent-Ambersons-6.jpg,https://commons.wikimedia.org/wiki/File:The-Magnificent-Ambersons-6.jpg,https://upload.wikimedia.org/wikipedia/commons/3/36/The-Magnificent-Ambersons-6.jpg,Category:RKO Pictures publicity photos,TRUE
Thelma Todd 1933.jpg,https://commons.wikimedia.org/wiki/File:Thelma_Todd_1933.jpg,https://upload.wikimedia.org/wikipedia/commons/6/63/Thelma_Todd_1933.jpg,Category:RKO Pictures publicity photos,TRUE
Tom Conway by Fred Hendrickson.jpg,https://commons.wikimedia.org/wiki/File:Tom_Conway_by_Fred_Hendrickson.jpg,https://upload.wikimedia.org/wikipedia/commons/d/dc/Tom_Conway_by_Fred_Hendrickson.jpg,Category:RKO Pictures publicity photos,TRUE
Tone Hepburn Quality Street.jpg,https://commons.wikimedia.org/wiki/File:Tone_Hepburn_Quality_Street.jpg,https://upload.wikimedia.org/wikipedia/commons/f/ff/Tone_Hepburn_Quality_Street.jpg,Category:RKO Pictures publicity photos,TRUE
Top-Hat-Rogers-Astaire.jpg,https://commons.wikimedia.org/wiki/File:Top-Hat-Rogers-Astaire.jpg,https://upload.wikimedia.org/wikipedia/commons/e/ec/Top-Hat-Rogers-Astaire.jpg,Category:RKO Pictures publicity photos,TRUE
Una Merkel by John Miehle.jpg,https://commons.wikimedia.org/wiki/File:Una_Merkel_by_John_Miehle.jpg,https://upload.wikimedia.org/wikipedia/commons/0/08/Una_Merkel_by_John_Miehle.jpg,Category:RKO Pictures publicity photos,TRUE
Vagabond Lover Still.jpg,https://commons.wikimedia.org/wiki/File:Vagabond_Lover_Still.jpg,https://upload.wikimedia.org/wikipedia/commons/d/de/Vagabond_Lover_Still.jpg,Category:RKO Pictures publicity photos,TRUE
"Rudy Vallee - Screenland, Jan. 1930 04.jpg","https://commons.wikimedia.org/wiki/File:Rudy_Vallee_-_Screenland,_Jan._1930_04.jpg",https://upload.wikimedia.org/wikipedia/commons/b/bb/Rudy_Vallee_-_Screenland%2C_Jan._1930_04.jpg,Category:RKO Pictures publicity photos,TRUE
Vendetta (1950) 1.jpg,https://commons.wikimedia.org/wiki/File:Vendetta_(1950)_1.jpg,https://upload.wikimedia.org/wikipedia/commons/f/f3/Vendetta_%281950%29_1.jpg,Category:RKO Pictures publicity photos,LOWRES
WagonMaster-JohnsonCareyPublicity (cropped).jpg,https://commons.wikimedia.org/wiki/File:WagonMaster-JohnsonCareyPublicity_(cropped).jpg,https://upload.wikimedia.org/wikipedia/commons/2/2d/WagonMaster-JohnsonCareyPublicity_%28cropped%29.jpg,Category:RKO Pictures publicity photos,TRUE
WagonMaster-JohnsonCareyPublicity (square-trim).jpg,https://commons.wikimedia.org/wiki/File:WagonMaster-JohnsonCareyPublicity_(square-trim).jpg,https://upload.wikimedia.org/wikipedia/commons/c/cf/WagonMaster-JohnsonCareyPublicity_%28square-trim%29.jpg,Category:RKO Pictures publicity photos,LOWRES
WagonMaster-JohnsonCareyPublicity.jpg,https://commons.wikimedia.org/wiki/File:WagonMaster-JohnsonCareyPublicity.jpg,https://upload.wikimedia.org/wikipedia/commons/3/33/WagonMaster-JohnsonCareyPublicity.jpg,Category:RKO Pictures publicity photos,TRUE
WagonMasterStill-JohnsonCareyBond.jpg,https://commons.wikimedia.org/wiki/File:WagonMasterStill-JohnsonCareyBond.jpg,https://upload.wikimedia.org/wikipedia/commons/4/46/WagonMasterStill-JohnsonCareyBond.jpg,Category:RKO Pictures publicity photos,TRUE
Welles It's All True.jpg,https://commons.wikimedia.org/wiki/File:Welles_It%27s_All_True.jpg,https://upload.wikimedia.org/wikipedia/commons/8/84/Welles_It%27s_All_True.jpg,Category:RKO Pictures publicity photos,2026-09-24
Orson-Home-1939.jpg,https://commons.wikimedia.org/wiki/File:Orson-Home-1939.jpg,https://upload.wikimedia.org/wikipedia/commons/d/de/Orson-Home-1939.jpg,Category:RKO Pictures publicity photos,2026-09-24
Welles-Magnificent-Ambersons-Pub-A16.jpg,https://commons.wikimedia.org/wiki/File:Welles-Magnificent-Ambersons-Pub-A16.jpg,https://upload.wikimedia.org/wikipedia/commons/8/8b/Welles-Magnificent-Ambersons-Pub-A16.jpg,Category:RKO Pictures publicity photos,TRUE
What-Price-Hollywood-Sherman-Bennett.jpg,https://commons.wikimedia.org/wiki/File:What-Price-Hollywood-Sherman-Bennett.jpg,https://upload.wikimedia.org/wikipedia/commons/5/52/What-Price-Hollywood-Sherman-Bennett.jpg,Category:RKO Pictures publicity photos,TRUE
Lili Damita and Lester Vail.jpg,https://commons.wikimedia.org/wiki/File:Lili_Damita_and_Lester_Vail.jpg,https://upload.wikimedia.org/wikipedia/commons/f/ff/Lili_Damita_and_Lester_Vail.jpg,Category:RKO Pictures publicity photos,TRUE
Bette Davis and Gary Merrill in All About Eve.jpg,https://commons.wikimedia.org/wiki/File:Bette_Davis_and_Gary_Merrill_in_All_About_Eve.jpg,https://upload.wikimedia.org/wikipedia/commons/9/96/Bette_Davis_and_Gary_Merrill_in_All_About_Eve.jpg,Category:20th Century Fox publicity photos,2026-08-27
Bette Davis in All About Eve (cropped).jpg,https://commons.wikimedia.org/wiki/File:Bette_Davis_in_All_About_Eve_(cropped).jpg,https://upload.wikimedia.org/wikipedia/commons/1/1c/Bette_Davis_in_All_About_Eve_%28cropped%29.jpg,Category:20th Century Fox publicity photos,LOWRES
And Then There Were None 1945.jpg,https://commons.wikimedia.org/wiki/File:And_Then_There_Were_None_1945.jpg,https://upload.wikimedia.org/wikipedia/commons/e/ee/And_Then_There_Were_None_1945.jpg,Category:20th Century Fox publicity photos,2026-09-21
Andrew Keir in Cleopatra still.jpg,https://commons.wikimedia.org/wiki/File:Andrew_Keir_in_Cleopatra_still.jpg,https://upload.wikimedia.org/wikipedia/commons/5/5f/Andrew_Keir_in_Cleopatra_still.jpg,Category:20th Century Fox publicity photos,TRUE
"Andy Warhol Foundation v. Goldsmith, opinion of Justice Kagan, page 5 image.jpg","https://commons.wikimedia.org/wiki/File:Andy_Warhol_Foundation_v._Goldsmith,_opinion_of_Justice_Kagan,_page_5_image.jpg",https://upload.wikimedia.org/wikipedia/commons/b/ba/Andy_Warhol_Foundation_v._Goldsmith%2C_opinion_of_Justice_Kagan%2C_page_5_image.jpg,Category:20th Century Fox publicity photos,TRUE
"Annex - Stewart, James (Call Northside 777) 01 (cropped).jpg","https://commons.wikimedia.org/wiki/File:Annex_-_Stewart,_James_(Call_Northside_777)_01_(cropped).jpg",https://upload.wikimedia.org/wikipedia/commons/8/86/Annex_-_Stewart%2C_James_%28Call_Northside_777%29_01_%28cropped%29.jpg,Category:20th Century Fox publicity photos,TRUE
"Annex - Stewart, James (Call Northside 777) 01.jpg","https://commons.wikimedia.org/wiki/File:Annex_-_Stewart,_James_(Call_Northside_777)_01.jpg",https://upload.wikimedia.org/wikipedia/commons/e/e8/Annex_-_Stewart%2C_James_%28Call_Northside_777%29_01.jpg,Category:20th Century Fox publicity photos,TRUE
"Annex - Stewart, James (Call Northside 777) 02.jpg","https://commons.wikimedia.org/wiki/File:Annex_-_Stewart,_James_(Call_Northside_777)_02.jpg",https://upload.wikimedia.org/wikipedia/commons/c/c6/Annex_-_Stewart%2C_James_%28Call_Northside_777%29_02.jpg,Category:20th Century Fox publicity photos,TRUE
Arthur Treacher 1938.JPG,https://commons.wikimedia.org/wiki/File:Arthur_Treacher_1938.JPG,https://upload.wikimedia.org/wikipedia/commons/3/3a/Arthur_Treacher_1938.JPG,Category:20th Century Fox publicity photos,TRUE
"Astaire, Fred - Daddy.jpg","https://commons.wikimedia.org/wiki/File:Astaire,_Fred_-_Daddy.jpg",https://upload.wikimedia.org/wikipedia/commons/9/92/Astaire%2C_Fred_-_Daddy.jpg,Category:20th Century Fox publicity photos,TRUE
"Attenborough, Stewart & Krüger The Flight of the Phoenix Still.jpg","https://commons.wikimedia.org/wiki/File:Attenborough,_Stewart_%26_Kr%C3%BCger_The_Flight_of_the_Phoenix_Still.jpg",https://upload.wikimedia.org/wikipedia/commons/7/75/Attenborough%2C_Stewart_%26_Kr%C3%BCger_The_Flight_of_the_Phoenix_Still.jpg,Category:20th Century Fox publicity photos,LOWRES
Bandolero! 1968 2.jpg,https://commons.wikimedia.org/wiki/File:Bandolero!_1968_2.jpg,https://upload.wikimedia.org/wikipedia/commons/2/2e/Bandolero%21_1968_2.jpg,Category:20th Century Fox publicity photos,TRUE
Bandolero! 1968.jpg,https://commons.wikimedia.org/wiki/File:Bandolero!_1968.jpg,https://upload.wikimedia.org/wikipedia/commons/2/23/Bandolero%21_1968.jpg,Category:20th Century Fox publicity photos,LOWRES
Barry Fitzgerald 1945.jpg,https://commons.wikimedia.org/wiki/File:Barry_Fitzgerald_1945.jpg,https://upload.wikimedia.org/wikipedia/commons/0/00/Barry_Fitzgerald_1945.jpg,Category:20th Century Fox publicity photos,2026-09-09
Behind Green Lights (1946) 2.jpg,https://commons.wikimedia.org/wiki/File:Behind_Green_Lights_(1946)_2.jpg,https://upload.wikimedia.org/wikipedia/commons/3/37/Behind_Green_Lights_%281946%29_2.jpg,Category:20th Century Fox publicity photos,LOWRES
Robert Wagner in Beneath the 12-Mile Reef.jpg,https://commons.wikimedia.org/wiki/File:Robert_Wagner_in_Beneath_the_12-Mile_Reef.jpg,https://upload.wikimedia.org/wikipedia/commons/a/a9/Robert_Wagner_in_Beneath_the_12-Mile_Reef.jpg,Category:20th Century Fox publicity photos,TRUE
Beneath the 12-Mile Reef (1953) still 1.jpg,https://commons.wikimedia.org/wiki/File:Beneath_the_12-Mile_Reef_(1953)_still_1.jpg,https://upload.wikimedia.org/wikipedia/commons/f/f6/Beneath_the_12-Mile_Reef_%281953%29_still_1.jpg,Category:20th Century Fox publicity photos,2026-09-23
"Bette Davis, Gary Merrill, Anne Baxter and George Sanders, 1950.jpg","https://commons.wikimedia.org/wiki/File:Bette_Davis,_Gary_Merrill,_Anne_Baxter_and_George_Sanders,_1950.jpg",https://upload.wikimedia.org/wikipedia/commons/5/5a/Bette_Davis%2C_Gary_Merrill%2C_Anne_Baxter_and_George_Sanders%2C_1950.jpg,Category:20th Century Fox publicity photos,2026-08-27
Betty Grable - 1951.JPG,https://commons.wikimedia.org/wiki/File:Betty_Grable_-_1951.JPG,https://upload.wikimedia.org/wikipedia/commons/2/2d/Betty_Grable_-_1951.JPG,Category:20th Century Fox publicity photos,TRUE
Betty Grable 1940s.JPG,https://commons.wikimedia.org/wiki/File:Betty_Grable_1940s.JPG,https://upload.wikimedia.org/wikipedia/commons/b/b4/Betty_Grable_1940s.JPG,Category:20th Century Fox publicity photos,LOWRES
Betty Grable 20th Century Fox.jpg,https://commons.wikimedia.org/wiki/File:Betty_Grable_20th_Century_Fox.jpg,https://upload.wikimedia.org/wikipedia/commons/9/95/Betty_Grable_20th_Century_Fox.jpg,Category:20th Century Fox publicity photos,TRUE
"Betty Grable, 20th Century Fox.jpg","https://commons.wikimedia.org/wiki/File:Betty_Grable,_20th_Century_Fox.jpg",https://upload.wikimedia.org/wikipedia/commons/e/ec/Betty_Grable%2C_20th_Century_Fox.jpg,Category:20th Century Fox publicity photos,TRUE
Bill Robinson and Shirley Temple stair dance (cropped).jpg,https://commons.wikimedia.org/wiki/File:Bill_Robinson_and_Shirley_Temple_stair_dance_(cropped).jpg,https://upload.wikimedia.org/wikipedia/commons/5/58/Bill_Robinson_and_Shirley_Temple_stair_dance_%28cropped%29.jpg,Category:20th Century Fox publicity photos,FALSE
Bill Robinson and Shirley Temple stair dance.jpg,https://commons.wikimedia.org/wiki/File:Bill_Robinson_and_Shirley_Temple_stair_dance.jpg,https://upload.wikimedia.org/wikipedia/commons/7/72/Bill_Robinson_and_Shirley_Temple_stair_dance.jpg,Category:20th Century Fox publicity photos,TRUE
Brigitte Bardot - 1965.jpg,https://commons.wikimedia.org/wiki/File:Brigitte_Bardot_-_1965.jpg,https://upload.wikimedia.org/wikipedia/commons/a/a5/Brigitte_Bardot_-_1965.jpg,Category:20th Century Fox publicity photos,2026-09-12
Burton Taylor Cleopatra.jpg,https://commons.wikimedia.org/wiki/File:Burton_Taylor_Cleopatra.jpg,https://upload.wikimedia.org/wikipedia/commons/b/b5/Burton_Taylor_Cleopatra.jpg,Category:20th Century Fox publicity photos,LOWRES
Monroe and Murray argument in Bus Stop.jpg,https://commons.wikimedia.org/wiki/File:Monroe_and_Murray_argument_in_Bus_Stop.jpg,https://upload.wikimedia.org/wikipedia/commons/a/ad/Monroe_and_Murray_argument_in_Bus_Stop.jpg,Category:20th Century Fox publicity photos,TRUE
Can-Can (1960) still 1.JPG,https://commons.wikimedia.org/wiki/File:Can-Can_(1960)_still_1.JPG,https://upload.wikimedia.org/wikipedia/commons/9/98/Can-Can_%281960%29_still_1.JPG,Category:20th Century Fox publicity photos,TRUE
Caprice (1967) Press Photo of Irene Tsu (2).jpg,https://commons.wikimedia.org/wiki/File:Caprice_(1967)_Press_Photo_of_Irene_Tsu_(2).jpg,https://upload.wikimedia.org/wikipedia/commons/5/58/Caprice_%281967%29_Press_Photo_of_Irene_Tsu_%282%29.jpg,Category:20th Century Fox publicity photos,2026-09-11
Caprice (1967) Press Photo of Irene Tsu (3).jpg,https://commons.wikimedia.org/wiki/File:Caprice_(1967)_Press_Photo_of_Irene_Tsu_(3).jpg,https://upload.wikimedia.org/wikipedia/commons/c/cd/Caprice_%281967%29_Press_Photo_of_Irene_Tsu_%283%29.jpg,Category:20th Century Fox publicity photos,TRUE
Caprice (1967) Press Photo of Irene Tsu.jpg,https://commons.wikimedia.org/wiki/File:Caprice_(1967)_Press_Photo_of_Irene_Tsu.jpg,https://upload.wikimedia.org/wikipedia/commons/2/25/Caprice_%281967%29_Press_Photo_of_Irene_Tsu.jpg,Category:20th Century Fox publicity photos,LOWRES
"Carmen Miranda no filme ""Serenata Tropical"".jpg",https://commons.wikimedia.org/wiki/File:Carmen_Miranda_no_filme_%22Serenata_Tropical%22.jpg,https://upload.wikimedia.org/wikipedia/commons/b/bc/Carmen_Miranda_no_filme_%22Serenata_Tropical%22.jpg,Category:20th Century Fox publicity photos,LOWRES
"Carmen Miranda, mo filme Serenata Tropical.jpg","https://commons.wikimedia.org/wiki/File:Carmen_Miranda,_mo_filme_Serenata_Tropical.jpg",https://upload.wikimedia.org/wikipedia/commons/8/8d/Carmen_Miranda%2C_mo_filme_Serenata_Tropical.jpg,Category:20th Century Fox publicity photos,TRUE
"Carmen Miranda, no filme Serenata Tropical 1.jpg","https://commons.wikimedia.org/wiki/File:Carmen_Miranda,_no_filme_Serenata_Tropical_1.jpg",https://upload.wikimedia.org/wikipedia/commons/f/f4/Carmen_Miranda%2C_no_filme_Serenata_Tropical_1.jpg,Category:20th Century Fox publicity photos,LOWRES
"Carmen Miranda, no filme Serenata Tropical 2.jpg","https://commons.wikimedia.org/wiki/File:Carmen_Miranda,_no_filme_Serenata_Tropical_2.jpg",https://upload.wikimedia.org/wikipedia/commons/a/a1/Carmen_Miranda%2C_no_filme_Serenata_Tropical_2.jpg,Category:20th Century Fox publicity photos,TRUE
"Carmen Miranda, no filme Serenata Tropical.jpg","https://commons.wikimedia.org/wiki/File:Carmen_Miranda,_no_filme_Serenata_Tropical.jpg",https://upload.wikimedia.org/wikipedia/commons/a/a9/Carmen_Miranda%2C_no_filme_Serenata_Tropical.jpg,Category:20th Century Fox publicity photos,TRUE
Carole Mathews in City of Bad Men.jpg,https://commons.wikimedia.org/wiki/File:Carole_Mathews_in_City_of_Bad_Men.jpg,https://upload.wikimedia.org/wikipedia/commons/7/79/Carole_Mathews_in_City_of_Bad_Men.jpg,Category:20th Century Fox publicity photos,TRUE
Cary Grant - publicity.JPG,https://commons.wikimedia.org/wiki/File:Cary_Grant_-_publicity.JPG,https://upload.wikimedia.org/wikipedia/commons/7/70/Cary_Grant_-_publicity.JPG,Category:20th Century Fox publicity photos,2026-09-23
Charles Russell-Mary Anderson in Behind Green Lights.jpg,https://commons.wikimedia.org/wiki/File:Charles_Russell-Mary_Anderson_in_Behind_Green_Lights.jpg,https://upload.wikimedia.org/wikipedia/commons/0/08/Charles_Russell-Mary_Anderson_in_Behind_Green_Lights.jpg,Category:20th Century Fox publicity photos,LOWRES
Charlie Chan at the Circus.jpg,https://commons.wikimedia.org/wiki/File:Charlie_Chan_at_the_Circus.jpg,https://upload.wikimedia.org/wikipedia/commons/1/10/Charlie_Chan_at_the_Circus.jpg,Category:20th Century Fox publicity photos,TRUE
Charlotte Greenwood in Down Argentine Way 01.jpg,https://commons.wikimedia.org/wiki/File:Charlotte_Greenwood_in_Down_Argentine_Way_01.jpg,https://upload.wikimedia.org/wikipedia/commons/c/c9/Charlotte_Greenwood_in_Down_Argentine_Way_01.jpg,Category:20th Century Fox publicity photos,LOWRES
Claire Trevor-still (cropped).jpg,https://commons.wikimedia.org/wiki/File:Claire_Trevor-still_(cropped).jpg,https://upload.wikimedia.org/wikipedia/commons/5/54/Claire_Trevor-still_%28cropped%29.jpg,Category:20th Century Fox publicity photos,TRUE
Claire Trevor-still.jpg,https://commons.wikimedia.org/wiki/File:Claire_Trevor-still.jpg,https://upload.wikimedia.org/wikipedia/commons/4/4a/Claire_Trevor-still.jpg,Category:20th Century Fox publicity photos,TRUE
John Wayne - 1961.JPG,https://commons.wikimedia.org/wiki/File:John_Wayne_-_1961.JPG,https://upload.wikimedia.org/wikipedia/commons/8/80/John_Wayne_-_1961.JPG,Category:20th Century Fox publicity photos,LOWRES
Stuart Whitman-Ina Balin in The Comancheros.jpg,https://commons.wikimedia.org/wiki/File:Stuart_Whitman-Ina_Balin_in_The_Comancheros.jpg,https://upload.wikimedia.org/wikipedia/commons/f/f7/Stuart_Whitman-Ina_Balin_in_The_Comancheros.jpg,Category:20th Century Fox publicity photos,LOWRES
Danielle Darrieux Five Fingers 2.jpg,https://commons.wikimedia.org/wiki/File:Danielle_Darrieux_Five_Fingers_2.jpg,https://upload.wikimedia.org/wikipedia/commons/2/21/Danielle_Darrieux_Five_Fingers_2.jpg,Category:20th Century Fox publicity photos,TRUE
Danielle Darrieux Five Fingers 3.jpg,https://commons.wikimedia.org/wiki/File:Danielle_Darrieux_Five_Fingers_3.jpg,https://upload.wikimedia.org/wikipedia/commons/0/06/Danielle_Darrieux_Five_Fingers_3.jpg,Category:20th Century Fox publicity photos,TRUE
Danielle Darrieux Five Fingers.jpg,https://commons.wikimedia.org/wiki/File:Danielle_Darrieux_Five_Fingers.jpg,https://upload.wikimedia.org/wikipedia/commons/5/55/Danielle_Darrieux_Five_Fingers.jpg,Category:20th Century Fox publicity photos,2026-09-14
Peck Haywyard David and Bathsheba.jpg,https://commons.wikimedia.org/wiki/File:Peck_Haywyard_David_and_Bathsheba.jpg,https://upload.wikimedia.org/wikipedia/commons/9/9d/Peck_Haywyard_David_and_Bathsheba.jpg,Category:20th Century Fox publicity photos,TRUE
James Stewart Billy Mumy Dear Brigitte 1965.jpg,https://commons.wikimedia.org/wiki/File:James_Stewart_Billy_Mumy_Dear_Brigitte_1965.jpg,https://upload.wikimedia.org/wikipedia/commons/8/8a/James_Stewart_Billy_Mumy_Dear_Brigitte_1965.jpg,Category:20th Century Fox publicity photos,2026-08-31
Dear Brigitte Billy Mumy 1965.jpg,https://commons.wikimedia.org/wiki/File:Dear_Brigitte_Billy_Mumy_1965.jpg,https://upload.wikimedia.org/wikipedia/commons/6/66/Dear_Brigitte_Billy_Mumy_1965.jpg,Category:20th Century Fox publicity photos,TRUE
Dear Brigitte Billy Mumy James Stewart 1965.jpg,https://commons.wikimedia.org/wiki/File:Dear_Brigitte_Billy_Mumy_James_Stewart_1965.jpg,https://upload.wikimedia.org/wikipedia/commons/2/29/Dear_Brigitte_Billy_Mumy_James_Stewart_1965.jpg,Category:20th Century Fox publicity photos,LOWRES
Debra Paget.jpg,https://commons.wikimedia.org/wiki/File:Debra_Paget.jpg,https://upload.wikimedia.org/wikipedia/commons/2/2b/Debra_Paget.jpg,Category:20th Century Fox publicity photos,TRUE
Desert Rats 1953 still.jpg,https://commons.wikimedia.org/wiki/File:Desert_Rats_1953_still.jpg,https://upload.wikimedia.org/wikipedia/commons/e/ee/Desert_Rats_1953_still.jpg,Category:20th Century Fox publicity photos,LOWRES
Diamond Horseshoe (1945) still 1.jpg,https://commons.wikimedia.org/wiki/File:Diamond_Horseshoe_(1945)_still_1.jpg,https://upload.wikimedia.org/wikipedia/commons/7/77/Diamond_Horseshoe_%281945%29_still_1.jpg,Category:20th Century Fox publicity photos,LOWRES
Joseph Schildkraut in The Diary of Anne Frank (1959).jpg,https://commons.wikimedia.org/wiki/File:Joseph_Schildkraut_in_The_Diary_of_Anne_Frank_(1959).jpg,https://upload.wikimedia.org/wikipedia/commons/d/d5/Joseph_Schildkraut_in_The_Diary_of_Anne_Frank_%281959%29.jpg,Category:20th Century Fox publicity photos,LOWRES
Millie Perkins and Joseph Schildkraut in The Diary of Anne Frank (1959).jpg,https://commons.wikimedia.org/wiki/File:Millie_Perkins_and_Joseph_Schildkraut_in_The_Diary_of_Anne_Frank_(1959).jpg,https://upload.wikimedia.org/wikipedia/commons/5/54/Millie_Perkins_and_Joseph_Schildkraut_in_The_Diary_of_Anne_Frank_%281959%29.jpg,Category:20th Century Fox publicity photos,LOWRES
Millie Perkins in The Diary of Anne Frank (1959).jpg,https://commons.wikimedia.org/wiki/File:Millie_Perkins_in_The_Diary_of_Anne_Frank_(1959).jpg,https://upload.wikimedia.org/wikipedia/commons/6/69/Millie_Perkins_in_The_Diary_of_Anne_Frank_%281959%29.jpg,Category:20th Century Fox publicity photos,LOWRES
Carmen Miranda & Dennis O'Keefe in Doll Face 1946.JPG,https://commons.wikimedia.org/wiki/File:Carmen_Miranda_%26_Dennis_O%27Keefe_in_Doll_Face_1946.JPG,https://upload.wikimedia.org/wikipedia/commons/c/cb/Carmen_Miranda_%26_Dennis_O%27Keefe_in_Doll_Face_1946.JPG,Category:20th Century Fox publicity photos,FALSE
Dragonwyck (1946) 1.jpg,https://commons.wikimedia.org/wiki/File:Dragonwyck_(1946)_1.jpg,https://upload.wikimedia.org/wikipedia/commons/3/3d/Dragonwyck_%281946%29_1.jpg,Category:20th Century Fox publicity photos,TRUE
Anne Francis-Clifton Webb-DREAMBOAT-Promo..jpg,https://commons.wikimedia.org/wiki/File:Anne_Francis-Clifton_Webb-DREAMBOAT-Promo..jpg,https://upload.wikimedia.org/wikipedia/commons/c/c9/Anne_Francis-Clifton_Webb-DREAMBOAT-Promo..jpg,Category:20th Century Fox publicity photos,TRUE
Edward Ryan and James Dunn in The Caribbean Mystery (cropped).jpg,https://commons.wikimedia.org/wiki/File:Edward_Ryan_and_James_Dunn_in_The_Caribbean_Mystery_(cropped).jpg,https://upload.wikimedia.org/wikipedia/commons/6/6a/Edward_Ryan_and_James_Dunn_in_The_Caribbean_Mystery_%28cropped%29.jpg,Category:20th Century Fox publicity photos,LOWRES
Edward Ryan and James Dunn in The Caribbean Mystery.jpg,https://commons.wikimedia.org/wiki/File:Edward_Ryan_and_James_Dunn_in_The_Caribbean_Mystery.jpg,https://upload.wikimedia.org/wikipedia/commons/b/b4/Edward_Ryan_and_James_Dunn_in_The_Caribbean_Mystery.jpg,Category:20th Century Fox publicity photos,2026-09-24
Elizabeth Taylor Cleopatra 1963.JPG,https://commons.wikimedia.org/wiki/File:Elizabeth_Taylor_Cleopatra_1963.JPG,https://upload.wikimedia.org/wikipedia/commons/8/89/Elizabeth_Taylor_Cleopatra_1963.JPG,Category:20th Century Fox publicity photos,LOWRES
"Elliott Reid 20th Century Fox player, Gentlemen Prefer Blondes 1953.JPG","https://commons.wikimedia.org/wiki/File:Elliott_Reid_20th_Century_Fox_player,_Gentlemen_Prefer_Blondes_1953.JPG",https://upload.wikimedia.org/wikipedia/commons/0/05/Elliott_Reid_20th_Century_Fox_player%2C_Gentlemen_Prefer_Blondes_1953.JPG,Category:20th Century Fox publicity photos,LOWRES
Eugene Deckers in Crack in the Mirror.jpg,https://commons.wikimedia.org/wiki/File:Eugene_Deckers_in_Crack_in_the_Mirror.jpg,https://upload.wikimedia.org/wikipedia/commons/3/3e/Eugene_Deckers_in_Crack_in_the_Mirror.jpg,Category:20th Century Fox publicity photos,LOWRES
"Foto de Carmen Miranda com roupa de baiana estilizada, recortada sobre o braço direito. (Filme Serenata Tropical - Down Argentine Way).jpg","https://commons.wikimedia.org/wiki/File:Foto_de_Carmen_Miranda_com_roupa_de_baiana_estilizada,_recortada_sobre_o_bra%C3%A7o_direito._(Filme_Serenata_Tropical_-_Down_Argentine_Way).jpg",https://upload.wikimedia.org/wikipedia/commons/c/cf/Foto_de_Carmen_Miranda_com_roupa_de_baiana_estilizada%2C_recortada_sobre_o_bra%C3%A7o_direito._%28Filme_Serenata_Tropical_-_Down_Argentine_Way%29.jpg,Category:20th Century Fox publicity photos,TRUE
Frank Sinatra and Horace McMahon the Detective.jpg,https://commons.wikimedia.org/wiki/File:Frank_Sinatra_and_Horace_McMahon_the_Detective.jpg,https://upload.wikimedia.org/wikipedia/commons/0/02/Frank_Sinatra_and_Horace_McMahon_the_Detective.jpg,Category:20th Century Fox publicity photos,LOWRES
Frank Sinatra as Tony Rome (alt).jpg,https://commons.wikimedia.org/wiki/File:Frank_Sinatra_as_Tony_Rome_(alt).jpg,https://upload.wikimedia.org/wikipedia/commons/6/63/Frank_Sinatra_as_Tony_Rome_%28alt%29.jpg,Category:20th Century Fox publicity photos,LOWRES
Frank Sinatra as Tony Rome.jpg,https://commons.wikimedia.org/wiki/File:Frank_Sinatra_as_Tony_Rome.jpg,https://upload.wikimedia.org/wikipedia/commons/a/ae/Frank_Sinatra_as_Tony_Rome.jpg,Category:20th Century Fox publicity photos,LOWRES
Frank Sinatra Jill St. John Tony Rome.jpg,https://commons.wikimedia.org/wiki/File:Frank_Sinatra_Jill_St._John_Tony_Rome.jpg,https://upload.wikimedia.org/wikipedia/commons/8/82/Frank_Sinatra_Jill_St._John_Tony_Rome.jpg,Category:20th Century Fox publicity photos,2026-09-06
Frank Sinatra Lee Remick The Detective.jpg,https://commons.wikimedia.org/wiki/File:Frank_Sinatra_Lee_Remick_The_Detective.jpg,https://upload.wikimedia.org/wikipedia/commons/2/2d/Frank_Sinatra_Lee_Remick_The_Detective.jpg,Category:20th Century Fox publicity photos,LOWRES
Frank Sinatra the Detective.jpg,https://commons.wikimedia.org/wiki/File:Frank_Sinatra_the_Detective.jpg,https://upload.wikimedia.org/wikipedia/commons/5/56/Frank_Sinatra_the_Detective.jpg,Category:20th Century Fox publicity photos,2026-09-06
Fred Clark - 1950.JPG,https://commons.wikimedia.org/wiki/File:Fred_Clark_-_1950.JPG,https://upload.wikimedia.org/wikipedia/commons/9/96/Fred_Clark_-_1950.JPG,Category:20th Century Fox publicity photos,LOWRES
Glenn Langan-Coleen Gray in Fury at Furnace Creek.JPG,https://commons.wikimedia.org/wiki/File:Glenn_Langan-Coleen_Gray_in_Fury_at_Furnace_Creek.JPG,https://upload.wikimedia.org/wikipedia/commons/5/5f/Glenn_Langan-Coleen_Gray_in_Fury_at_Furnace_Creek.JPG,Category:20th Century Fox publicity photos,TRUE
Gena Rowlands - 1967.JPG,https://commons.wikimedia.org/wiki/File:Gena_Rowlands_-_1967.JPG,https://upload.wikimedia.org/wikipedia/commons/6/6d/Gena_Rowlands_-_1967.JPG,Category:20th Century Fox publicity photos,2026-09-23
George C. Scott - publicity (squared).JPG,https://commons.wikimedia.org/wiki/File:George_C._Scott_-_publicity_(squared).JPG,https://upload.wikimedia.org/wikipedia/commons/6/63/George_C._Scott_-_publicity_%28squared%29.JPG,Category:20th Century Fox publicity photos,TRUE
George C. Scott - publicity.JPG,https://commons.wikimedia.org/wiki/File:George_C._Scott_-_publicity.JPG,https://upload.wikimedia.org/wikipedia/commons/0/07/George_C._Scott_-_publicity.JPG,Category:20th Century Fox publicity photos,TRUE
George Montgomery - still.jpg,https://commons.wikimedia.org/wiki/File:George_Montgomery_-_still.jpg,https://upload.wikimedia.org/wikipedia/commons/8/80/George_Montgomery_-_still.jpg,Category:20th Century Fox publicity photos,LOWRES
George Sanders Hangover Square Still (cropped).jpg,https://commons.wikimedia.org/wiki/File:George_Sanders_Hangover_Square_Still_(cropped).jpg,https://upload.wikimedia.org/wikipedia/commons/7/7c/George_Sanders_Hangover_Square_Still_%28cropped%29.jpg,Category:20th Century Fox publicity photos,LOWRES
George Sanders Hangover Square Still.jpg,https://commons.wikimedia.org/wiki/File:George_Sanders_Hangover_Square_Still.jpg,https://upload.wikimedia.org/wikipedia/commons/0/01/George_Sanders_Hangover_Square_Still.jpg,Category:20th Century Fox publicity photos,TRUE
Dan Dailey Charles Winninger Give My Regards to Broadway 1948.JPG,https://commons.wikimedia.org/wiki/File:Dan_Dailey_Charles_Winninger_Give_My_Regards_to_Broadway_1948.JPG,https://upload.wikimedia.org/wikipedia/commons/f/fd/Dan_Dailey_Charles_Winninger_Give_My_Regards_to_Broadway_1948.JPG,Category:20th Century Fox publicity photos,TRUE
Glenn Langan in Margie.JPG,https://commons.wikimedia.org/wiki/File:Glenn_Langan_in_Margie.JPG,https://upload.wikimedia.org/wikipedia/commons/0/02/Glenn_Langan_in_Margie.JPG,Category:20th Century Fox publicity photos,TRUE
Gregory Peck and Susan Hayward David and Bethsheba still.jpg,https://commons.wikimedia.org/wiki/File:Gregory_Peck_and_Susan_Hayward_David_and_Bethsheba_still.jpg,https://upload.wikimedia.org/wikipedia/commons/3/3c/Gregory_Peck_and_Susan_Hayward_David_and_Bethsheba_still.jpg,Category:20th Century Fox publicity photos,LOWRES
Gregory Peck The Gunfighter photo.jpg,https://commons.wikimedia.org/wiki/File:Gregory_Peck_The_Gunfighter_photo.jpg,https://upload.wikimedia.org/wikipedia/commons/9/9c/Gregory_Peck_The_Gunfighter_photo.jpg,Category:20th Century Fox publicity photos,LOWRES
Gregory Peck Twelve O'Clock High still.jpg,https://commons.wikimedia.org/wiki/File:Gregory_Peck_Twelve_O%27Clock_High_still.jpg,https://upload.wikimedia.org/wikipedia/commons/4/44/Gregory_Peck_Twelve_O%27Clock_High_still.jpg,Category:20th Century Fox publicity photos,LOWRES
Harrison and franciscus bpota.jpg,https://commons.wikimedia.org/wiki/File:Harrison_and_franciscus_bpota.jpg,https://upload.wikimedia.org/wikipedia/commons/2/20/Harrison_and_franciscus_bpota.jpg,Category:20th Century Fox publicity photos,TRUE
Heidi promo photo.jpg,https://commons.wikimedia.org/wiki/File:Heidi_promo_photo.jpg,https://upload.wikimedia.org/wikipedia/commons/9/93/Heidi_promo_photo.jpg,Category:20th Century Fox publicity photos,TRUE
Helen Westcott in The Gunfighter.jpg,https://commons.wikimedia.org/wiki/File:Helen_Westcott_in_The_Gunfighter.jpg,https://upload.wikimedia.org/wikipedia/commons/c/ce/Helen_Westcott_in_The_Gunfighter.jpg,Category:20th Century Fox publicity photos,TRUE
Heston and harrison planet of the apes.jpg,https://commons.wikimedia.org/wiki/File:Heston_and_harrison_planet_of_the_apes.jpg,https://upload.wikimedia.org/wikipedia/commons/f/fc/Heston_and_harrison_planet_of_the_apes.jpg,Category:20th Century Fox publicity photos,TRUE
Heston planet of the apes (01).jpg,https://commons.wikimedia.org/wiki/File:Heston_planet_of_the_apes_(01).jpg,https://upload.wikimedia.org/wikipedia/commons/0/08/Heston_planet_of_the_apes_%2801%29.jpg,Category:20th Century Fox publicity photos,TRUE
"Hodiak, Hitchcock & Bankhead Lifeboat Still.jpg","https://commons.wikimedia.org/wiki/File:Hodiak,_Hitchcock_%26_Bankhead_Lifeboat_Still.jpg",https://upload.wikimedia.org/wikipedia/commons/8/85/Hodiak%2C_Hitchcock_%26_Bankhead_Lifeboat_Still.jpg,Category:20th Century Fox publicity photos,TRUE
Hope Lange by Emmett Schoenbaum.jpg,https://commons.wikimedia.org/wiki/File:Hope_Lange_by_Emmett_Schoenbaum.jpg,https://upload.wikimedia.org/wikipedia/commons/d/da/Hope_Lange_by_Emmett_Schoenbaum.jpg,Category:20th Century Fox publicity photos,TRUE
Ann Sothern-HOTEL FOR WOMEN-Promo.jpg,https://commons.wikimedia.org/wiki/File:Ann_Sothern-HOTEL_FOR_WOMEN-Promo.jpg,https://upload.wikimedia.org/wikipedia/commons/a/ae/Ann_Sothern-HOTEL_FOR_WOMEN-Promo.jpg,Category:20th Century Fox publicity photos,LOWRES
How Green Was My Valley 3.jpg,https://commons.wikimedia.org/wiki/File:How_Green_Was_My_Valley_3.jpg,https://upload.wikimedia.org/wikipedia/commons/e/e8/How_Green_Was_My_Valley_3.jpg,Category:20th Century Fox publicity photos,TRUE
Hugh Griffith Audrey Hepburn How to Steal a Million Still.jpg,https://commons.wikimedia.org/wiki/File:Hugh_Griffith_Audrey_Hepburn_How_to_Steal_a_Million_Still.jpg,https://upload.wikimedia.org/wikipedia/commons/4/42/Hugh_Griffith_Audrey_Hepburn_How_to_Steal_a_Million_Still.jpg,Category:20th Century Fox publicity photos,LOWRES
Hugh Marlowe in All About Eve.jpg,https://commons.wikimedia.org/wiki/File:Hugh_Marlowe_in_All_About_Eve.jpg,https://upload.wikimedia.org/wikipedia/commons/6/6a/Hugh_Marlowe_in_All_About_Eve.jpg,Category:20th Century Fox publicity photos,LOWRES
Hw6k-G-zPmI.jpg,https://commons.wikimedia.org/wiki/File:Hw6k-G-zPmI.jpg,https://upload.wikimedia.org/wikipedia/commons/f/f6/Hw6k-G-zPmI.jpg,Category:20th Century Fox publicity photos,TRUE
Ingrid Bergman & Yul Brynner Anastasia.jpg,https://commons.wikimedia.org/wiki/File:Ingrid_Bergman_%26_Yul_Brynner_Anastasia.jpg,https://upload.wikimedia.org/wikipedia/commons/3/30/Ingrid_Bergman_%26_Yul_Brynner_Anastasia.jpg,Category:20th Century Fox publicity photos,2026-08-28
Irina Demich - 1964.jpg,https://commons.wikimedia.org/wiki/File:Irina_Demich_-_1964.jpg,https://upload.wikimedia.org/wikipedia/commons/6/62/Irina_Demich_-_1964.jpg,Category:20th Century Fox publicity photos,TRUE
Jack Palance - 1954 (cropped).jpg,https://commons.wikimedia.org/wiki/File:Jack_Palance_-_1954_(cropped).jpg,https://upload.wikimedia.org/wikipedia/commons/1/1b/Jack_Palance_-_1954_%28cropped%29.jpg,Category:20th Century Fox publicity photos,LOWRES
Jack Palance - 1954.jpg,https://commons.wikimedia.org/wiki/File:Jack_Palance_-_1954.jpg,https://upload.wikimedia.org/wikipedia/commons/b/b9/Jack_Palance_-_1954.jpg,Category:20th Century Fox publicity photos,TRUE
Jackie Gleason - 1966.jpg,https://commons.wikimedia.org/wiki/File:Jackie_Gleason_-_1966.jpg,https://upload.wikimedia.org/wikipedia/commons/f/fd/Jackie_Gleason_-_1966.jpg,Category:20th Century Fox publicity photos,LOWRES
James Mason-Danielle Darrieux in Five Fingers.jpg,https://commons.wikimedia.org/wiki/File:James_Mason-Danielle_Darrieux_in_Five_Fingers.jpg,https://upload.wikimedia.org/wikipedia/commons/9/95/James_Mason-Danielle_Darrieux_in_Five_Fingers.jpg,Category:20th Century Fox publicity photos,TRUE
Jennifer Jones - Publicity (cropped).jpg,https://commons.wikimedia.org/wiki/File:Jennifer_Jones_-_Publicity_(cropped).jpg,https://upload.wikimedia.org/wikipedia/commons/9/94/Jennifer_Jones_-_Publicity_%28cropped%29.jpg,Category:20th Century Fox publicity photos,LOWRES
Jennifer Jones - Publicity.JPG,https://commons.wikimedia.org/wiki/File:Jennifer_Jones_-_Publicity.JPG,https://upload.wikimedia.org/wikipedia/commons/1/1f/Jennifer_Jones_-_Publicity.JPG,Category:20th Century Fox publicity photos,TRUE
"Jennifer Jones, Gregory Peck The Man in the Gray Flannel Suit.jpg","https://commons.wikimedia.org/wiki/File:Jennifer_Jones,_Gregory_Peck_The_Man_in_the_Gray_Flannel_Suit.jpg",https://upload.wikimedia.org/wikipedia/commons/9/96/Jennifer_Jones%2C_Gregory_Peck_The_Man_in_the_Gray_Flannel_Suit.jpg,Category:20th Century Fox publicity photos,LOWRES
"Jill St. John - Tony Rome, 1967.jpg","https://commons.wikimedia.org/wiki/File:Jill_St._John_-_Tony_Rome,_1967.jpg",https://upload.wikimedia.org/wikipedia/commons/f/f1/Jill_St._John_-_Tony_Rome%2C_1967.jpg,Category:20th Century Fox publicity photos,2026-09-23
Joan Collins Gregory Peck The Bravados 1958.jpg,https://commons.wikimedia.org/wiki/File:Joan_Collins_Gregory_Peck_The_Bravados_1958.jpg,https://upload.wikimedia.org/wikipedia/commons/5/5f/Joan_Collins_Gregory_Peck_The_Bravados_1958.jpg,Category:20th Century Fox publicity photos,FALSE
Julie Andrews - portrait.jpg,https://commons.wikimedia.org/wiki/File:Julie_Andrews_-_portrait.jpg,https://upload.wikimedia.org/wikipedia/commons/f/f4/Julie_Andrews_-_portrait.jpg,Category:20th Century Fox publicity photos,TRUE
Ken Scott 1930s.jpg,https://commons.wikimedia.org/wiki/File:Ken_Scott_1930s.jpg,https://upload.wikimedia.org/wikipedia/commons/f/f4/Ken_Scott_1930s.jpg,Category:20th Century Fox publicity photos,LOWRES
Kinema-Junpo-1963-February-Special-5.jpg,https://commons.wikimedia.org/wiki/File:Kinema-Junpo-1963-February-Special-5.jpg,https://upload.wikimedia.org/wikipedia/commons/7/74/Kinema-Junpo-1963-February-Special-5.jpg,Category:20th Century Fox publicity photos,2026-09-23
Lifeboat (1944) 1.jpg,https://commons.wikimedia.org/wiki/File:Lifeboat_(1944)_1.jpg,https://upload.wikimedia.org/wikipedia/commons/6/65/Lifeboat_%281944%29_1.jpg,Category:20th Century Fox publicity photos,TRUE
Lifeboat promo still.jpg,https://commons.wikimedia.org/wiki/File:Lifeboat_promo_still.jpg,https://upload.wikimedia.org/wikipedia/commons/9/93/Lifeboat_promo_still.jpg,Category:20th Century Fox publicity photos,TRUE
Lifeboat Publicity.jpg,https://commons.wikimedia.org/wiki/File:Lifeboat_Publicity.jpg,https://upload.wikimedia.org/wikipedia/commons/8/88/Lifeboat_Publicity.jpg,Category:20th Century Fox publicity photos,TRUE
Linda Darnell - publicity.JPG,https://commons.wikimedia.org/wiki/File:Linda_Darnell_-_publicity.JPG,https://upload.wikimedia.org/wikipedia/commons/4/40/Linda_Darnell_-_publicity.JPG,Category:20th Century Fox publicity photos,TRUE
Paul Newman and Joanne Woodward 1958 - 2.jpg,https://commons.wikimedia.org/wiki/File:Paul_Newman_and_Joanne_Woodward_1958_-_2.jpg,https://upload.wikimedia.org/wikipedia/commons/4/4b/Paul_Newman_and_Joanne_Woodward_1958_-_2.jpg,Category:20th Century Fox publicity photos,LOWRES
Paul Newman and Joanne Woodward 1958.jpg,https://commons.wikimedia.org/wiki/File:Paul_Newman_and_Joanne_Woodward_1958.jpg,https://upload.wikimedia.org/wikipedia/commons/9/96/Paul_Newman_and_Joanne_Woodward_1958.jpg,Category:20th Century Fox publicity photos,2026-09-15
Loretta Young 1937.jpg,https://commons.wikimedia.org/wiki/File:Loretta_Young_1937.jpg,https://upload.wikimedia.org/wikipedia/commons/5/57/Loretta_Young_1937.jpg,Category:20th Century Fox publicity photos,FALSE
Loy-Power-The-Rains-Came.jpg,https://commons.wikimedia.org/wiki/File:Loy-Power-The-Rains-Came.jpg,https://upload.wikimedia.org/wikipedia/commons/9/9b/Loy-Power-The-Rains-Came.jpg,Category:20th Century Fox publicity photos,TRUE
Marilyn Monroe 1953.jpg,https://commons.wikimedia.org/wiki/File:Marilyn_Monroe_1953.jpg,https://upload.wikimedia.org/wikipedia/commons/f/fa/Marilyn_Monroe_1953.jpg,Category:20th Century Fox publicity photos,LOWRES
Marilyn Monroe in Niagara.jpg,https://commons.wikimedia.org/wiki/File:Marilyn_Monroe_in_Niagara.jpg,https://upload.wikimedia.org/wikipedia/commons/9/9c/Marilyn_Monroe_in_Niagara.jpg,Category:20th Century Fox publicity photos,TRUE
Marilyn Monroe Seven Year Itch.jpg,https://commons.wikimedia.org/wiki/File:Marilyn_Monroe_Seven_Year_Itch.jpg,https://upload.wikimedia.org/wikipedia/commons/7/7c/Marilyn_Monroe_Seven_Year_Itch.jpg,Category:20th Century Fox publicity photos,TRUE
"Maura McGiveney 20th Century Fox player, Do Not Disturb 1965.JPG","https://commons.wikimedia.org/wiki/File:Maura_McGiveney_20th_Century_Fox_player,_Do_Not_Disturb_1965.JPG",https://upload.wikimedia.org/wikipedia/commons/4/4a/Maura_McGiveney_20th_Century_Fox_player%2C_Do_Not_Disturb_1965.JPG,Category:20th Century Fox publicity photos,LOWRES
Max Showalter (Casey Adams)-Jean Peters in Niagara.jpg,https://commons.wikimedia.org/wiki/File:Max_Showalter_(Casey_Adams)-Jean_Peters_in_Niagara.jpg,https://upload.wikimedia.org/wikipedia/commons/c/c0/Max_Showalter_%28Casey_Adams%29-Jean_Peters_in_Niagara.jpg,Category:20th Century Fox publicity photos,TRUE
"McGuire, Peck Gentleman's Agreement still.jpg","https://commons.wikimedia.org/wiki/File:McGuire,_Peck_Gentleman%27s_Agreement_still.jpg",https://upload.wikimedia.org/wikipedia/commons/e/e4/McGuire%2C_Peck_Gentleman%27s_Agreement_still.jpg,Category:20th Century Fox publicity photos,TRUE
Mel Brooks High Anxiety still.jpg,https://commons.wikimedia.org/wiki/File:Mel_Brooks_High_Anxiety_still.jpg,https://upload.wikimedia.org/wikipedia/commons/1/1b/Mel_Brooks_High_Anxiety_still.jpg,Category:20th Century Fox publicity photos,TRUE
"Mitzi Gaynor by Gene Kornman, 1954.jpg","https://commons.wikimedia.org/wiki/File:Mitzi_Gaynor_by_Gene_Kornman,_1954.jpg",https://upload.wikimedia.org/wikipedia/commons/f/f3/Mitzi_Gaynor_by_Gene_Kornman%2C_1954.jpg,Category:20th Century Fox publicity photos,LOWRES
Monroe 1953 publicity (cropped).jpg,https://commons.wikimedia.org/wiki/File:Monroe_1953_publicity_(cropped).jpg,https://upload.wikimedia.org/wikipedia/commons/e/e3/Monroe_1953_publicity_%28cropped%29.jpg,Category:20th Century Fox publicity photos,2026-09-11
Monroe 1953 publicity.jpg,https://commons.wikimedia.org/wiki/File:Monroe_1953_publicity.jpg,https://upload.wikimedia.org/wikipedia/commons/3/3b/Monroe_1953_publicity.jpg,Category:20th Century Fox publicity photos,2026-09-21
Monroe and Widmark in Don't Bother to Knock.jpg,https://commons.wikimedia.org/wiki/File:Monroe_and_Widmark_in_Don%27t_Bother_to_Knock.jpg,https://upload.wikimedia.org/wikipedia/commons/4/44/Monroe_and_Widmark_in_Don%27t_Bother_to_Knock.jpg,Category:20th Century Fox publicity photos,FALSE
Monroe in Don't Bother to Knock (1952).jpg,https://commons.wikimedia.org/wiki/File:Monroe_in_Don%27t_Bother_to_Knock_(1952).jpg,https://upload.wikimedia.org/wikipedia/commons/d/d0/Monroe_in_Don%27t_Bother_to_Knock_%281952%29.jpg,Category:20th Century Fox publicity photos,LOWRES
Monroe in Niagara (1953 publicity photo).jpg,https://commons.wikimedia.org/wiki/File:Monroe_in_Niagara_(1953_publicity_photo).jpg,https://upload.wikimedia.org/wikipedia/commons/e/ec/Monroe_in_Niagara_%281953_publicity_photo%29.jpg,Category:20th Century Fox publicity photos,LOWRES
ClaireTrevor-NavyWife-1935.jpg,https://commons.wikimedia.org/wiki/File:ClaireTrevor-NavyWife-1935.jpg,https://upload.wikimedia.org/wikipedia/commons/4/41/ClaireTrevor-NavyWife-1935.jpg,Category:20th Century Fox publicity photos,TRUE
Norman Rockwell and Mike Connors (1966 Stagecoach film still).jpg,https://commons.wikimedia.org/wiki/File:Norman_Rockwell_and_Mike_Connors_(1966_Stagecoach_film_still).jpg,https://upload.wikimedia.org/wikipedia/commons/6/65/Norman_Rockwell_and_Mike_Connors_%281966_Stagecoach_film_still%29.jpg,Category:20th Century Fox publicity photos,LOWRES
Nova death in beneath the planet of the apes (cropped1).jpg,https://commons.wikimedia.org/wiki/File:Nova_death_in_beneath_the_planet_of_the_apes_(cropped1).jpg,https://upload.wikimedia.org/wikipedia/commons/5/50/Nova_death_in_beneath_the_planet_of_the_apes_%28cropped1%29.jpg,Category:20th Century Fox publicity photos,TRUE
Nova death in beneath the planet of the apes.jpg,https://commons.wikimedia.org/wiki/File:Nova_death_in_beneath_the_planet_of_the_apes.jpg,https://upload.wikimedia.org/wikipedia/commons/5/56/Nova_death_in_beneath_the_planet_of_the_apes.jpg,Category:20th Century Fox publicity photos,TRUE
Orson Welles - 1960.jpg,https://commons.wikimedia.org/wiki/File:Orson_Welles_-_1960.jpg,https://upload.wikimedia.org/wikipedia/commons/6/66/Orson_Welles_-_1960.jpg,Category:20th Century Fox publicity photos,LOWRES
Orson Welles - The Long Hot Summer (1958) - cropped.JPG,https://commons.wikimedia.org/wiki/File:Orson_Welles_-_The_Long_Hot_Summer_(1958)_-_cropped.JPG,https://upload.wikimedia.org/wikipedia/commons/8/88/Orson_Welles_-_The_Long_Hot_Summer_%281958%29_-_cropped.JPG,Category:20th Century Fox publicity photos,LOWRES
Orson Welles - The Long Hot Summer (1958).jpg,https://commons.wikimedia.org/wiki/File:Orson_Welles_-_The_Long_Hot_Summer_(1958).jpg,https://upload.wikimedia.org/wikipedia/commons/b/ba/Orson_Welles_-_The_Long_Hot_Summer_%281958%29.jpg,Category:20th Century Fox publicity photos,LOWRES
Paddy-O'Day-Cansino-Withers.jpg,https://commons.wikimedia.org/wiki/File:Paddy-O%27Day-Cansino-Withers.jpg,https://upload.wikimedia.org/wikipedia/commons/5/55/Paddy-O%27Day-Cansino-Withers.jpg,Category:20th Century Fox publicity photos,TRUE
"Patty Duke, Valley of the Dolls (1967).jpg","https://commons.wikimedia.org/wiki/File:Patty_Duke,_Valley_of_the_Dolls_(1967).jpg",https://upload.wikimedia.org/wikipedia/commons/0/04/Patty_Duke%2C_Valley_of_the_Dolls_%281967%29.jpg,Category:20th Century Fox publicity photos,2026-09-15
Peck Omen 1976.jpg,https://commons.wikimedia.org/wiki/File:Peck_Omen_1976.jpg,https://upload.wikimedia.org/wikipedia/commons/b/bf/Peck_Omen_1976.jpg,Category:20th Century Fox publicity photos,TRUE
Peck Publicity Photo 1944.jpg,https://commons.wikimedia.org/wiki/File:Peck_Publicity_Photo_1944.jpg,https://upload.wikimedia.org/wikipedia/commons/8/88/Peck_Publicity_Photo_1944.jpg,Category:20th Century Fox publicity photos,LOWRES
Peck Westcott The Gunfighter.jpg,https://commons.wikimedia.org/wiki/File:Peck_Westcott_The_Gunfighter.jpg,https://upload.wikimedia.org/wikipedia/commons/a/a9/Peck_Westcott_The_Gunfighter.jpg,Category:20th Century Fox publicity photos,TRUE
Peck Whitelaw The Omen press still.jpg,https://commons.wikimedia.org/wiki/File:Peck_Whitelaw_The_Omen_press_still.jpg,https://upload.wikimedia.org/wikipedia/commons/9/9e/Peck_Whitelaw_The_Omen_press_still.jpg,Category:20th Century Fox publicity photos,2026-09-12
Peck Yellow Sky Still Photo 1948.jpg,https://commons.wikimedia.org/wiki/File:Peck_Yellow_Sky_Still_Photo_1948.jpg,https://upload.wikimedia.org/wikipedia/commons/1/17/Peck_Yellow_Sky_Still_Photo_1948.jpg,Category:20th Century Fox publicity photos,TRUE
"Peck, Malden, Homeier The Gunfighter.jpg","https://commons.wikimedia.org/wiki/File:Peck,_Malden,_Homeier_The_Gunfighter.jpg",https://upload.wikimedia.org/wikipedia/commons/8/82/Peck%2C_Malden%2C_Homeier_The_Gunfighter.jpg,Category:20th Century Fox publicity photos,LOWRES
Piper Laurie 1961.jpg,https://commons.wikimedia.org/wiki/File:Piper_Laurie_1961.jpg,https://upload.wikimedia.org/wikipedia/commons/0/03/Piper_Laurie_1961.jpg,Category:20th Century Fox publicity photos,LOWRES
Press photo of Shirley Temple and Bill Robinson in The Littlest Rebel (front) (cropped).jpg,https://commons.wikimedia.org/wiki/File:Press_photo_of_Shirley_Temple_and_Bill_Robinson_in_The_Littlest_Rebel_(front)_(cropped).jpg,https://upload.wikimedia.org/wikipedia/commons/2/27/Press_photo_of_Shirley_Temple_and_Bill_Robinson_in_The_Littlest_Rebel_%28front%29_%28cropped%29.jpg,Category:20th Century Fox publicity photos,LOWRES
Press photo of Shirley Temple and Bill Robinson in The Littlest Rebel (front).jpg,https://commons.wikimedia.org/wiki/File:Press_photo_of_Shirley_Temple_and_Bill_Robinson_in_The_Littlest_Rebel_(front).jpg,https://upload.wikimedia.org/wikipedia/commons/9/90/Press_photo_of_Shirley_Temple_and_Bill_Robinson_in_The_Littlest_Rebel_%28front%29.jpg,Category:20th Century Fox publicity photos,TRUE
Publicity photo of James Dunn in A Tree Grows in Brooklyn - front view (cropped).jpg,https://commons.wikimedia.org/wiki/File:Publicity_photo_of_James_Dunn_in_A_Tree_Grows_in_Brooklyn_-_front_view_(cropped).jpg,https://upload.wikimedia.org/wikipedia/commons/4/4f/Publicity_photo_of_James_Dunn_in_A_Tree_Grows_in_Brooklyn_-_front_view_%28cropped%29.jpg,Category:20th Century Fox publicity photos,TRUE
Publicity photo of James Dunn in A Tree Grows in Brooklyn - front view.jpg,https://commons.wikimedia.org/wiki/File:Publicity_photo_of_James_Dunn_in_A_Tree_Grows_in_Brooklyn_-_front_view.jpg,https://upload.wikimedia.org/wikipedia/commons/0/0b/Publicity_photo_of_James_Dunn_in_A_Tree_Grows_in_Brooklyn_-_front_view.jpg,Category:20th Century Fox publicity photos,FALSE
Rains-Came-Loy-Brent.jpg,https://commons.wikimedia.org/wiki/File:Rains-Came-Loy-Brent.jpg,https://upload.wikimedia.org/wikipedia/commons/3/35/Rains-Came-Loy-Brent.jpg,Category:20th Century Fox publicity photos,TRUE
Rains-Came-Loy-Power.jpg,https://commons.wikimedia.org/wiki/File:Rains-Came-Loy-Power.jpg,https://upload.wikimedia.org/wikipedia/commons/c/cd/Rains-Came-Loy-Power.jpg,Category:20th Century Fox publicity photos,TRUE
Razor's Edge Tyrone Power 1946.jpg,https://commons.wikimedia.org/wiki/File:Razor%27s_Edge_Tyrone_Power_1946.jpg,https://upload.wikimedia.org/wikipedia/commons/0/0b/Razor%27s_Edge_Tyrone_Power_1946.jpg,Category:20th Century Fox publicity photos,LOWRES
Reprodução fotográfica de Carmen Miranda no filme Serenata Tropical 1.jpg,https://commons.wikimedia.org/wiki/File:Reprodu%C3%A7%C3%A3o_fotogr%C3%A1fica_de_Carmen_Miranda_no_filme_Serenata_Tropical_1.jpg,https://upload.wikimedia.org/wikipedia/commons/d/d3/Reprodu%C3%A7%C3%A3o_fotogr%C3%A1fica_de_Carmen_Miranda_no_filme_Serenata_Tropical_1.jpg,Category:20th Century Fox publicity photos,TRUE
Richard Derr.jpg,https://commons.wikimedia.org/wiki/File:Richard_Derr.jpg,https://upload.wikimedia.org/wikipedia/commons/1/15/Richard_Derr.jpg,Category:20th Century Fox publicity photos,TRUE
Richard Devon in The Comancheros.jpg,https://commons.wikimedia.org/wiki/File:Richard_Devon_in_The_Comancheros.jpg,https://upload.wikimedia.org/wikipedia/commons/c/c0/Richard_Devon_in_The_Comancheros.jpg,Category:20th Century Fox publicity photos,TRUE
Richard Haydn 1945.jpg,https://commons.wikimedia.org/wiki/File:Richard_Haydn_1945.jpg,https://upload.wikimedia.org/wikipedia/commons/f/f8/Richard_Haydn_1945.jpg,Category:20th Century Fox publicity photos,LOWRES
Rita Hayworth Blood and Sand.jpg,https://commons.wikimedia.org/wiki/File:Rita_Hayworth_Blood_and_Sand.jpg,https://upload.wikimedia.org/wikipedia/commons/e/ef/Rita_Hayworth_Blood_and_Sand.jpg,Category:20th Century Fox publicity photos,TRUE
Robert Lowery in Charlie Chan's Murder Cruise.jpg,https://commons.wikimedia.org/wiki/File:Robert_Lowery_in_Charlie_Chan%27s_Murder_Cruise.jpg,https://upload.wikimedia.org/wikipedia/commons/d/d5/Robert_Lowery_in_Charlie_Chan%27s_Murder_Cruise.jpg,Category:20th Century Fox publicity photos,TRUE
Robert Lowery-Dorris Bowdon in Drums Along the Mohawk.jpg,https://commons.wikimedia.org/wiki/File:Robert_Lowery-Dorris_Bowdon_in_Drums_Along_the_Mohawk.jpg,https://upload.wikimedia.org/wikipedia/commons/e/e2/Robert_Lowery-Dorris_Bowdon_in_Drums_Along_the_Mohawk.jpg,Category:20th Century Fox publicity photos,TRUE
"The Roots of Heaven publicity photo, Edric Connor (cropped).jpg","https://commons.wikimedia.org/wiki/File:The_Roots_of_Heaven_publicity_photo,_Edric_Connor_(cropped).jpg",https://upload.wikimedia.org/wikipedia/commons/3/38/The_Roots_of_Heaven_publicity_photo%2C_Edric_Connor_%28cropped%29.jpg,Category:20th Century Fox publicity photos,TRUE
"The Roots of Heaven publicity photo, Edric Connor.jpg","https://commons.wikimedia.org/wiki/File:The_Roots_of_Heaven_publicity_photo,_Edric_Connor.jpg",https://upload.wikimedia.org/wikipedia/commons/9/9c/The_Roots_of_Heaven_publicity_photo%2C_Edric_Connor.jpg,Category:20th Century Fox publicity photos,TRUE
"Rory Calhoun by Gene Kornman, 1953.jpg","https://commons.wikimedia.org/wiki/File:Rory_Calhoun_by_Gene_Kornman,_1953.jpg",https://upload.wikimedia.org/wikipedia/commons/1/18/Rory_Calhoun_by_Gene_Kornman%2C_1953.jpg,Category:20th Century Fox publicity photos,2026-09-11
Roscoe Ates Chad Hanna 1940.jpg,https://commons.wikimedia.org/wiki/File:Roscoe_Ates_Chad_Hanna_1940.jpg,https://upload.wikimedia.org/wikipedia/commons/b/b5/Roscoe_Ates_Chad_Hanna_1940.jpg,Category:20th Century Fox publicity photos,TRUE
Rose Stradner & Gregory Peck The Keys of the Kingdom Still.jpg,https://commons.wikimedia.org/wiki/File:Rose_Stradner_%26_Gregory_Peck_The_Keys_of_the_Kingdom_Still.jpg,https://upload.wikimedia.org/wikipedia/commons/1/19/Rose_Stradner_%26_Gregory_Peck_The_Keys_of_the_Kingdom_Still.jpg,Category:20th Century Fox publicity photos,TRUE
Sam Jaffe The Day the Earth Stood Still photo.jpg,https://commons.wikimedia.org/wiki/File:Sam_Jaffe_The_Day_the_Earth_Stood_Still_photo.jpg,https://upload.wikimedia.org/wikipedia/commons/b/ba/Sam_Jaffe_The_Day_the_Earth_Stood_Still_photo.jpg,Category:20th Century Fox publicity photos,TRUE
Jacqueline Bisset - 1969.jpg,https://commons.wikimedia.org/wiki/File:Jacqueline_Bisset_-_1969.jpg,https://upload.wikimedia.org/wikipedia/commons/3/3d/Jacqueline_Bisset_-_1969.jpg,Category:20th Century Fox publicity photos,LOWRES
Sharon Tate Valley of the Dolls 1967 - Restoration.jpg,https://commons.wikimedia.org/wiki/File:Sharon_Tate_Valley_of_the_Dolls_1967_-_Restoration.jpg,https://upload.wikimedia.org/wikipedia/commons/c/c1/Sharon_Tate_Valley_of_the_Dolls_1967_-_Restoration.jpg,Category:20th Century Fox publicity photos,2026-09-23
Sharon Tate Valley of the Dolls 1967.jpg,https://commons.wikimedia.org/wiki/File:Sharon_Tate_Valley_of_the_Dolls_1967.jpg,https://upload.wikimedia.org/wikipedia/commons/6/6c/Sharon_Tate_Valley_of_the_Dolls_1967.jpg,Category:20th Century Fox publicity photos,2026-09-11
Carole Mathews-Charles Bronson in Showdown at Boothill.jpg,https://commons.wikimedia.org/wiki/File:Carole_Mathews-Charles_Bronson_in_Showdown_at_Boothill.jpg,https://upload.wikimedia.org/wikipedia/commons/a/a9/Carole_Mathews-Charles_Bronson_in_Showdown_at_Boothill.jpg,Category:20th Century Fox publicity photos,TRUE
Simone Simon.JPG,https://commons.wikimedia.org/wiki/File:Simone_Simon.JPG,https://upload.wikimedia.org/wikipedia/commons/d/df/Simone_Simon.JPG,Category:20th Century Fox publicity photos,TRUE
Claire Trevor Paul Kelly Michael Whalen Song and Dance Man 1936.jpg,https://commons.wikimedia.org/wiki/File:Claire_Trevor_Paul_Kelly_Michael_Whalen_Song_and_Dance_Man_1936.jpg,https://upload.wikimedia.org/wikipedia/commons/3/38/Claire_Trevor_Paul_Kelly_Michael_Whalen_Song_and_Dance_Man_1936.jpg,Category:20th Century Fox publicity photos,TRUE
Song and Dance Man Claire Trevor Michael Whalen 1936.jpg,https://commons.wikimedia.org/wiki/File:Song_and_Dance_Man_Claire_Trevor_Michael_Whalen_1936.jpg,https://upload.wikimedia.org/wikipedia/commons/7/7f/Song_and_Dance_Man_Claire_Trevor_Michael_Whalen_1936.jpg,Category:20th Century Fox publicity photos,LOWRES
"Carmen Miranda com o Bando da Lua, Los Angeles 1942.jpg","https://commons.wikimedia.org/wiki/File:Carmen_Miranda_com_o_Bando_da_Lua,_Los_Angeles_1942.jpg",https://upload.wikimedia.org/wikipedia/commons/c/c2/Carmen_Miranda_com_o_Bando_da_Lua%2C_Los_Angeles_1942.jpg,Category:20th Century Fox publicity photos,FALSE
Streisand - Dolly signed.jpg,https://commons.wikimedia.org/wiki/File:Streisand_-_Dolly_signed.jpg,https://upload.wikimedia.org/wikipedia/commons/f/f5/Streisand_-_Dolly_signed.jpg,Category:20th Century Fox publicity photos,FALSE
Studio publicity Mitzi Gaynor.jpg,https://commons.wikimedia.org/wiki/File:Studio_publicity_Mitzi_Gaynor.jpg,https://upload.wikimedia.org/wikipedia/commons/8/81/Studio_publicity_Mitzi_Gaynor.jpg,Category:20th Century Fox publicity photos,TRUE
Sue Lyon Tony Rome 1967 (cropped).jpg,https://commons.wikimedia.org/wiki/File:Sue_Lyon_Tony_Rome_1967_(cropped).jpg,https://upload.wikimedia.org/wikipedia/commons/a/aa/Sue_Lyon_Tony_Rome_1967_%28cropped%29.jpg,Category:20th Century Fox publicity photos,LOWRES
Sue Lyon Tony Rome 1967.jpg,https://commons.wikimedia.org/wiki/File:Sue_Lyon_Tony_Rome_1967.jpg,https://upload.wikimedia.org/wikipedia/commons/3/38/Sue_Lyon_Tony_Rome_1967.jpg,Category:20th Century Fox publicity photos,2026-09-23
Taylor and Burton Cleopatra.jpg,https://commons.wikimedia.org/wiki/File:Taylor_and_Burton_Cleopatra.jpg,https://upload.wikimedia.org/wikipedia/commons/1/18/Taylor_and_Burton_Cleopatra.jpg,Category:20th Century Fox publicity photos,TRUE
"The Blue Bird press photograph, front (cropped).jpg","https://commons.wikimedia.org/wiki/File:The_Blue_Bird_press_photograph,_front_(cropped).jpg",https://upload.wikimedia.org/wikipedia/commons/4/41/The_Blue_Bird_press_photograph%2C_front_%28cropped%29.jpg,Category:20th Century Fox publicity photos,TRUE
"The Blue Bird press photograph, front.jpg","https://commons.wikimedia.org/wiki/File:The_Blue_Bird_press_photograph,_front.jpg",https://upload.wikimedia.org/wikipedia/commons/3/3c/The_Blue_Bird_press_photograph%2C_front.jpg,Category:20th Century Fox publicity photos,2026-09-16
The Keys of the Kingdom (1944) Press Photo of Benson Fong and Gregory Peck.jpg,https://commons.wikimedia.org/wiki/File:The_Keys_of_the_Kingdom_(1944)_Press_Photo_of_Benson_Fong_and_Gregory_Peck.jpg,https://upload.wikimedia.org/wikipedia/commons/c/c7/The_Keys_of_the_Kingdom_%281944%29_Press_Photo_of_Benson_Fong_and_Gregory_Peck.jpg,Category:20th Century Fox publicity photos,LOWRES
The Little Princess 1939.jpg,https://commons.wikimedia.org/wiki/File:The_Little_Princess_1939.jpg,https://upload.wikimedia.org/wikipedia/commons/6/63/The_Little_Princess_1939.jpg,Category:20th Century Fox publicity photos,TRUE
Thelma Ritter - All About Eve.jpg,https://commons.wikimedia.org/wiki/File:Thelma_Ritter_-_All_About_Eve.jpg,https://upload.wikimedia.org/wikipedia/commons/4/46/Thelma_Ritter_-_All_About_Eve.jpg,Category:20th Century Fox publicity photos,TRUE
"Thomas Mitchell, Gregory Peck, Rose Stradner, Benson Fong The Keys of the Kingdom still.jpg","https://commons.wikimedia.org/wiki/File:Thomas_Mitchell,_Gregory_Peck,_Rose_Stradner,_Benson_Fong_The_Keys_of_the_Kingdom_still.jpg",https://upload.wikimedia.org/wikipedia/commons/2/29/Thomas_Mitchell%2C_Gregory_Peck%2C_Rose_Stradner%2C_Benson_Fong_The_Keys_of_the_Kingdom_still.jpg,Category:20th Century Fox publicity photos,TRUE
3camehome.jpg,https://commons.wikimedia.org/wiki/File:3camehome.jpg,https://upload.wikimedia.org/wikipedia/commons/2/2d/3camehome.jpg,Category:20th Century Fox publicity photos,TRUE
Claudette Colbert-Patric Knowles in Three Came Home (cropped).jpg,https://commons.wikimedia.org/wiki/File:Claudette_Colbert-Patric_Knowles_in_Three_Came_Home_(cropped).jpg,https://upload.wikimedia.org/wikipedia/commons/f/f6/Claudette_Colbert-Patric_Knowles_in_Three_Came_Home_%28cropped%29.jpg,Category:20th Century Fox publicity photos,LOWRES
Claudette Colbert-Patric Knowles in Three Came Home.jpg,https://commons.wikimedia.org/wiki/File:Claudette_Colbert-Patric_Knowles_in_Three_Came_Home.jpg,https://upload.wikimedia.org/wikipedia/commons/1/1b/Claudette_Colbert-Patric_Knowles_in_Three_Came_Home.jpg,Category:20th Century Fox publicity photos,TRUE
Patric Knowles in Three Came Home.jpg,https://commons.wikimedia.org/wiki/File:Patric_Knowles_in_Three_Came_Home.jpg,https://upload.wikimedia.org/wikipedia/commons/4/44/Patric_Knowles_in_Three_Came_Home.jpg,Category:20th Century Fox publicity photos,TRUE
Torin Thatcher in The Robe.jpg,https://commons.wikimedia.org/wiki/File:Torin_Thatcher_in_The_Robe.jpg,https://upload.wikimedia.org/wikipedia/commons/7/77/Torin_Thatcher_in_The_Robe.jpg,Category:20th Century Fox publicity photos,LOWRES
Tracy Hepburn Desk Set.jpg,https://commons.wikimedia.org/wiki/File:Tracy_Hepburn_Desk_Set.jpg,https://upload.wikimedia.org/wikipedia/commons/f/fc/Tracy_Hepburn_Desk_Set.jpg,Category:20th Century Fox publicity photos,LOWRES
"Trudy Marshall 20th Century Fox player, Sentimental Journey 1946 (cropped).jpg","https://commons.wikimedia.org/wiki/File:Trudy_Marshall_20th_Century_Fox_player,_Sentimental_Journey_1946_(cropped).jpg",https://upload.wikimedia.org/wikipedia/commons/c/c7/Trudy_Marshall_20th_Century_Fox_player%2C_Sentimental_Journey_1946_%28cropped%29.jpg,Category:20th Century Fox publicity photos,2026-09-21
"Trudy Marshall 20th Century Fox player, Sentimental Journey 1946.jpg","https://commons.wikimedia.org/wiki/File:Trudy_Marshall_20th_Century_Fox_player,_Sentimental_Journey_1946.jpg",https://upload.wikimedia.org/wikipedia/commons/c/c3/Trudy_Marshall_20th_Century_Fox_player%2C_Sentimental_Journey_1946.jpg,Category:20th Century Fox publicity photos,FALSE
Audrey Hepburn & Albert Finney Two for the Road Still.jpg,https://commons.wikimedia.org/wiki/File:Audrey_Hepburn_%26_Albert_Finney_Two_for_the_Road_Still.jpg,https://upload.wikimedia.org/wikipedia/commons/7/71/Audrey_Hepburn_%26_Albert_Finney_Two_for_the_Road_Still.jpg,Category:20th Century Fox publicity photos,TRUE
Tyrone Power - still.jpg,https://commons.wikimedia.org/wiki/File:Tyrone_Power_-_still.jpg,https://upload.wikimedia.org/wikipedia/commons/7/73/Tyrone_Power_-_still.jpg,Category:20th Century Fox publicity photos,TRUE
"Tyrone Power and Rita Hayworth in Blood and Sand, 1941.jpg","https://commons.wikimedia.org/wiki/File:Tyrone_Power_and_Rita_Hayworth_in_Blood_and_Sand,_1941.jpg",https://upload.wikimedia.org/wikipedia/commons/4/41/Tyrone_Power_and_Rita_Hayworth_in_Blood_and_Sand%2C_1941.jpg,Category:20th Century Fox publicity photos,2026-09-10
"Una Merkel by Gene Kornman, 1934.jpg","https://commons.wikimedia.org/wiki/File:Una_Merkel_by_Gene_Kornman,_1934.jpg",https://upload.wikimedia.org/wikipedia/commons/5/5d/Una_Merkel_by_Gene_Kornman%2C_1934.jpg,Category:20th Century Fox publicity photos,2026-09-19
Valley of the Dolls (1967) still 1.jpg,https://commons.wikimedia.org/wiki/File:Valley_of_the_Dolls_(1967)_still_1.jpg,https://upload.wikimedia.org/wikipedia/commons/5/5c/Valley_of_the_Dolls_%281967%29_still_1.jpg,Category:20th Century Fox publicity photos,LOWRES
Valley of the Dolls Patty Duke.jpg,https://commons.wikimedia.org/wiki/File:Valley_of_the_Dolls_Patty_Duke.jpg,https://upload.wikimedia.org/wikipedia/commons/e/ea/Valley_of_the_Dolls_Patty_Duke.jpg,Category:20th Century Fox publicity photos,TRUE
Vivien Leigh - Anna Karenina.jpg,https://commons.wikimedia.org/wiki/File:Vivien_Leigh_-_Anna_Karenina.jpg,https://upload.wikimedia.org/wikipedia/commons/d/dc/Vivien_Leigh_-_Anna_Karenina.jpg,Category:20th Century Fox publicity photos,TRUE
White Witch Doctor (1953) still 1.jpg,https://commons.wikimedia.org/wiki/File:White_Witch_Doctor_(1953)_still_1.jpg,https://upload.wikimedia.org/wikipedia/commons/e/ed/White_Witch_Doctor_%281953%29_still_1.jpg,Category:20th Century Fox publicity photos,LOWRES
Yul Brynner and Ingrid Bergman in Anastasia.jpg,https://commons.wikimedia.org/wiki/File:Yul_Brynner_and_Ingrid_Bergman_in_Anastasia.jpg,https://upload.wikimedia.org/wikipedia/commons/4/44/Yul_Brynner_and_Ingrid_Bergman_in_Anastasia.jpg,Category:20th Century Fox publicity photos,LOWRES
Acquanetta Studio Portrait Photograph 1944 Universal Pictures Jungle Woman by Ray Jones.jpg,https://commons.wikimedia.org/wiki/File:Acquanetta_Studio_Portrait_Photograph_1944_Universal_Pictures_Jungle_Woman_by_Ray_Jones.jpg,https://upload.wikimedia.org/wikipedia/commons/8/8a/Acquanetta_Studio_Portrait_Photograph_1944_Universal_Pictures_Jungle_Woman_by_Ray_Jones.jpg,Category:Universal Pictures publicity photos,FALSE
Actress Miss Aquamarine (SAYRE 2927).jpg,https://commons.wikimedia.org/wiki/File:Actress_Miss_Aquamarine_(SAYRE_2927).jpg,https://upload.wikimedia.org/wikipedia/commons/d/db/Actress_Miss_Aquamarine_%28SAYRE_2927%29.jpg,Category:Universal Pictures publicity photos,FALSE
Peg O' the Ring.jpg,https://commons.wikimedia.org/wiki/File:Peg_O%27_the_Ring.jpg,https://upload.wikimedia.org/wikipedia/commons/c/c9/Peg_O%27_the_Ring.jpg,Category:Universal Pictures publicity photos,LOWRES
Maureen O'Hara and Errol Flynn.jpg,https://commons.wikimedia.org/wiki/File:Maureen_O%27Hara_and_Errol_Flynn.jpg,https://upload.wikimedia.org/wikipedia/commons/f/f6/Maureen_O%27Hara_and_Errol_Flynn.jpg,Category:Universal Pictures publicity photos,LOWRES
The Air Patrol (1928) - 1.jpg,https://commons.wikimedia.org/wiki/File:The_Air_Patrol_(1928)_-_1.jpg,https://upload.wikimedia.org/wikipedia/commons/4/4d/The_Air_Patrol_%281928%29_-_1.jpg,Category:Universal Pictures publicity photos,LOWRES
The Air Patrol (1928) - 2.jpg,https://commons.wikimedia.org/wiki/File:The_Air_Patrol_(1928)_-_2.jpg,https://upload.wikimedia.org/wikipedia/commons/5/5f/The_Air_Patrol_%281928%29_-_2.jpg,Category:Universal Pictures publicity photos,TRUE
"Ned Sparks, Ralph Graves, June Marlowe, Jean Hersholt, and Tom Kennedy in Alias the Deacon.jpg","https://commons.wikimedia.org/wiki/File:Ned_Sparks,_Ralph_Graves,_June_Marlowe,_Jean_Hersholt,_and_Tom_Kennedy_in_Alias_the_Deacon.jpg",https://upload.wikimedia.org/wikipedia/commons/8/8d/Ned_Sparks%2C_Ralph_Graves%2C_June_Marlowe%2C_Jean_Hersholt%2C_and_Tom_Kennedy_in_Alias_the_Deacon.jpg,Category:Universal Pictures publicity photos,TRUE
All My Sons (1948) 1.jpg,https://commons.wikimedia.org/wiki/File:All_My_Sons_(1948)_1.jpg,https://upload.wikimedia.org/wikipedia/commons/8/87/All_My_Sons_%281948%29_1.jpg,Category:Universal Pictures publicity photos,TRUE
Rudolph Valentino and Carmel Myers in All Night.jpg,https://commons.wikimedia.org/wiki/File:Rudolph_Valentino_and_Carmel_Myers_in_All_Night.jpg,https://upload.wikimedia.org/wikipedia/commons/c/ce/Rudolph_Valentino_and_Carmel_Myers_in_All_Night.jpg,Category:Universal Pictures publicity photos,TRUE
"All Night, Photoplay, Jan. 1919.jpg","https://commons.wikimedia.org/wiki/File:All_Night,_Photoplay,_Jan._1919.jpg",https://upload.wikimedia.org/wikipedia/commons/d/d4/All_Night%2C_Photoplay%2C_Jan._1919.jpg,Category:Universal Pictures publicity photos,TRUE
Lew Ayres and Louis Wolheim in All Quiet on the Western Front.jpg,https://commons.wikimedia.org/wiki/File:Lew_Ayres_and_Louis_Wolheim_in_All_Quiet_on_the_Western_Front.jpg,https://upload.wikimedia.org/wikipedia/commons/5/50/Lew_Ayres_and_Louis_Wolheim_in_All_Quiet_on_the_Western_Front.jpg,Category:Universal Pictures publicity photos,TRUE
All That Heaven Allows publicity still.jpg,https://commons.wikimedia.org/wiki/File:All_That_Heaven_Allows_publicity_still.jpg,https://upload.wikimedia.org/wikipedia/commons/2/27/All_That_Heaven_Allows_publicity_still.jpg,Category:Universal Pictures publicity photos,TRUE
Dagmar Godowsky and Frank Mayo in The Altar Stairs.jpg,https://commons.wikimedia.org/wiki/File:Dagmar_Godowsky_and_Frank_Mayo_in_The_Altar_Stairs.jpg,https://upload.wikimedia.org/wikipedia/commons/e/ec/Dagmar_Godowsky_and_Frank_Mayo_in_The_Altar_Stairs.jpg,Category:Universal Pictures publicity photos,TRUE
Mary MacLaren and Frank Mayo in The Amazing Wife.jpg,https://commons.wikimedia.org/wiki/File:Mary_MacLaren_and_Frank_Mayo_in_The_Amazing_Wife.jpg,https://upload.wikimedia.org/wikipedia/commons/5/59/Mary_MacLaren_and_Frank_Mayo_in_The_Amazing_Wife.jpg,Category:Universal Pictures publicity photos,TRUE
The Amazing Wife (1919) - 1.jpg,https://commons.wikimedia.org/wiki/File:The_Amazing_Wife_(1919)_-_1.jpg,https://upload.wikimedia.org/wikipedia/commons/b/b1/The_Amazing_Wife_%281919%29_-_1.jpg,Category:Universal Pictures publicity photos,TRUE
Herbert Rawlinson and Una Trevelyn in Another Man's Shoes.jpg,https://commons.wikimedia.org/wiki/File:Herbert_Rawlinson_and_Una_Trevelyn_in_Another_Man%27s_Shoes.jpg,https://upload.wikimedia.org/wikipedia/commons/e/e4/Herbert_Rawlinson_and_Una_Trevelyn_in_Another_Man%27s_Shoes.jpg,Category:Universal Pictures publicity photos,TRUE
Renée Adorée and Mitchell Lewis in Back to God's Country.jpg,https://commons.wikimedia.org/wiki/File:Ren%C3%A9e_Ador%C3%A9e_and_Mitchell_Lewis_in_Back_to_God%27s_Country.jpg,https://upload.wikimedia.org/wikipedia/commons/1/13/Ren%C3%A9e_Ador%C3%A9e_and_Mitchell_Lewis_in_Back_to_God%27s_Country.jpg,Category:Universal Pictures publicity photos,TRUE
Back-Street-Boles-Dunne.jpg,https://commons.wikimedia.org/wiki/File:Back-Street-Boles-Dunne.jpg,https://upload.wikimedia.org/wikipedia/commons/0/03/Back-Street-Boles-Dunne.jpg,Category:Universal Pictures publicity photos,TRUE
Bette davis bad sister.jpg,https://commons.wikimedia.org/wiki/File:Bette_davis_bad_sister.jpg,https://upload.wikimedia.org/wikipedia/commons/c/c2/Bette_davis_bad_sister.jpg,Category:Universal Pictures publicity photos,TRUE
Baker Peck Mirage Still Photo 1965.jpg,https://commons.wikimedia.org/wiki/File:Baker_Peck_Mirage_Still_Photo_1965.jpg,https://upload.wikimedia.org/wikipedia/commons/6/6b/Baker_Peck_Mirage_Still_Photo_1965.jpg,Category:Universal Pictures publicity photos,TRUE
"Bela Lugosi as Dracula, anonymous photograph from 1931, Universal Studios.jpg","https://commons.wikimedia.org/wiki/File:Bela_Lugosi_as_Dracula,_anonymous_photograph_from_1931,_Universal_Studios.jpg",https://upload.wikimedia.org/wikipedia/commons/9/90/Bela_Lugosi_as_Dracula%2C_anonymous_photograph_from_1931%2C_Universal_Studios.jpg,Category:Universal Pictures publicity photos,TRUE
The Belle and the Bell Hop.jpg,https://commons.wikimedia.org/wiki/File:The_Belle_and_the_Bell_Hop.jpg,https://upload.wikimedia.org/wikipedia/commons/2/2a/The_Belle_and_the_Bell_Hop.jpg,Category:Universal Pictures publicity photos,TRUE
Betty Compson - 1930.jpg,https://commons.wikimedia.org/wiki/File:Betty_Compson_-_1930.jpg,https://upload.wikimedia.org/wikipedia/commons/d/d7/Betty_Compson_-_1930.jpg,Category:Universal Pictures publicity photos,TRUE
Betty Kean 1944.JPG,https://commons.wikimedia.org/wiki/File:Betty_Kean_1944.JPG,https://upload.wikimedia.org/wikipedia/commons/d/d8/Betty_Kean_1944.JPG,Category:Universal Pictures publicity photos,LOWRES
Hitchcock Birds promotional still.jpg,https://commons.wikimedia.org/wiki/File:Hitchcock_Birds_promotional_still.jpg,https://upload.wikimedia.org/wikipedia/commons/5/5c/Hitchcock_Birds_promotional_still.jpg,Category:Universal Pictures publicity photos,TRUE
The Black Cat 1934.jpg,https://commons.wikimedia.org/wiki/File:The_Black_Cat_1934.jpg,https://upload.wikimedia.org/wikipedia/commons/c/c4/The_Black_Cat_1934.jpg,Category:Universal Pictures publicity photos,TRUE
"Billie Ritchie in A Bold, Bad Breeze.jpg","https://commons.wikimedia.org/wiki/File:Billie_Ritchie_in_A_Bold,_Bad_Breeze.jpg",https://upload.wikimedia.org/wikipedia/commons/7/7f/Billie_Ritchie_in_A_Bold%2C_Bad_Breeze.jpg,Category:Universal Pictures publicity photos,TRUE
Borderline (1950) 1.jpg,https://commons.wikimedia.org/wiki/File:Borderline_(1950)_1.jpg,https://upload.wikimedia.org/wikipedia/commons/e/ef/Borderline_%281950%29_1.jpg,Category:Universal Pictures publicity photos,2026-09-21
Boris Karloff by Jack Freulich 2.jpg,https://commons.wikimedia.org/wiki/File:Boris_Karloff_by_Jack_Freulich_2.jpg,https://upload.wikimedia.org/wikipedia/commons/4/45/Boris_Karloff_by_Jack_Freulich_2.jpg,Category:Universal Pictures publicity photos,TRUE
Boris Karloff by Jack Freulich.jpg,https://commons.wikimedia.org/wiki/File:Boris_Karloff_by_Jack_Freulich.jpg,https://upload.wikimedia.org/wikipedia/commons/8/84/Boris_Karloff_by_Jack_Freulich.jpg,Category:Universal Pictures publicity photos,TRUE
"Boris Karloff in The Mummy (Universal, 1932) (cropped).jpg","https://commons.wikimedia.org/wiki/File:Boris_Karloff_in_The_Mummy_(Universal,_1932)_(cropped).jpg",https://upload.wikimedia.org/wikipedia/commons/f/f4/Boris_Karloff_in_The_Mummy_%28Universal%2C_1932%29_%28cropped%29.jpg,Category:Universal Pictures publicity photos,TRUE
"Boris Karloff in The Mummy (Universal, 1932).jpg","https://commons.wikimedia.org/wiki/File:Boris_Karloff_in_The_Mummy_(Universal,_1932).jpg",https://upload.wikimedia.org/wikipedia/commons/a/a9/Boris_Karloff_in_The_Mummy_%28Universal%2C_1932%29.jpg,Category:Universal Pictures publicity photos,2026-09-24
Broken Coin 1915.jpg,https://commons.wikimedia.org/wiki/File:Broken_Coin_1915.jpg,https://upload.wikimedia.org/wikipedia/commons/3/3c/Broken_Coin_1915.jpg,Category:Universal Pictures publicity photos,TRUE
Broken Fetters still.jpg,https://commons.wikimedia.org/wiki/File:Broken_Fetters_still.jpg,https://upload.wikimedia.org/wikipedia/commons/c/c8/Broken_Fetters_still.jpg,Category:Universal Pictures publicity photos,LOWRES
"Carole Lombard, William Powell and Gail Patrick My Man Godfrey still.jpg","https://commons.wikimedia.org/wiki/File:Carole_Lombard,_William_Powell_and_Gail_Patrick_My_Man_Godfrey_still.jpg",https://upload.wikimedia.org/wikipedia/commons/a/a3/Carole_Lombard%2C_William_Powell_and_Gail_Patrick_My_Man_Godfrey_still.jpg,Category:Universal Pictures publicity photos,2026-09-02
Cary Grant Father Goose Still.jpg,https://commons.wikimedia.org/wiki/File:Cary_Grant_Father_Goose_Still.jpg,https://upload.wikimedia.org/wikipedia/commons/0/0b/Cary_Grant_Father_Goose_Still.jpg,Category:Universal Pictures publicity photos,LOWRES
CanaryCast.jpg,https://commons.wikimedia.org/wiki/File:CanaryCast.jpg,https://upload.wikimedia.org/wikipedia/commons/7/7d/CanaryCast.jpg,Category:Universal Pictures publicity photos,TRUE
Laura La Plante in The Cat and the Canary (1927 publicity photo 4550-76).jpg,https://commons.wikimedia.org/wiki/File:Laura_La_Plante_in_The_Cat_and_the_Canary_(1927_publicity_photo_4550-76).jpg,https://upload.wikimedia.org/wikipedia/commons/4/42/Laura_La_Plante_in_The_Cat_and_the_Canary_%281927_publicity_photo_4550-76%29.jpg,Category:Universal Pictures publicity photos,TRUE
The Cat and the Canary (1927) - 2.jpg,https://commons.wikimedia.org/wiki/File:The_Cat_and_the_Canary_(1927)_-_2.jpg,https://upload.wikimedia.org/wikipedia/commons/d/dc/The_Cat_and_the_Canary_%281927%29_-_2.jpg,Category:Universal Pictures publicity photos,LOWRES
The Cat and the Canary (1927) - 3.jpg,https://commons.wikimedia.org/wiki/File:The_Cat_and_the_Canary_(1927)_-_3.jpg,https://upload.wikimedia.org/wikipedia/commons/9/97/The_Cat_and_the_Canary_%281927%29_-_3.jpg,Category:Universal Pictures publicity photos,TRUE
The Cat and the Canary (1927) - 4.jpg,https://commons.wikimedia.org/wiki/File:The_Cat_and_the_Canary_(1927)_-_4.jpg,https://upload.wikimedia.org/wikipedia/commons/9/9d/The_Cat_and_the_Canary_%281927%29_-_4.jpg,Category:Universal Pictures publicity photos,TRUE
The Cat and the Canary (1927) - 7.jpg,https://commons.wikimedia.org/wiki/File:The_Cat_and_the_Canary_(1927)_-_7.jpg,https://upload.wikimedia.org/wikipedia/commons/5/59/The_Cat_and_the_Canary_%281927%29_-_7.jpg,Category:Universal Pictures publicity photos,TRUE
Laura La Plante in The Cat and the Canary (1927 publicity photo 4550-76 original).jpg,https://commons.wikimedia.org/wiki/File:Laura_La_Plante_in_The_Cat_and_the_Canary_(1927_publicity_photo_4550-76_original).jpg,https://upload.wikimedia.org/wikipedia/commons/4/4f/Laura_La_Plante_in_The_Cat_and_the_Canary_%281927_publicity_photo_4550-76_original%29.jpg,Category:Universal Pictures publicity photos,2026-09-13
Chai Hong & Darktown Strutters - 1919 MPW.jpg,https://commons.wikimedia.org/wiki/File:Chai_Hong_%26_Darktown_Strutters_-_1919_MPW.jpg,https://upload.wikimedia.org/wikipedia/commons/4/47/Chai_Hong_%26_Darktown_Strutters_-_1919_MPW.jpg,Category:Universal Pictures publicity photos,TRUE
ChaneyPhantomoftheOpera.jpg,https://commons.wikimedia.org/wiki/File:ChaneyPhantomoftheOpera.jpg,https://upload.wikimedia.org/wikipedia/commons/c/c2/ChaneyPhantomoftheOpera.jpg,Category:Universal Pictures publicity photos,TRUE
Chester Erskine 1948.jpg,https://commons.wikimedia.org/wiki/File:Chester_Erskine_1948.jpg,https://upload.wikimedia.org/wikipedia/commons/9/92/Chester_Erskine_1948.jpg,Category:Universal Pictures publicity photos,TRUE
Claude Rains 1935.jpg,https://commons.wikimedia.org/wiki/File:Claude_Rains_1935.jpg,https://upload.wikimedia.org/wikipedia/commons/9/96/Claude_Rains_1935.jpg,Category:Universal Pictures publicity photos,TRUE
Claudette Colbert in Imitation of Life publicity shoot.jpg,https://commons.wikimedia.org/wiki/File:Claudette_Colbert_in_Imitation_of_Life_publicity_shoot.jpg,https://upload.wikimedia.org/wikipedia/commons/0/0e/Claudette_Colbert_in_Imitation_of_Life_publicity_shoot.jpg,Category:Universal Pictures publicity photos,TRUE
Colin Clive by Jack Freulich.jpg,https://commons.wikimedia.org/wiki/File:Colin_Clive_by_Jack_Freulich.jpg,https://upload.wikimedia.org/wikipedia/commons/7/75/Colin_Clive_by_Jack_Freulich.jpg,Category:Universal Pictures publicity photos,LOWRES
Colleen Moore - Nov 1919 FF.jpg,https://commons.wikimedia.org/wiki/File:Colleen_Moore_-_Nov_1919_FF.jpg,https://upload.wikimedia.org/wikipedia/commons/0/0f/Colleen_Moore_-_Nov_1919_FF.jpg,Category:Universal Pictures publicity photos,LOWRES
The Committee on Credentials.jpg,https://commons.wikimedia.org/wiki/File:The_Committee_on_Credentials.jpg,https://upload.wikimedia.org/wikipedia/commons/8/8b/The_Committee_on_Credentials.jpg,Category:Universal Pictures publicity photos,TRUE
Cora-Sue-Collins-1931.jpg,https://commons.wikimedia.org/wiki/File:Cora-Sue-Collins-1931.jpg,https://upload.wikimedia.org/wikipedia/commons/3/3a/Cora-Sue-Collins-1931.jpg,Category:Universal Pictures publicity photos,FALSE
The Curse of the Desert (cinema 1915) (3110058248).jpg,https://commons.wikimedia.org/wiki/File:The_Curse_of_the_Desert_(cinema_1915)_(3110058248).jpg,https://upload.wikimedia.org/wikipedia/commons/0/03/The_Curse_of_the_Desert_%28cinema_1915%29_%283110058248%29.jpg,Category:Universal Pictures publicity photos,TRUE
"A scene from ""The Day She Paid"" (SAYRE 13276).jpg",https://commons.wikimedia.org/wiki/File:A_scene_from_%22The_Day_She_Paid%22_(SAYRE_13276).jpg,https://upload.wikimedia.org/wikipedia/commons/d/db/A_scene_from_%22The_Day_She_Paid%22_%28SAYRE_13276%29.jpg,Category:Universal Pictures publicity photos,FALSE
Deanna Durbin Argentinean Magazine AD.jpg,https://commons.wikimedia.org/wiki/File:Deanna_Durbin_Argentinean_Magazine_AD.jpg,https://upload.wikimedia.org/wikipedia/commons/e/e7/Deanna_Durbin_Argentinean_Magazine_AD.jpg,Category:Universal Pictures publicity photos,TRUE
Diane Baker (1969).jpg,https://commons.wikimedia.org/wiki/File:Diane_Baker_(1969).jpg,https://upload.wikimedia.org/wikipedia/commons/e/ef/Diane_Baker_%281969%29.jpg,Category:Universal Pictures publicity photos,LOWRES
Doris Nolan in Top of the Town still.JPG,https://commons.wikimedia.org/wiki/File:Doris_Nolan_in_Top_of_the_Town_still.JPG,https://upload.wikimedia.org/wikipedia/commons/0/01/Doris_Nolan_in_Top_of_the_Town_still.JPG,Category:Universal Pictures publicity photos,TRUE
Dorothy Malone - Written on the Wind - Studio Publicity Photo.jpg,https://commons.wikimedia.org/wiki/File:Dorothy_Malone_-_Written_on_the_Wind_-_Studio_Publicity_Photo.jpg,https://upload.wikimedia.org/wikipedia/commons/6/66/Dorothy_Malone_-_Written_on_the_Wind_-_Studio_Publicity_Photo.jpg,Category:Universal Pictures publicity photos,TRUE
Dracula1931BelaLugosi.jpg,https://commons.wikimedia.org/wiki/File:Dracula1931BelaLugosi.jpg,https://upload.wikimedia.org/wikipedia/commons/1/14/Dracula1931BelaLugosi.jpg,Category:Universal Pictures publicity photos,TRUE
Dracula1931BelaLugosiColorCrop.jpg,https://commons.wikimedia.org/wiki/File:Dracula1931BelaLugosiColorCrop.jpg,https://upload.wikimedia.org/wikipedia/commons/3/38/Dracula1931BelaLugosiColorCrop.jpg,Category:Universal Pictures publicity photos,LOWRES
Edmond O'Brien 1946 vintage portrait by Ray Jones for Universal Pictures.jpg,https://commons.wikimedia.org/wiki/File:Edmond_O%27Brien_1946_vintage_portrait_by_Ray_Jones_for_Universal_Pictures.jpg,https://upload.wikimedia.org/wikipedia/commons/d/d2/Edmond_O%27Brien_1946_vintage_portrait_by_Ray_Jones_for_Universal_Pictures.jpg,Category:Universal Pictures publicity photos,TRUE
Edward G. Robinson 1948.jpg,https://commons.wikimedia.org/wiki/File:Edward_G._Robinson_1948.jpg,https://upload.wikimedia.org/wikipedia/commons/f/fb/Edward_G._Robinson_1948.jpg,Category:Universal Pictures publicity photos,2026-09-21
Erich Von Stroheim Foolish Wives portrait.jpg,https://commons.wikimedia.org/wiki/File:Erich_Von_Stroheim_Foolish_Wives_portrait.jpg,https://upload.wikimedia.org/wikipedia/commons/6/69/Erich_Von_Stroheim_Foolish_Wives_portrait.jpg,Category:Universal Pictures publicity photos,LOWRES
Eva Moore-Charles Laughton in The Old Dark House.jpg,https://commons.wikimedia.org/wiki/File:Eva_Moore-Charles_Laughton_in_The_Old_Dark_House.jpg,https://upload.wikimedia.org/wikipedia/commons/8/88/Eva_Moore-Charles_Laughton_in_The_Old_Dark_House.jpg,Category:Universal Pictures publicity photos,TRUE
Eva-novak.jpg,https://commons.wikimedia.org/wiki/File:Eva-novak.jpg,https://upload.wikimedia.org/wikipedia/commons/2/25/Eva-novak.jpg,Category:Universal Pictures publicity photos,TRUE
Eve Amber in The Woman in Green (1945) (cropped).jpg,https://commons.wikimedia.org/wiki/File:Eve_Amber_in_The_Woman_in_Green_(1945)_(cropped).jpg,https://upload.wikimedia.org/wikipedia/commons/8/84/Eve_Amber_in_The_Woman_in_Green_%281945%29_%28cropped%29.jpg,Category:Universal Pictures publicity photos,LOWRES
The Eye of God 2.jpg,https://commons.wikimedia.org/wiki/File:The_Eye_of_God_2.jpg,https://upload.wikimedia.org/wikipedia/commons/6/63/The_Eye_of_God_2.jpg,Category:Universal Pictures publicity photos,TRUE
Family Plot 1976 Still.jpg,https://commons.wikimedia.org/wiki/File:Family_Plot_1976_Still.jpg,https://upload.wikimedia.org/wikipedia/commons/e/e2/Family_Plot_1976_Still.jpg,Category:Universal Pictures publicity photos,LOWRES
Femmine folli (Foolish wives) 1922.jpg,https://commons.wikimedia.org/wiki/File:Femmine_folli_(Foolish_wives)_1922.jpg,https://upload.wikimedia.org/wikipedia/commons/1/19/Femmine_folli_%28Foolish_wives%29_1922.jpg,Category:Universal Pictures publicity photos,LOWRES
"Film producer Ross Hunter, 1958 (crop).jpg","https://commons.wikimedia.org/wiki/File:Film_producer_Ross_Hunter,_1958_(crop).jpg",https://upload.wikimedia.org/wikipedia/commons/1/1f/Film_producer_Ross_Hunter%2C_1958_%28crop%29.jpg,Category:Universal Pictures publicity photos,LOWRES
Flash Gordon Conquers the Universe (1940) 2.jpg,https://commons.wikimedia.org/wiki/File:Flash_Gordon_Conquers_the_Universe_(1940)_2.jpg,https://upload.wikimedia.org/wikipedia/commons/0/07/Flash_Gordon_Conquers_the_Universe_%281940%29_2.jpg,Category:Universal Pictures publicity photos,2026-09-21
Flash-gordon-buster-crabbe-1936.jpg,https://commons.wikimedia.org/wiki/File:Flash-gordon-buster-crabbe-1936.jpg,https://upload.wikimedia.org/wikipedia/commons/d/d5/Flash-gordon-buster-crabbe-1936.jpg,Category:Universal Pictures publicity photos,TRUE
Maude George 01.JPG,https://commons.wikimedia.org/wiki/File:Maude_George_01.JPG,https://upload.wikimedia.org/wikipedia/commons/a/ad/Maude_George_01.JPG,Category:Universal Pictures publicity photos,LOWRES
Still from Erich von Stroheim - film Foolish Wives - 1922 - Universal - EYE FOT1415.jpg,https://commons.wikimedia.org/wiki/File:Still_from_Erich_von_Stroheim_-_film_Foolish_Wives_-_1922_-_Universal_-_EYE_FOT1415.jpg,https://upload.wikimedia.org/wikipedia/commons/f/f1/Still_from_Erich_von_Stroheim_-_film_Foolish_Wives_-_1922_-_Universal_-_EYE_FOT1415.jpg,Category:Universal Pictures publicity photos,TRUE
Still from Erich von Stroheim - film Foolish Wives - 1922 - Universal - EYE FOT1416.jpg,https://commons.wikimedia.org/wiki/File:Still_from_Erich_von_Stroheim_-_film_Foolish_Wives_-_1922_-_Universal_-_EYE_FOT1416.jpg,https://upload.wikimedia.org/wikipedia/commons/7/7b/Still_from_Erich_von_Stroheim_-_film_Foolish_Wives_-_1922_-_Universal_-_EYE_FOT1416.jpg,Category:Universal Pictures publicity photos,2026-09-20
Still from Erich von Stroheim - film Foolish Wives - 1922 - Universal - EYE FOT1417.jpg,https://commons.wikimedia.org/wiki/File:Still_from_Erich_von_Stroheim_-_film_Foolish_Wives_-_1922_-_Universal_-_EYE_FOT1417.jpg,https://upload.wikimedia.org/wikipedia/commons/b/b9/Still_from_Erich_von_Stroheim_-_film_Foolish_Wives_-_1922_-_Universal_-_EYE_FOT1417.jpg,Category:Universal Pictures publicity photos,TRUE
Still from Erich von Stroheim - film Foolish Wives - 1922 - Universal - EYE FOT1418.jpg,https://commons.wikimedia.org/wiki/File:Still_from_Erich_von_Stroheim_-_film_Foolish_Wives_-_1922_-_Universal_-_EYE_FOT1418.jpg,https://upload.wikimedia.org/wikipedia/commons/d/d8/Still_from_Erich_von_Stroheim_-_film_Foolish_Wives_-_1922_-_Universal_-_EYE_FOT1418.jpg,Category:Universal Pictures publicity photos,2026-09-14
Foolish Wives (1922) - 10.jpg,https://commons.wikimedia.org/wiki/File:Foolish_Wives_(1922)_-_10.jpg,https://upload.wikimedia.org/wikipedia/commons/f/f3/Foolish_Wives_%281922%29_-_10.jpg,Category:Universal Pictures publicity photos,LOWRES
Foolish Wives (1922) - 11.jpg,https://commons.wikimedia.org/wiki/File:Foolish_Wives_(1922)_-_11.jpg,https://upload.wikimedia.org/wikipedia/commons/2/29/Foolish_Wives_%281922%29_-_11.jpg,Category:Universal Pictures publicity photos,TRUE
Foolish Wives (1922) - 12.jpg,https://commons.wikimedia.org/wiki/File:Foolish_Wives_(1922)_-_12.jpg,https://upload.wikimedia.org/wikipedia/commons/5/50/Foolish_Wives_%281922%29_-_12.jpg,Category:Universal Pictures publicity photos,LOWRES
Foolish Wives (1922) - 13.jpg,https://commons.wikimedia.org/wiki/File:Foolish_Wives_(1922)_-_13.jpg,https://upload.wikimedia.org/wikipedia/commons/c/c7/Foolish_Wives_%281922%29_-_13.jpg,Category:Universal Pictures publicity photos,TRUE
Foolish Wives (1922) - 14.jpg,https://commons.wikimedia.org/wiki/File:Foolish_Wives_(1922)_-_14.jpg,https://upload.wikimedia.org/wikipedia/commons/b/b9/Foolish_Wives_%281922%29_-_14.jpg,Category:Universal Pictures publicity photos,TRUE
Foolish Wives (1922) - 15.jpg,https://commons.wikimedia.org/wiki/File:Foolish_Wives_(1922)_-_15.jpg,https://upload.wikimedia.org/wikipedia/commons/2/2c/Foolish_Wives_%281922%29_-_15.jpg,Category:Universal Pictures publicity photos,LOWRES
Foolish Wives (1922) - 16.jpg,https://commons.wikimedia.org/wiki/File:Foolish_Wives_(1922)_-_16.jpg,https://upload.wikimedia.org/wikipedia/commons/d/df/Foolish_Wives_%281922%29_-_16.jpg,Category:Universal Pictures publicity photos,TRUE
Foolish Wives (1922) - 17.jpg,https://commons.wikimedia.org/wiki/File:Foolish_Wives_(1922)_-_17.jpg,https://upload.wikimedia.org/wikipedia/commons/8/8b/Foolish_Wives_%281922%29_-_17.jpg,Category:Universal Pictures publicity photos,LOWRES
Foolish Wives (1922) - 18.jpg,https://commons.wikimedia.org/wiki/File:Foolish_Wives_(1922)_-_18.jpg,https://upload.wikimedia.org/wikipedia/commons/6/6a/Foolish_Wives_%281922%29_-_18.jpg,Category:Universal Pictures publicity photos,TRUE
Foolish Wives (1922) - 19.jpg,https://commons.wikimedia.org/wiki/File:Foolish_Wives_(1922)_-_19.jpg,https://upload.wikimedia.org/wikipedia/commons/6/6a/Foolish_Wives_%281922%29_-_19.jpg,Category:Universal Pictures publicity photos,TRUE
Foolish Wives (1922) - 20.jpg,https://commons.wikimedia.org/wiki/File:Foolish_Wives_(1922)_-_20.jpg,https://upload.wikimedia.org/wikipedia/commons/4/4d/Foolish_Wives_%281922%29_-_20.jpg,Category:Universal Pictures publicity photos,LOWRES
Foolish Wives (1922) - 21.jpg,https://commons.wikimedia.org/wiki/File:Foolish_Wives_(1922)_-_21.jpg,https://upload.wikimedia.org/wikipedia/commons/8/8e/Foolish_Wives_%281922%29_-_21.jpg,Category:Universal Pictures publicity photos,LOWRES
Foolish Wives (1922) - 24.jpg,https://commons.wikimedia.org/wiki/File:Foolish_Wives_(1922)_-_24.jpg,https://upload.wikimedia.org/wikipedia/commons/f/f8/Foolish_Wives_%281922%29_-_24.jpg,Category:Universal Pictures publicity photos,LOWRES
Foolish Wives (1922) - 25.jpg,https://commons.wikimedia.org/wiki/File:Foolish_Wives_(1922)_-_25.jpg,https://upload.wikimedia.org/wikipedia/commons/d/d1/Foolish_Wives_%281922%29_-_25.jpg,Category:Universal Pictures publicity photos,TRUE
Foolish Wives (1922) - 5.jpg,https://commons.wikimedia.org/wiki/File:Foolish_Wives_(1922)_-_5.jpg,https://upload.wikimedia.org/wikipedia/commons/b/b5/Foolish_Wives_%281922%29_-_5.jpg,Category:Universal Pictures publicity photos,TRUE
Foolish Wives (1922) - 6.jpg,https://commons.wikimedia.org/wiki/File:Foolish_Wives_(1922)_-_6.jpg,https://upload.wikimedia.org/wikipedia/commons/d/dd/Foolish_Wives_%281922%29_-_6.jpg,Category:Universal Pictures publicity photos,LOWRES
Foolish Wives (1922) - 7.jpg,https://commons.wikimedia.org/wiki/File:Foolish_Wives_(1922)_-_7.jpg,https://upload.wikimedia.org/wikipedia/commons/6/6f/Foolish_Wives_%281922%29_-_7.jpg,Category:Universal Pictures publicity photos,TRUE
Foolish Wives (1922) - 8.jpg,https://commons.wikimedia.org/wiki/File:Foolish_Wives_(1922)_-_8.jpg,https://upload.wikimedia.org/wikipedia/commons/6/69/Foolish_Wives_%281922%29_-_8.jpg,Category:Universal Pictures publicity photos,TRUE
Foolish Wives (1922) - 9.jpg,https://commons.wikimedia.org/wiki/File:Foolish_Wives_(1922)_-_9.jpg,https://upload.wikimedia.org/wikipedia/commons/f/f2/Foolish_Wives_%281922%29_-_9.jpg,Category:Universal Pictures publicity photos,TRUE
Foolish Wives (1922) 1.jpg,https://commons.wikimedia.org/wiki/File:Foolish_Wives_(1922)_1.jpg,https://upload.wikimedia.org/wikipedia/commons/a/ae/Foolish_Wives_%281922%29_1.jpg,Category:Universal Pictures publicity photos,TRUE
Foolish Wives (1922) 3.jpg,https://commons.wikimedia.org/wiki/File:Foolish_Wives_(1922)_3.jpg,https://upload.wikimedia.org/wikipedia/commons/8/8a/Foolish_Wives_%281922%29_3.jpg,Category:Universal Pictures publicity photos,TRUE
Foolish Wives (1922) 4.jpg,https://commons.wikimedia.org/wiki/File:Foolish_Wives_(1922)_4.jpg,https://upload.wikimedia.org/wikipedia/commons/7/7a/Foolish_Wives_%281922%29_4.jpg,Category:Universal Pictures publicity photos,2026-09-14
Foolish Wives (1922) Plaza Set.jpg,https://commons.wikimedia.org/wiki/File:Foolish_Wives_(1922)_Plaza_Set.jpg,https://upload.wikimedia.org/wikipedia/commons/e/ee/Foolish_Wives_%281922%29_Plaza_Set.jpg,Category:Universal Pictures publicity photos,TRUE
Foolish Wives (1922) Scene.jpg,https://commons.wikimedia.org/wiki/File:Foolish_Wives_(1922)_Scene.jpg,https://upload.wikimedia.org/wikipedia/commons/4/46/Foolish_Wives_%281922%29_Scene.jpg,Category:Universal Pictures publicity photos,TRUE
Foolish Wives (1922) Witch's Hut Set.jpg,https://commons.wikimedia.org/wiki/File:Foolish_Wives_(1922)_Witch%27s_Hut_Set.jpg,https://upload.wikimedia.org/wikipedia/commons/f/fc/Foolish_Wives_%281922%29_Witch%27s_Hut_Set.jpg,Category:Universal Pictures publicity photos,TRUE
Foolish Wives (SAYRE 14208).jpg,https://commons.wikimedia.org/wiki/File:Foolish_Wives_(SAYRE_14208).jpg,https://upload.wikimedia.org/wikipedia/commons/7/70/Foolish_Wives_%28SAYRE_14208%29.jpg,Category:Universal Pictures publicity photos,TRUE
Foolish Wives (SAYRE 14612).jpg,https://commons.wikimedia.org/wiki/File:Foolish_Wives_(SAYRE_14612).jpg,https://upload.wikimedia.org/wikipedia/commons/3/37/Foolish_Wives_%28SAYRE_14612%29.jpg,Category:Universal Pictures publicity photos,TRUE
"Foolish wives, picutre of scenography 1922.jpg","https://commons.wikimedia.org/wiki/File:Foolish_wives,_picutre_of_scenography_1922.jpg",https://upload.wikimedia.org/wikipedia/commons/5/59/Foolish_wives%2C_picutre_of_scenography_1922.jpg,Category:Universal Pictures publicity photos,TRUE
Francelia Billington - Feb 1920 Shadowland.jpg,https://commons.wikimedia.org/wiki/File:Francelia_Billington_-_Feb_1920_Shadowland.jpg,https://upload.wikimedia.org/wikipedia/commons/2/20/Francelia_Billington_-_Feb_1920_Shadowland.jpg,Category:Universal Pictures publicity photos,TRUE
Frances Dade and Bela Lugosi in Dracula.jpg,https://commons.wikimedia.org/wiki/File:Frances_Dade_and_Bela_Lugosi_in_Dracula.jpg,https://upload.wikimedia.org/wikipedia/commons/a/a2/Frances_Dade_and_Bela_Lugosi_in_Dracula.jpg,Category:Universal Pictures publicity photos,LOWRES
Francis Ford 1915.jpg,https://commons.wikimedia.org/wiki/File:Francis_Ford_1915.jpg,https://upload.wikimedia.org/wikipedia/commons/a/ad/Francis_Ford_1915.jpg,Category:Universal Pictures publicity photos,FALSE
Eastwood & O'Connor Francis in the Navy Still.jpg,https://commons.wikimedia.org/wiki/File:Eastwood_%26_O%27Connor_Francis_in_the_Navy_Still.jpg,https://upload.wikimedia.org/wikipedia/commons/3/31/Eastwood_%26_O%27Connor_Francis_in_the_Navy_Still.jpg,Category:Universal Pictures publicity photos,TRUE
Frankenstein and Maria (cropped).jpg,https://commons.wikimedia.org/wiki/File:Frankenstein_and_Maria_(cropped).jpg,https://upload.wikimedia.org/wikipedia/commons/f/f7/Frankenstein_and_Maria_%28cropped%29.jpg,Category:Universal Pictures publicity photos,LOWRES
Frankenstein and Maria.jpg,https://commons.wikimedia.org/wiki/File:Frankenstein_and_Maria.jpg,https://upload.wikimedia.org/wikipedia/commons/3/39/Frankenstein_and_Maria.jpg,Category:Universal Pictures publicity photos,TRUE
From Broadway to a Throne.jpg,https://commons.wikimedia.org/wiki/File:From_Broadway_to_a_Throne.jpg,https://upload.wikimedia.org/wikipedia/commons/3/3e/From_Broadway_to_a_Throne.jpg,Category:Universal Pictures publicity photos,TRUE
"Gail Patrick wears a grey wool jersey travel suit, 1938.jpg","https://commons.wikimedia.org/wiki/File:Gail_Patrick_wears_a_grey_wool_jersey_travel_suit,_1938.jpg",https://upload.wikimedia.org/wikipedia/commons/7/70/Gail_Patrick_wears_a_grey_wool_jersey_travel_suit%2C_1938.jpg,Category:Universal Pictures publicity photos,2026-09-16
Geneviève Bujold - 1969.jpg,https://commons.wikimedia.org/wiki/File:Genevi%C3%A8ve_Bujold_-_1969.jpg,https://upload.wikimedia.org/wikipedia/commons/4/43/Genevi%C3%A8ve_Bujold_-_1969.jpg,Category:Universal Pictures publicity photos,LOWRES
Girls of the Night (1953 film). Universal Pictures publicity photo. Joyce Holden as Georgia Codray.jpg,https://commons.wikimedia.org/wiki/File:Girls_of_the_Night_(1953_film)._Universal_Pictures_publicity_photo._Joyce_Holden_as_Georgia_Codray.jpg,https://upload.wikimedia.org/wikipedia/commons/1/16/Girls_of_the_Night_%281953_film%29._Universal_Pictures_publicity_photo._Joyce_Holden_as_Georgia_Codray.jpg,Category:Universal Pictures publicity photos,TRUE
Gloria Stuart and Boris Karloff in The Old Dark House 1932.jpg,https://commons.wikimedia.org/wiki/File:Gloria_Stuart_and_Boris_Karloff_in_The_Old_Dark_House_1932.jpg,https://upload.wikimedia.org/wikipedia/commons/0/0a/Gloria_Stuart_and_Boris_Karloff_in_The_Old_Dark_House_1932.jpg,Category:Universal Pictures publicity photos,TRUE
Gloria Stuart Argentinean Magazine AD.jpg,https://commons.wikimedia.org/wiki/File:Gloria_Stuart_Argentinean_Magazine_AD.jpg,https://upload.wikimedia.org/wikipedia/commons/9/9f/Gloria_Stuart_Argentinean_Magazine_AD.jpg,Category:Universal Pictures publicity photos,TRUE
Gloria Stuart by Ray Jones.jpg,https://commons.wikimedia.org/wiki/File:Gloria_Stuart_by_Ray_Jones.jpg,https://upload.wikimedia.org/wikipedia/commons/d/d2/Gloria_Stuart_by_Ray_Jones.jpg,Category:Universal Pictures publicity photos,LOWRES
The Goose Woman02.jpg,https://commons.wikimedia.org/wiki/File:The_Goose_Woman02.jpg,https://upload.wikimedia.org/wikipedia/commons/4/4a/The_Goose_Woman02.jpg,Category:Universal Pictures publicity photos,LOWRES
Grant Hepburn Still.jpg,https://commons.wikimedia.org/wiki/File:Grant_Hepburn_Still.jpg,https://upload.wikimedia.org/wikipedia/commons/3/35/Grant_Hepburn_Still.jpg,Category:Universal Pictures publicity photos,TRUE
The Grasp of Greed still 2.jpg,https://commons.wikimedia.org/wiki/File:The_Grasp_of_Greed_still_2.jpg,https://upload.wikimedia.org/wikipedia/commons/a/a9/The_Grasp_of_Greed_still_2.jpg,Category:Universal Pictures publicity photos,LOWRES
The Grasp of Greed still.jpg,https://commons.wikimedia.org/wiki/File:The_Grasp_of_Greed_still.jpg,https://upload.wikimedia.org/wikipedia/commons/1/1e/The_Grasp_of_Greed_still.jpg,Category:Universal Pictures publicity photos,TRUE
Gregory Peck To Kill a Mockingbird still.jpg,https://commons.wikimedia.org/wiki/File:Gregory_Peck_To_Kill_a_Mockingbird_still.jpg,https://upload.wikimedia.org/wikipedia/commons/b/b7/Gregory_Peck_To_Kill_a_Mockingbird_still.jpg,Category:Universal Pictures publicity photos,LOWRES
James Stewart Harvey 1950 Promo Still.jpg,https://commons.wikimedia.org/wiki/File:James_Stewart_Harvey_1950_Promo_Still.jpg,https://upload.wikimedia.org/wikipedia/commons/9/94/James_Stewart_Harvey_1950_Promo_Still.jpg,Category:Universal Pictures publicity photos,LOWRES
Rock Hudson - portrait.jpg,https://commons.wikimedia.org/wiki/File:Rock_Hudson_-_portrait.jpg,https://upload.wikimedia.org/wikipedia/commons/a/ad/Rock_Hudson_-_portrait.jpg,Category:Universal Pictures publicity photos,TRUE
Hillary Brooke 2.jpg,https://commons.wikimedia.org/wiki/File:Hillary_Brooke_2.jpg,https://upload.wikimedia.org/wikipedia/commons/e/e6/Hillary_Brooke_2.jpg,Category:Universal Pictures publicity photos,LOWRES
Hillary Brooke-Paul Cavanagh in The Woman in Green.jpg,https://commons.wikimedia.org/wiki/File:Hillary_Brooke-Paul_Cavanagh_in_The_Woman_in_Green.jpg,https://upload.wikimedia.org/wikipedia/commons/6/6c/Hillary_Brooke-Paul_Cavanagh_in_The_Woman_in_Green.jpg,Category:Universal Pictures publicity photos,LOWRES
Honor Bound (1920) - Coxen Mayo & Herzinger.jpg,https://commons.wikimedia.org/wiki/File:Honor_Bound_(1920)_-_Coxen_Mayo_%26_Herzinger.jpg,https://upload.wikimedia.org/wikipedia/commons/7/72/Honor_Bound_%281920%29_-_Coxen_Mayo_%26_Herzinger.jpg,Category:Universal Pictures publicity photos,LOWRES
Honor Bound (1920) - Godowsky Coxen & Mayo.jpg,https://commons.wikimedia.org/wiki/File:Honor_Bound_(1920)_-_Godowsky_Coxen_%26_Mayo.jpg,https://upload.wikimedia.org/wikipedia/commons/1/1d/Honor_Bound_%281920%29_-_Godowsky_Coxen_%26_Mayo.jpg,Category:Universal Pictures publicity photos,TRUE
How Stars Are Made.jpg,https://commons.wikimedia.org/wiki/File:How_Stars_Are_Made.jpg,https://upload.wikimedia.org/wikipedia/commons/a/ad/How_Stars_Are_Made.jpg,Category:Universal Pictures publicity photos,TRUE
Hunchback of Notre Dame.jpg,https://commons.wikimedia.org/wiki/File:Hunchback_of_Notre_Dame.jpg,https://upload.wikimedia.org/wikipedia/commons/3/3a/Hunchback_of_Notre_Dame.jpg,Category:Universal Pictures publicity photos,2026-09-24
Imitation of Life 1959 film still.jpg,https://commons.wikimedia.org/wiki/File:Imitation_of_Life_1959_film_still.jpg,https://upload.wikimedia.org/wikipedia/commons/d/d7/Imitation_of_Life_1959_film_still.jpg,Category:Universal Pictures publicity photos,2026-09-17
Film actor Art Acord (SAYRE 1751).jpg,https://commons.wikimedia.org/wiki/File:Film_actor_Art_Acord_(SAYRE_1751).jpg,https://upload.wikimedia.org/wikipedia/commons/7/76/Film_actor_Art_Acord_%28SAYRE_1751%29.jpg,Category:Universal Pictures publicity photos,TRUE
Jack Oakie by Jack Freulich.jpg,https://commons.wikimedia.org/wiki/File:Jack_Oakie_by_Jack_Freulich.jpg,https://upload.wikimedia.org/wikipedia/commons/5/56/Jack_Oakie_by_Jack_Freulich.jpg,Category:Universal Pictures publicity photos,TRUE
James Stewart Winchester '73 Still.jpg,https://commons.wikimedia.org/wiki/File:James_Stewart_Winchester_%2773_Still.jpg,https://upload.wikimedia.org/wikipedia/commons/f/f0/James_Stewart_Winchester_%2773_Still.jpg,Category:Universal Pictures publicity photos,LOWRES
Juanita Moore in Imitation of Life.jpeg,https://commons.wikimedia.org/wiki/File:Juanita_Moore_in_Imitation_of_Life.jpeg,https://upload.wikimedia.org/wikipedia/commons/d/d9/Juanita_Moore_in_Imitation_of_Life.jpeg,Category:Universal Pictures publicity photos,TRUE
Karamzinandwomen.jpg,https://commons.wikimedia.org/wiki/File:Karamzinandwomen.jpg,https://upload.wikimedia.org/wikipedia/commons/0/06/Karamzinandwomen.jpg,Category:Universal Pictures publicity photos,LOWRES
The Kentucky Derby (1922) - Reginald Denny.jpg,https://commons.wikimedia.org/wiki/File:The_Kentucky_Derby_(1922)_-_Reginald_Denny.jpg,https://upload.wikimedia.org/wikipedia/commons/8/89/The_Kentucky_Derby_%281922%29_-_Reginald_Denny.jpg,Category:Universal Pictures publicity photos,TRUE
The Kentucky Derby (SAYRE 14903).jpg,https://commons.wikimedia.org/wiki/File:The_Kentucky_Derby_(SAYRE_14903).jpg,https://upload.wikimedia.org/wikipedia/commons/f/f4/The_Kentucky_Derby_%28SAYRE_14903%29.jpg,Category:Universal Pictures publicity photos,TRUE
"Kim Hunter Money, Women and Guns still (cropped).jpg","https://commons.wikimedia.org/wiki/File:Kim_Hunter_Money,_Women_and_Guns_still_(cropped).jpg",https://upload.wikimedia.org/wikipedia/commons/5/5d/Kim_Hunter_Money%2C_Women_and_Guns_still_%28cropped%29.jpg,Category:Universal Pictures publicity photos,LOWRES
"Kim Hunter Money, Women and Guns still.jpg","https://commons.wikimedia.org/wiki/File:Kim_Hunter_Money,_Women_and_Guns_still.jpg",https://upload.wikimedia.org/wikipedia/commons/3/3d/Kim_Hunter_Money%2C_Women_and_Guns_still.jpg,Category:Universal Pictures publicity photos,TRUE
"King of Jazz - Talking Picture, March 1930.jpg","https://commons.wikimedia.org/wiki/File:King_of_Jazz_-_Talking_Picture,_March_1930.jpg",https://upload.wikimedia.org/wikipedia/commons/3/38/King_of_Jazz_-_Talking_Picture%2C_March_1930.jpg,Category:Universal Pictures publicity photos,TRUE
"A scene from ""La La Lucille"" (SAYRE 13155).jpg",https://commons.wikimedia.org/wiki/File:A_scene_from_%22La_La_Lucille%22_(SAYRE_13155).jpg,https://upload.wikimedia.org/wikipedia/commons/2/26/A_scene_from_%22La_La_Lucille%22_%28SAYRE_13155%29.jpg,Category:Universal Pictures publicity photos,TRUE
"Lana Turner confers with producer Ross Hunter, left, and director Douglas Sirk.jpg","https://commons.wikimedia.org/wiki/File:Lana_Turner_confers_with_producer_Ross_Hunter,_left,_and_director_Douglas_Sirk.jpg",https://upload.wikimedia.org/wikipedia/commons/9/93/Lana_Turner_confers_with_producer_Ross_Hunter%2C_left%2C_and_director_Douglas_Sirk.jpg,Category:Universal Pictures publicity photos,LOWRES
Carrie Daumery - Last Warning still.jpg,https://commons.wikimedia.org/wiki/File:Carrie_Daumery_-_Last_Warning_still.jpg,https://upload.wikimedia.org/wikipedia/commons/1/1f/Carrie_Daumery_-_Last_Warning_still.jpg,Category:Universal Pictures publicity photos,FALSE
Lauren Bacall in Written on the Wind (cropped).jpeg,https://commons.wikimedia.org/wiki/File:Lauren_Bacall_in_Written_on_the_Wind_(cropped).jpeg,https://upload.wikimedia.org/wikipedia/commons/6/65/Lauren_Bacall_in_Written_on_the_Wind_%28cropped%29.jpeg,Category:Universal Pictures publicity photos,TRUE
Lauren Bacall in Written on the Wind.jpeg,https://commons.wikimedia.org/wiki/File:Lauren_Bacall_in_Written_on_the_Wind.jpeg,https://upload.wikimedia.org/wikipedia/commons/b/bb/Lauren_Bacall_in_Written_on_the_Wind.jpeg,Category:Universal Pictures publicity photos,2026-09-11
Laurie Bird in Two-Lane Blacktop (1971 Universal Pictures publicity photo) (cropped).jpg,https://commons.wikimedia.org/wiki/File:Laurie_Bird_in_Two-Lane_Blacktop_(1971_Universal_Pictures_publicity_photo)_(cropped).jpg,https://upload.wikimedia.org/wikipedia/commons/4/40/Laurie_Bird_in_Two-Lane_Blacktop_%281971_Universal_Pictures_publicity_photo%29_%28cropped%29.jpg,Category:Universal Pictures publicity photos,TRUE
Laurie Bird in Two-Lane Blacktop (1971 Universal Pictures publicity photo).jpg,https://commons.wikimedia.org/wiki/File:Laurie_Bird_in_Two-Lane_Blacktop_(1971_Universal_Pictures_publicity_photo).jpg,https://upload.wikimedia.org/wikipedia/commons/f/fd/Laurie_Bird_in_Two-Lane_Blacktop_%281971_Universal_Pictures_publicity_photo%29.jpg,Category:Universal Pictures publicity photos,LOWRES
Reginald Denny - Nov 1923 UW.jpg,https://commons.wikimedia.org/wiki/File:Reginald_Denny_-_Nov_1923_UW.jpg,https://upload.wikimedia.org/wikipedia/commons/3/34/Reginald_Denny_-_Nov_1923_UW.jpg,Category:Universal Pictures publicity photos,LOWRES
The Leather Pushers (1922) - 15.jpg,https://commons.wikimedia.org/wiki/File:The_Leather_Pushers_(1922)_-_15.jpg,https://upload.wikimedia.org/wikipedia/commons/5/55/The_Leather_Pushers_%281922%29_-_15.jpg,Category:Universal Pictures publicity photos,LOWRES
The Leather Pushers (1922) - 16.jpg,https://commons.wikimedia.org/wiki/File:The_Leather_Pushers_(1922)_-_16.jpg,https://upload.wikimedia.org/wikipedia/commons/7/7b/The_Leather_Pushers_%281922%29_-_16.jpg,Category:Universal Pictures publicity photos,TRUE
The Leather Pushers (1922) - 2.jpg,https://commons.wikimedia.org/wiki/File:The_Leather_Pushers_(1922)_-_2.jpg,https://upload.wikimedia.org/wikipedia/commons/2/23/The_Leather_Pushers_%281922%29_-_2.jpg,Category:Universal Pictures publicity photos,TRUE
The Leather Pushers (1922) - 3.jpg,https://commons.wikimedia.org/wiki/File:The_Leather_Pushers_(1922)_-_3.jpg,https://upload.wikimedia.org/wikipedia/commons/0/04/The_Leather_Pushers_%281922%29_-_3.jpg,Category:Universal Pictures publicity photos,2026-09-19
The Leather Pushers (1922) - 4.jpg,https://commons.wikimedia.org/wiki/File:The_Leather_Pushers_(1922)_-_4.jpg,https://upload.wikimedia.org/wikipedia/commons/d/d5/The_Leather_Pushers_%281922%29_-_4.jpg,Category:Universal Pictures publicity photos,TRUE
The Leather Pushers (1922) - 5.jpg,https://commons.wikimedia.org/wiki/File:The_Leather_Pushers_(1922)_-_5.jpg,https://upload.wikimedia.org/wikipedia/commons/7/7f/The_Leather_Pushers_%281922%29_-_5.jpg,Category:Universal Pictures publicity photos,TRUE
The Leather Pushers (1922) - 6.jpg,https://commons.wikimedia.org/wiki/File:The_Leather_Pushers_(1922)_-_6.jpg,https://upload.wikimedia.org/wikipedia/commons/b/be/The_Leather_Pushers_%281922%29_-_6.jpg,Category:Universal Pictures publicity photos,TRUE
"Leroux - Le fantôme de l'Opéra, édition 1926 (page 104b crop).jpg","https://commons.wikimedia.org/wiki/File:Leroux_-_Le_fant%C3%B4me_de_l%27Op%C3%A9ra,_%C3%A9dition_1926_(page_104b_crop).jpg",https://upload.wikimedia.org/wikipedia/commons/6/69/Leroux_-_Le_fant%C3%B4me_de_l%27Op%C3%A9ra%2C_%C3%A9dition_1926_%28page_104b_crop%29.jpg,Category:Universal Pictures publicity photos,2026-09-24
"Leroux - Le fantôme de l'Opéra, édition 1926 (page 121 crop).jpg","https://commons.wikimedia.org/wiki/File:Leroux_-_Le_fant%C3%B4me_de_l%27Op%C3%A9ra,_%C3%A9dition_1926_(page_121_crop).jpg",https://upload.wikimedia.org/wikipedia/commons/d/d7/Leroux_-_Le_fant%C3%B4me_de_l%27Op%C3%A9ra%2C_%C3%A9dition_1926_%28page_121_crop%29.jpg,Category:Universal Pictures publicity photos,2026-09-21
"Leroux - Le fantôme de l'Opéra, édition 1926 (page 122 crop).jpg","https://commons.wikimedia.org/wiki/File:Leroux_-_Le_fant%C3%B4me_de_l%27Op%C3%A9ra,_%C3%A9dition_1926_(page_122_crop).jpg",https://upload.wikimedia.org/wikipedia/commons/2/23/Leroux_-_Le_fant%C3%B4me_de_l%27Op%C3%A9ra%2C_%C3%A9dition_1926_%28page_122_crop%29.jpg,Category:Universal Pictures publicity photos,2026-09-24
"Leroux - Le fantôme de l'Opéra, édition 1926 (page 123 crop).jpg","https://commons.wikimedia.org/wiki/File:Leroux_-_Le_fant%C3%B4me_de_l%27Op%C3%A9ra,_%C3%A9dition_1926_(page_123_crop).jpg",https://upload.wikimedia.org/wikipedia/commons/3/33/Leroux_-_Le_fant%C3%B4me_de_l%27Op%C3%A9ra%2C_%C3%A9dition_1926_%28page_123_crop%29.jpg,Category:Universal Pictures publicity photos,2026-09-19
"Leroux - Le fantôme de l'Opéra, édition 1926 (page 124 crop).jpg","https://commons.wikimedia.org/wiki/File:Leroux_-_Le_fant%C3%B4me_de_l%27Op%C3%A9ra,_%C3%A9dition_1926_(page_124_crop).jpg",https://upload.wikimedia.org/wikipedia/commons/c/c9/Leroux_-_Le_fant%C3%B4me_de_l%27Op%C3%A9ra%2C_%C3%A9dition_1926_%28page_124_crop%29.jpg,Category:Universal Pictures publicity photos,TRUE
"Leroux - Le fantôme de l'Opéra, édition 1926 (page 141 crop).jpg","https://commons.wikimedia.org/wiki/File:Leroux_-_Le_fant%C3%B4me_de_l%27Op%C3%A9ra,_%C3%A9dition_1926_(page_141_crop).jpg",https://upload.wikimedia.org/wikipedia/commons/e/e3/Leroux_-_Le_fant%C3%B4me_de_l%27Op%C3%A9ra%2C_%C3%A9dition_1926_%28page_141_crop%29.jpg,Category:Universal Pictures publicity photos,FALSE
"Leroux - Le fantôme de l'Opéra, édition 1926 (page 142 crop).jpg","https://commons.wikimedia.org/wiki/File:Leroux_-_Le_fant%C3%B4me_de_l%27Op%C3%A9ra,_%C3%A9dition_1926_(page_142_crop).jpg",https://upload.wikimedia.org/wikipedia/commons/3/31/Leroux_-_Le_fant%C3%B4me_de_l%27Op%C3%A9ra%2C_%C3%A9dition_1926_%28page_142_crop%29.jpg,Category:Universal Pictures publicity photos,2026-09-18
"Leroux - Le fantôme de l'Opéra, édition 1926 (page 151 crop).jpg","https://commons.wikimedia.org/wiki/File:Leroux_-_Le_fant%C3%B4me_de_l%27Op%C3%A9ra,_%C3%A9dition_1926_(page_151_crop).jpg",https://upload.wikimedia.org/wikipedia/commons/5/50/Leroux_-_Le_fant%C3%B4me_de_l%27Op%C3%A9ra%2C_%C3%A9dition_1926_%28page_151_crop%29.jpg,Category:Universal Pictures publicity photos,2026-09-18
"Leroux - Le fantôme de l'Opéra, édition 1926 (page 152 crop).jpg","https://commons.wikimedia.org/wiki/File:Leroux_-_Le_fant%C3%B4me_de_l%27Op%C3%A9ra,_%C3%A9dition_1926_(page_152_crop).jpg",https://upload.wikimedia.org/wikipedia/commons/3/34/Leroux_-_Le_fant%C3%B4me_de_l%27Op%C3%A9ra%2C_%C3%A9dition_1926_%28page_152_crop%29.jpg,Category:Universal Pictures publicity photos,TRUE
"Leroux - Le fantôme de l'Opéra, édition 1926 (page 153 crop).jpg","https://commons.wikimedia.org/wiki/File:Leroux_-_Le_fant%C3%B4me_de_l%27Op%C3%A9ra,_%C3%A9dition_1926_(page_153_crop).jpg",https://upload.wikimedia.org/wikipedia/commons/7/77/Leroux_-_Le_fant%C3%B4me_de_l%27Op%C3%A9ra%2C_%C3%A9dition_1926_%28page_153_crop%29.jpg,Category:Universal Pictures publicity photos,TRUE
"Leroux - Le fantôme de l'Opéra, édition 1926 (page 154 crop).jpg","https://commons.wikimedia.org/wiki/File:Leroux_-_Le_fant%C3%B4me_de_l%27Op%C3%A9ra,_%C3%A9dition_1926_(page_154_crop).jpg",https://upload.wikimedia.org/wikipedia/commons/e/ea/Leroux_-_Le_fant%C3%B4me_de_l%27Op%C3%A9ra%2C_%C3%A9dition_1926_%28page_154_crop%29.jpg,Category:Universal Pictures publicity photos,TRUE
"Leroux - Le fantôme de l'Opéra, édition 1926 (page 171 crop).jpg","https://commons.wikimedia.org/wiki/File:Leroux_-_Le_fant%C3%B4me_de_l%27Op%C3%A9ra,_%C3%A9dition_1926_(page_171_crop).jpg",https://upload.wikimedia.org/wikipedia/commons/a/a4/Leroux_-_Le_fant%C3%B4me_de_l%27Op%C3%A9ra%2C_%C3%A9dition_1926_%28page_171_crop%29.jpg,Category:Universal Pictures publicity photos,TRUE
"Leroux - Le fantôme de l'Opéra, édition 1926 (page 172 crop).jpg","https://commons.wikimedia.org/wiki/File:Leroux_-_Le_fant%C3%B4me_de_l%27Op%C3%A9ra,_%C3%A9dition_1926_(page_172_crop).jpg",https://upload.wikimedia.org/wikipedia/commons/a/aa/Leroux_-_Le_fant%C3%B4me_de_l%27Op%C3%A9ra%2C_%C3%A9dition_1926_%28page_172_crop%29.jpg,Category:Universal Pictures publicity photos,2026-09-08
"Leroux - Le fantôme de l'Opéra, édition 1926 (page 173 crop).jpg","https://commons.wikimedia.org/wiki/File:Leroux_-_Le_fant%C3%B4me_de_l%27Op%C3%A9ra,_%C3%A9dition_1926_(page_173_crop).jpg",https://upload.wikimedia.org/wikipedia/commons/c/c8/Leroux_-_Le_fant%C3%B4me_de_l%27Op%C3%A9ra%2C_%C3%A9dition_1926_%28page_173_crop%29.jpg,Category:Universal Pictures publicity photos,TRUE
"Leroux - Le fantôme de l'Opéra, édition 1926 (page 174 crop).jpg","https://commons.wikimedia.org/wiki/File:Leroux_-_Le_fant%C3%B4me_de_l%27Op%C3%A9ra,_%C3%A9dition_1926_(page_174_crop).jpg",https://upload.wikimedia.org/wikipedia/commons/6/61/Leroux_-_Le_fant%C3%B4me_de_l%27Op%C3%A9ra%2C_%C3%A9dition_1926_%28page_174_crop%29.jpg,Category:Universal Pictures publicity photos,TRUE
"Leroux - Le fantôme de l'Opéra, édition 1926 (page 21a crop).jpg","https://commons.wikimedia.org/wiki/File:Leroux_-_Le_fant%C3%B4me_de_l%27Op%C3%A9ra,_%C3%A9dition_1926_(page_21a_crop).jpg",https://upload.wikimedia.org/wikipedia/commons/4/48/Leroux_-_Le_fant%C3%B4me_de_l%27Op%C3%A9ra%2C_%C3%A9dition_1926_%28page_21a_crop%29.jpg,Category:Universal Pictures publicity photos,TRUE
"Leroux - Le fantôme de l'Opéra, édition 1926 (page 21b crop).jpg","https://commons.wikimedia.org/wiki/File:Leroux_-_Le_fant%C3%B4me_de_l%27Op%C3%A9ra,_%C3%A9dition_1926_(page_21b_crop).jpg",https://upload.wikimedia.org/wikipedia/commons/2/21/Leroux_-_Le_fant%C3%B4me_de_l%27Op%C3%A9ra%2C_%C3%A9dition_1926_%28page_21b_crop%29.jpg,Category:Universal Pictures publicity photos,2026-09-24
"Leroux - Le fantôme de l'Opéra, édition 1926 (page 22 crop).jpg","https://commons.wikimedia.org/wiki/File:Leroux_-_Le_fant%C3%B4me_de_l%27Op%C3%A9ra,_%C3%A9dition_1926_(page_22_crop).jpg",https://upload.wikimedia.org/wikipedia/commons/6/61/Leroux_-_Le_fant%C3%B4me_de_l%27Op%C3%A9ra%2C_%C3%A9dition_1926_%28page_22_crop%29.jpg,Category:Universal Pictures publicity photos,TRUE
"Leroux - Le fantôme de l'Opéra, édition 1926 (page 31 crop).jpg","https://commons.wikimedia.org/wiki/File:Leroux_-_Le_fant%C3%B4me_de_l%27Op%C3%A9ra,_%C3%A9dition_1926_(page_31_crop).jpg",https://upload.wikimedia.org/wikipedia/commons/1/1e/Leroux_-_Le_fant%C3%B4me_de_l%27Op%C3%A9ra%2C_%C3%A9dition_1926_%28page_31_crop%29.jpg,Category:Universal Pictures publicity photos,2026-09-13
"Leroux - Le fantôme de l'Opéra, édition 1926 (page 32 crop).jpg","https://commons.wikimedia.org/wiki/File:Leroux_-_Le_fant%C3%B4me_de_l%27Op%C3%A9ra,_%C3%A9dition_1926_(page_32_crop).jpg",https://upload.wikimedia.org/wikipedia/commons/6/6f/Leroux_-_Le_fant%C3%B4me_de_l%27Op%C3%A9ra%2C_%C3%A9dition_1926_%28page_32_crop%29.jpg,Category:Universal Pictures publicity photos,TRUE
"Leroux - Le fantôme de l'Opéra, édition 1926 (page 33a crop).jpg","https://commons.wikimedia.org/wiki/File:Leroux_-_Le_fant%C3%B4me_de_l%27Op%C3%A9ra,_%C3%A9dition_1926_(page_33a_crop).jpg",https://upload.wikimedia.org/wikipedia/commons/b/b8/Leroux_-_Le_fant%C3%B4me_de_l%27Op%C3%A9ra%2C_%C3%A9dition_1926_%28page_33a_crop%29.jpg,Category:Universal Pictures publicity photos,2026-09-08
"Leroux - Le fantôme de l'Opéra, édition 1926 (page 33b crop).jpg","https://commons.wikimedia.org/wiki/File:Leroux_-_Le_fant%C3%B4me_de_l%27Op%C3%A9ra,_%C3%A9dition_1926_(page_33b_crop).jpg",https://upload.wikimedia.org/wikipedia/commons/3/30/Leroux_-_Le_fant%C3%B4me_de_l%27Op%C3%A9ra%2C_%C3%A9dition_1926_%28page_33b_crop%29.jpg,Category:Universal Pictures publicity photos,TRUE
"Leroux - Le fantôme de l'Opéra, édition 1926 (page 34 crop).jpg","https://commons.wikimedia.org/wiki/File:Leroux_-_Le_fant%C3%B4me_de_l%27Op%C3%A9ra,_%C3%A9dition_1926_(page_34_crop).jpg",https://upload.wikimedia.org/wikipedia/commons/4/47/Leroux_-_Le_fant%C3%B4me_de_l%27Op%C3%A9ra%2C_%C3%A9dition_1926_%28page_34_crop%29.jpg,Category:Universal Pictures publicity photos,2026-09-23
"Leroux - Le fantôme de l'Opéra, édition 1926 (page 4 crop).jpg","https://commons.wikimedia.org/wiki/File:Leroux_-_Le_fant%C3%B4me_de_l%27Op%C3%A9ra,_%C3%A9dition_1926_(page_4_crop).jpg",https://upload.wikimedia.org/wikipedia/commons/c/c3/Leroux_-_Le_fant%C3%B4me_de_l%27Op%C3%A9ra%2C_%C3%A9dition_1926_%28page_4_crop%29.jpg,Category:Universal Pictures publicity photos,FALSE
"Leroux - Le fantôme de l'Opéra, édition 1926 (page 51 crop).jpg","https://commons.wikimedia.org/wiki/File:Leroux_-_Le_fant%C3%B4me_de_l%27Op%C3%A9ra,_%C3%A9dition_1926_(page_51_crop).jpg",https://upload.wikimedia.org/wikipedia/commons/8/86/Leroux_-_Le_fant%C3%B4me_de_l%27Op%C3%A9ra%2C_%C3%A9dition_1926_%28page_51_crop%29.jpg,Category:Universal Pictures publicity photos,2026-09-21
"Leroux - Le fantôme de l'Opéra, édition 1926 (page 52a crop).jpg","https://commons.wikimedia.org/wiki/File:Leroux_-_Le_fant%C3%B4me_de_l%27Op%C3%A9ra,_%C3%A9dition_1926_(page_52a_crop).jpg",https://upload.wikimedia.org/wikipedia/commons/9/92/Leroux_-_Le_fant%C3%B4me_de_l%27Op%C3%A9ra%2C_%C3%A9dition_1926_%28page_52a_crop%29.jpg,Category:Universal Pictures publicity photos,FALSE
"Leroux - Le fantôme de l'Opéra, édition 1926 (page 52b crop).jpg","https://commons.wikimedia.org/wiki/File:Leroux_-_Le_fant%C3%B4me_de_l%27Op%C3%A9ra,_%C3%A9dition_1926_(page_52b_crop).jpg",https://upload.wikimedia.org/wikipedia/commons/1/1f/Leroux_-_Le_fant%C3%B4me_de_l%27Op%C3%A9ra%2C_%C3%A9dition_1926_%28page_52b_crop%29.jpg,Category:Universal Pictures publicity photos,TRUE
"Leroux - Le fantôme de l'Opéra, édition 1926 (page 52c crop).jpg","https://commons.wikimedia.org/wiki/File:Leroux_-_Le_fant%C3%B4me_de_l%27Op%C3%A9ra,_%C3%A9dition_1926_(page_52c_crop).jpg",https://upload.wikimedia.org/wikipedia/commons/3/3d/Leroux_-_Le_fant%C3%B4me_de_l%27Op%C3%A9ra%2C_%C3%A9dition_1926_%28page_52c_crop%29.jpg,Category:Universal Pictures publicity photos,FALSE
"Leroux - Le fantôme de l'Opéra, édition 1926 (page 53a crop).jpg","https://commons.wikimedia.org/wiki/File:Leroux_-_Le_fant%C3%B4me_de_l%27Op%C3%A9ra,_%C3%A9dition_1926_(page_53a_crop).jpg",https://upload.wikimedia.org/wikipedia/commons/b/be/Leroux_-_Le_fant%C3%B4me_de_l%27Op%C3%A9ra%2C_%C3%A9dition_1926_%28page_53a_crop%29.jpg,Category:Universal Pictures publicity photos,TRUE
"Leroux - Le fantôme de l'Opéra, édition 1926 (page 53b crop).jpg","https://commons.wikimedia.org/wiki/File:Leroux_-_Le_fant%C3%B4me_de_l%27Op%C3%A9ra,_%C3%A9dition_1926_(page_53b_crop).jpg",https://upload.wikimedia.org/wikipedia/commons/c/c7/Leroux_-_Le_fant%C3%B4me_de_l%27Op%C3%A9ra%2C_%C3%A9dition_1926_%28page_53b_crop%29.jpg,Category:Universal Pictures publicity photos,TRUE
"Leroux - Le fantôme de l'Opéra, édition 1926 (page 54 crop).jpg","https://commons.wikimedia.org/wiki/File:Leroux_-_Le_fant%C3%B4me_de_l%27Op%C3%A9ra,_%C3%A9dition_1926_(page_54_crop).jpg",https://upload.wikimedia.org/wikipedia/commons/9/95/Leroux_-_Le_fant%C3%B4me_de_l%27Op%C3%A9ra%2C_%C3%A9dition_1926_%28page_54_crop%29.jpg,Category:Universal Pictures publicity photos,2026-09-24
"Leroux - Le fantôme de l'Opéra, édition 1926 (page 71 crop).jpg","https://commons.wikimedia.org/wiki/File:Leroux_-_Le_fant%C3%B4me_de_l%27Op%C3%A9ra,_%C3%A9dition_1926_(page_71_crop).jpg",https://upload.wikimedia.org/wikipedia/commons/4/47/Leroux_-_Le_fant%C3%B4me_de_l%27Op%C3%A9ra%2C_%C3%A9dition_1926_%28page_71_crop%29.jpg,Category:Universal Pictures publicity photos,FALSE
"Leroux - Le fantôme de l'Opéra, édition 1926 (page 72-73 1 crop).jpg","https://commons.wikimedia.org/wiki/File:Leroux_-_Le_fant%C3%B4me_de_l%27Op%C3%A9ra,_%C3%A9dition_1926_(page_72-73_1_crop).jpg",https://upload.wikimedia.org/wikipedia/commons/f/f9/Leroux_-_Le_fant%C3%B4me_de_l%27Op%C3%A9ra%2C_%C3%A9dition_1926_%28page_72-73_1_crop%29.jpg,Category:Universal Pictures publicity photos,2026-09-16
"Leroux - Le fantôme de l'Opéra, édition 1926 (page 72-73 2 crop).jpg","https://commons.wikimedia.org/wiki/File:Leroux_-_Le_fant%C3%B4me_de_l%27Op%C3%A9ra,_%C3%A9dition_1926_(page_72-73_2_crop).jpg",https://upload.wikimedia.org/wikipedia/commons/4/40/Leroux_-_Le_fant%C3%B4me_de_l%27Op%C3%A9ra%2C_%C3%A9dition_1926_%28page_72-73_2_crop%29.jpg,Category:Universal Pictures publicity photos,TRUE
"Leroux - Le fantôme de l'Opéra, édition 1926 (page 72-73 3 crop).jpg","https://commons.wikimedia.org/wiki/File:Leroux_-_Le_fant%C3%B4me_de_l%27Op%C3%A9ra,_%C3%A9dition_1926_(page_72-73_3_crop).jpg",https://upload.wikimedia.org/wikipedia/commons/2/2d/Leroux_-_Le_fant%C3%B4me_de_l%27Op%C3%A9ra%2C_%C3%A9dition_1926_%28page_72-73_3_crop%29.jpg,Category:Universal Pictures publicity photos,TRUE
"Leroux - Le fantôme de l'Opéra, édition 1926 (page 72-73 4 crop).jpg","https://commons.wikimedia.org/wiki/File:Leroux_-_Le_fant%C3%B4me_de_l%27Op%C3%A9ra,_%C3%A9dition_1926_(page_72-73_4_crop).jpg",https://upload.wikimedia.org/wikipedia/commons/a/a5/Leroux_-_Le_fant%C3%B4me_de_l%27Op%C3%A9ra%2C_%C3%A9dition_1926_%28page_72-73_4_crop%29.jpg,Category:Universal Pictures publicity photos,2026-09-20
"Leroux - Le fantôme de l'Opéra, édition 1926 (page 72-73 5 crop).jpg","https://commons.wikimedia.org/wiki/File:Leroux_-_Le_fant%C3%B4me_de_l%27Op%C3%A9ra,_%C3%A9dition_1926_(page_72-73_5_crop).jpg",https://upload.wikimedia.org/wikipedia/commons/3/32/Leroux_-_Le_fant%C3%B4me_de_l%27Op%C3%A9ra%2C_%C3%A9dition_1926_%28page_72-73_5_crop%29.jpg,Category:Universal Pictures publicity photos,2026-09-24
"Leroux - Le fantôme de l'Opéra, édition 1926 (page 72-73 6 crop).jpg","https://commons.wikimedia.org/wiki/File:Leroux_-_Le_fant%C3%B4me_de_l%27Op%C3%A9ra,_%C3%A9dition_1926_(page_72-73_6_crop).jpg",https://upload.wikimedia.org/wikipedia/commons/a/ad/Leroux_-_Le_fant%C3%B4me_de_l%27Op%C3%A9ra%2C_%C3%A9dition_1926_%28page_72-73_6_crop%29.jpg,Category:Universal Pictures publicity photos,TRUE
"Leroux - Le fantôme de l'Opéra, édition 1926 (page 72-73 7 crop).jpg","https://commons.wikimedia.org/wiki/File:Leroux_-_Le_fant%C3%B4me_de_l%27Op%C3%A9ra,_%C3%A9dition_1926_(page_72-73_7_crop).jpg",https://upload.wikimedia.org/wikipedia/commons/0/00/Leroux_-_Le_fant%C3%B4me_de_l%27Op%C3%A9ra%2C_%C3%A9dition_1926_%28page_72-73_7_crop%29.jpg,Category:Universal Pictures publicity photos,TRUE
"Leroux - Le fantôme de l'Opéra, édition 1926 (page 72-73 8 crop).jpg","https://commons.wikimedia.org/wiki/File:Leroux_-_Le_fant%C3%B4me_de_l%27Op%C3%A9ra,_%C3%A9dition_1926_(page_72-73_8_crop).jpg",https://upload.wikimedia.org/wikipedia/commons/f/ff/Leroux_-_Le_fant%C3%B4me_de_l%27Op%C3%A9ra%2C_%C3%A9dition_1926_%28page_72-73_8_crop%29.jpg,Category:Universal Pictures publicity photos,TRUE
"Leroux - Le fantôme de l'Opéra, édition 1926 (page 72-73 crop).jpg","https://commons.wikimedia.org/wiki/File:Leroux_-_Le_fant%C3%B4me_de_l%27Op%C3%A9ra,_%C3%A9dition_1926_(page_72-73_crop).jpg",https://upload.wikimedia.org/wikipedia/commons/c/c2/Leroux_-_Le_fant%C3%B4me_de_l%27Op%C3%A9ra%2C_%C3%A9dition_1926_%28page_72-73_crop%29.jpg,Category:Universal Pictures publicity photos,TRUE
"Leroux - Le fantôme de l'Opéra, édition 1926 (page 74 crop).jpg","https://commons.wikimedia.org/wiki/File:Leroux_-_Le_fant%C3%B4me_de_l%27Op%C3%A9ra,_%C3%A9dition_1926_(page_74_crop).jpg",https://upload.wikimedia.org/wikipedia/commons/3/3a/Leroux_-_Le_fant%C3%B4me_de_l%27Op%C3%A9ra%2C_%C3%A9dition_1926_%28page_74_crop%29.jpg,Category:Universal Pictures publicity photos,2026-09-24
The Little White Violet (cinema 1915) (3109214257).jpg,https://commons.wikimedia.org/wiki/File:The_Little_White_Violet_(cinema_1915)_(3109214257).jpg,https://upload.wikimedia.org/wikipedia/commons/d/d5/The_Little_White_Violet_%28cinema_1915%29_%283109214257%29.jpg,Category:Universal Pictures publicity photos,LOWRES
Lon Chaney as The Phantom.jpg,https://commons.wikimedia.org/wiki/File:Lon_Chaney_as_The_Phantom.jpg,https://upload.wikimedia.org/wikipedia/commons/1/1f/Lon_Chaney_as_The_Phantom.jpg,Category:Universal Pictures publicity photos,TRUE
Lon-Chaney-Jorobado.jpg,https://commons.wikimedia.org/wiki/File:Lon-Chaney-Jorobado.jpg,https://upload.wikimedia.org/wikipedia/commons/1/1e/Lon-Chaney-Jorobado.jpg,Category:Universal Pictures publicity photos,LOWRES
Louis Jourdan and Joan Fontaine in Letter from an Unknown Woman.jpg,https://commons.wikimedia.org/wiki/File:Louis_Jourdan_and_Joan_Fontaine_in_Letter_from_an_Unknown_Woman.jpg,https://upload.wikimedia.org/wikipedia/commons/c/c7/Louis_Jourdan_and_Joan_Fontaine_in_Letter_from_an_Unknown_Woman.jpg,Category:Universal Pictures publicity photos,LOWRES
Louisa Horton 1948.jpg,https://commons.wikimedia.org/wiki/File:Louisa_Horton_1948.jpg,https://upload.wikimedia.org/wikipedia/commons/8/82/Louisa_Horton_1948.jpg,Category:Universal Pictures publicity photos,LOWRES
Louise Beavers and Claudette Colbert in Imitation of Life.jpg,https://commons.wikimedia.org/wiki/File:Louise_Beavers_and_Claudette_Colbert_in_Imitation_of_Life.jpg,https://upload.wikimedia.org/wikipedia/commons/7/75/Louise_Beavers_and_Claudette_Colbert_in_Imitation_of_Life.jpg,Category:Universal Pictures publicity photos,TRUE
Love Before Breakfast Still.jpg,https://commons.wikimedia.org/wiki/File:Love_Before_Breakfast_Still.jpg,https://upload.wikimedia.org/wikipedia/commons/b/b9/Love_Before_Breakfast_Still.jpg,Category:Universal Pictures publicity photos,TRUE
The Love Girl still.jpg,https://commons.wikimedia.org/wiki/File:The_Love_Girl_still.jpg,https://upload.wikimedia.org/wikipedia/commons/4/40/The_Love_Girl_still.jpg,Category:Universal Pictures publicity photos,LOWRES
The Love Girl.jpg,https://commons.wikimedia.org/wiki/File:The_Love_Girl.jpg,https://upload.wikimedia.org/wikipedia/commons/4/41/The_Love_Girl.jpg,Category:Universal Pictures publicity photos,TRUE
Lupita Tovar Argentinean Magazine AD.jpg,https://commons.wikimedia.org/wiki/File:Lupita_Tovar_Argentinean_Magazine_AD.jpg,https://upload.wikimedia.org/wikipedia/commons/3/3b/Lupita_Tovar_Argentinean_Magazine_AD.jpg,Category:Universal Pictures publicity photos,TRUE
The Man Who Laughs (1928) - 2.jpg,https://commons.wikimedia.org/wiki/File:The_Man_Who_Laughs_(1928)_-_2.jpg,https://upload.wikimedia.org/wikipedia/commons/e/e5/The_Man_Who_Laughs_%281928%29_-_2.jpg,Category:Universal Pictures publicity photos,TRUE
The Man Who Laughs (1928) - 4.jpg,https://commons.wikimedia.org/wiki/File:The_Man_Who_Laughs_(1928)_-_4.jpg,https://upload.wikimedia.org/wikipedia/commons/7/7a/The_Man_Who_Laughs_%281928%29_-_4.jpg,Category:Universal Pictures publicity photos,TRUE
The Man Who Laughs - Conrad Veidt as Gwynplaine.jpg,https://commons.wikimedia.org/wiki/File:The_Man_Who_Laughs_-_Conrad_Veidt_as_Gwynplaine.jpg,https://upload.wikimedia.org/wikipedia/commons/2/2a/The_Man_Who_Laughs_-_Conrad_Veidt_as_Gwynplaine.jpg,Category:Universal Pictures publicity photos,TRUE
Hitchcock Hedren Marnie Publicity Photo.jpg,https://commons.wikimedia.org/wiki/File:Hitchcock_Hedren_Marnie_Publicity_Photo.jpg,https://upload.wikimedia.org/wikipedia/commons/1/16/Hitchcock_Hedren_Marnie_Publicity_Photo.jpg,Category:Universal Pictures publicity photos,TRUE
Mary Forbes (1883-1974) in Terror by Night in 1946.jpg,https://commons.wikimedia.org/wiki/File:Mary_Forbes_(1883-1974)_in_Terror_by_Night_in_1946.jpg,https://upload.wikimedia.org/wikipedia/commons/1/1a/Mary_Forbes_%281883-1974%29_in_Terror_by_Night_in_1946.jpg,Category:Universal Pictures publicity photos,TRUE
"Laura La Plante, silent film actress (SAYRE 5343).jpg","https://commons.wikimedia.org/wiki/File:Laura_La_Plante,_silent_film_actress_(SAYRE_5343).jpg",https://upload.wikimedia.org/wikipedia/commons/4/4e/Laura_La_Plante%2C_silent_film_actress_%28SAYRE_5343%29.jpg,Category:Universal Pictures publicity photos,TRUE
"Ruby, silent film actress (SAYRE 8566).jpg","https://commons.wikimedia.org/wiki/File:Ruby,_silent_film_actress_(SAYRE_8566).jpg",https://upload.wikimedia.org/wikipedia/commons/4/45/Ruby%2C_silent_film_actress_%28SAYRE_8566%29.jpg,Category:Universal Pictures publicity photos,TRUE
Mike and Jake at the Beach - A Pictorial History of the Silent Screen.jpg,https://commons.wikimedia.org/wiki/File:Mike_and_Jake_at_the_Beach_-_A_Pictorial_History_of_the_Silent_Screen.jpg,https://upload.wikimedia.org/wikipedia/commons/0/02/Mike_and_Jake_at_the_Beach_-_A_Pictorial_History_of_the_Silent_Screen.jpg,Category:Universal Pictures publicity photos,TRUE
Freund-Karloff-The-Mummy-1932.jpg,https://commons.wikimedia.org/wiki/File:Freund-Karloff-The-Mummy-1932.jpg,https://upload.wikimedia.org/wikipedia/commons/b/be/Freund-Karloff-The-Mummy-1932.jpg,Category:Universal Pictures publicity photos,TRUE
The Mummy 1932 still.jpg,https://commons.wikimedia.org/wiki/File:The_Mummy_1932_still.jpg,https://upload.wikimedia.org/wikipedia/commons/7/7d/The_Mummy_1932_still.jpg,Category:Universal Pictures publicity photos,FALSE
My Man Godfrey (1936) 1.jpg,https://commons.wikimedia.org/wiki/File:My_Man_Godfrey_(1936)_1.jpg,https://upload.wikimedia.org/wikipedia/commons/8/87/My_Man_Godfrey_%281936%29_1.jpg,Category:Universal Pictures publicity photos,TRUE
My Man Godfrey promo still 2.jpg,https://commons.wikimedia.org/wiki/File:My_Man_Godfrey_promo_still_2.jpg,https://upload.wikimedia.org/wikipedia/commons/9/99/My_Man_Godfrey_promo_still_2.jpg,Category:Universal Pictures publicity photos,TRUE
My Man Godfrey promo still.JPG,https://commons.wikimedia.org/wiki/File:My_Man_Godfrey_promo_still.JPG,https://upload.wikimedia.org/wikipedia/commons/5/59/My_Man_Godfrey_promo_still.JPG,Category:Universal Pictures publicity photos,LOWRES
My-Little-Chickadee-1940-2.jpg,https://commons.wikimedia.org/wiki/File:My-Little-Chickadee-1940-2.jpg,https://upload.wikimedia.org/wikipedia/commons/b/bf/My-Little-Chickadee-1940-2.jpg,Category:Universal Pictures publicity photos,TRUE
No Woman Knows (1921) - 10.jpg,https://commons.wikimedia.org/wiki/File:No_Woman_Knows_(1921)_-_10.jpg,https://upload.wikimedia.org/wikipedia/commons/5/5b/No_Woman_Knows_%281921%29_-_10.jpg,Category:Universal Pictures publicity photos,LOWRES
"A scene from ""Nobody's Fool"" with Edward Everett Horton (SAYRE 14155).jpg",https://commons.wikimedia.org/wiki/File:A_scene_from_%22Nobody%27s_Fool%22_with_Edward_Everett_Horton_(SAYRE_14155).jpg,https://upload.wikimedia.org/wikipedia/commons/3/39/A_scene_from_%22Nobody%27s_Fool%22_with_Edward_Everett_Horton_%28SAYRE_14155%29.jpg,Category:Universal Pictures publicity photos,TRUE
Nobody's Fool (2).jpg,https://commons.wikimedia.org/wiki/File:Nobody%27s_Fool_(2).jpg,https://upload.wikimedia.org/wikipedia/commons/8/8d/Nobody%27s_Fool_%282%29.jpg,Category:Universal Pictures publicity photos,LOWRES
Gloria Stuart and Boris Karloff in The Old Dark House.jpg,https://commons.wikimedia.org/wiki/File:Gloria_Stuart_and_Boris_Karloff_in_The_Old_Dark_House.jpg,https://upload.wikimedia.org/wikipedia/commons/e/e0/Gloria_Stuart_and_Boris_Karloff_in_The_Old_Dark_House.jpg,Category:Universal Pictures publicity photos,LOWRES
Opening night - Erich von Stroheim - film Foolish Wives - 1922 - Universal - EYE FOT69470.jpg,https://commons.wikimedia.org/wiki/File:Opening_night_-_Erich_von_Stroheim_-_film_Foolish_Wives_-_1922_-_Universal_-_EYE_FOT69470.jpg,https://upload.wikimedia.org/wikipedia/commons/6/64/Opening_night_-_Erich_von_Stroheim_-_film_Foolish_Wives_-_1922_-_Universal_-_EYE_FOT69470.jpg,Category:Universal Pictures publicity photos,TRUE
The Outlaw's Daughter (1925) - 1.jpg,https://commons.wikimedia.org/wiki/File:The_Outlaw%27s_Daughter_(1925)_-_1.jpg,https://upload.wikimedia.org/wikipedia/commons/d/d3/The_Outlaw%27s_Daughter_%281925%29_-_1.jpg,Category:Universal Pictures publicity photos,TRUE
PR Miller Freulich.jpg,https://commons.wikimedia.org/wiki/File:PR_Miller_Freulich.jpg,https://upload.wikimedia.org/wikipedia/commons/b/ba/PR_Miller_Freulich.jpg,Category:Universal Pictures publicity photos,LOWRES
Painting the Town (1927) - 2.jpg,https://commons.wikimedia.org/wiki/File:Painting_the_Town_(1927)_-_2.jpg,https://upload.wikimedia.org/wikipedia/commons/e/e8/Painting_the_Town_%281927%29_-_2.jpg,Category:Universal Pictures publicity photos,LOWRES
Peck Lyn Shoot Out Still.jpg,https://commons.wikimedia.org/wiki/File:Peck_Lyn_Shoot_Out_Still.jpg,https://upload.wikimedia.org/wikipedia/commons/d/d2/Peck_Lyn_Shoot_Out_Still.jpg,Category:Universal Pictures publicity photos,TRUE
Peck Martin Mitchum Cape Fear 1962.jpg,https://commons.wikimedia.org/wiki/File:Peck_Martin_Mitchum_Cape_Fear_1962.jpg,https://upload.wikimedia.org/wikipedia/commons/3/38/Peck_Martin_Mitchum_Cape_Fear_1962.jpg,Category:Universal Pictures publicity photos,TRUE
"Leroux - Le fantôme de l'Opéra, édition 1926 (page 104 crop).jpg","https://commons.wikimedia.org/wiki/File:Leroux_-_Le_fant%C3%B4me_de_l%27Op%C3%A9ra,_%C3%A9dition_1926_(page_104_crop).jpg",https://upload.wikimedia.org/wikipedia/commons/9/94/Leroux_-_Le_fant%C3%B4me_de_l%27Op%C3%A9ra%2C_%C3%A9dition_1926_%28page_104_crop%29.jpg,Category:Universal Pictures publicity photos,2026-09-24
PhantomOp.jpg,https://commons.wikimedia.org/wiki/File:PhantomOp.jpg,https://upload.wikimedia.org/wikipedia/commons/f/f4/PhantomOp.jpg,Category:Universal Pictures publicity photos,LOWRES
The Phantom of the Opera (1925) - 10.jpg,https://commons.wikimedia.org/wiki/File:The_Phantom_of_the_Opera_(1925)_-_10.jpg,https://upload.wikimedia.org/wikipedia/commons/a/a5/The_Phantom_of_the_Opera_%281925%29_-_10.jpg,Category:Universal Pictures publicity photos,TRUE
The Phantom of the Opera (1925) - 11.jpg,https://commons.wikimedia.org/wiki/File:The_Phantom_of_the_Opera_(1925)_-_11.jpg,https://upload.wikimedia.org/wikipedia/commons/7/71/The_Phantom_of_the_Opera_%281925%29_-_11.jpg,Category:Universal Pictures publicity photos,TRUE
The Phantom of the Opera (1925) - 12.jpg,https://commons.wikimedia.org/wiki/File:The_Phantom_of_the_Opera_(1925)_-_12.jpg,https://upload.wikimedia.org/wikipedia/commons/9/9c/The_Phantom_of_the_Opera_%281925%29_-_12.jpg,Category:Universal Pictures publicity photos,LOWRES
The Phantom of the Opera (1925) - 14.jpg,https://commons.wikimedia.org/wiki/File:The_Phantom_of_the_Opera_(1925)_-_14.jpg,https://upload.wikimedia.org/wikipedia/commons/8/8f/The_Phantom_of_the_Opera_%281925%29_-_14.jpg,Category:Universal Pictures publicity photos,LOWRES
The Phantom of the Opera (1925) - 20.jpg,https://commons.wikimedia.org/wiki/File:The_Phantom_of_the_Opera_(1925)_-_20.jpg,https://upload.wikimedia.org/wikipedia/commons/d/d1/The_Phantom_of_the_Opera_%281925%29_-_20.jpg,Category:Universal Pictures publicity photos,LOWRES
The Phantom of the Opera (1925) - 21.jpg,https://commons.wikimedia.org/wiki/File:The_Phantom_of_the_Opera_(1925)_-_21.jpg,https://upload.wikimedia.org/wikipedia/commons/b/b8/The_Phantom_of_the_Opera_%281925%29_-_21.jpg,Category:Universal Pictures publicity photos,TRUE
The Phantom of the Opera (1925) - 23.jpg,https://commons.wikimedia.org/wiki/File:The_Phantom_of_the_Opera_(1925)_-_23.jpg,https://upload.wikimedia.org/wikipedia/commons/2/25/The_Phantom_of_the_Opera_%281925%29_-_23.jpg,Category:Universal Pictures publicity photos,LOWRES
The Phantom of the Opera (1925) - 24.jpg,https://commons.wikimedia.org/wiki/File:The_Phantom_of_the_Opera_(1925)_-_24.jpg,https://upload.wikimedia.org/wikipedia/commons/f/fd/The_Phantom_of_the_Opera_%281925%29_-_24.jpg,Category:Universal Pictures publicity photos,LOWRES
The Phantom of the Opera (1925) - 25.jpg,https://commons.wikimedia.org/wiki/File:The_Phantom_of_the_Opera_(1925)_-_25.jpg,https://upload.wikimedia.org/wikipedia/commons/9/99/The_Phantom_of_the_Opera_%281925%29_-_25.jpg,Category:Universal Pictures publicity photos,TRUE
The Phantom of the Opera (1925) - 26.jpg,https://commons.wikimedia.org/wiki/File:The_Phantom_of_the_Opera_(1925)_-_26.jpg,https://upload.wikimedia.org/wikipedia/commons/8/8c/The_Phantom_of_the_Opera_%281925%29_-_26.jpg,Category:Universal Pictures publicity photos,TRUE
The Phantom of the Opera (1925) - 27.jpg,https://commons.wikimedia.org/wiki/File:The_Phantom_of_the_Opera_(1925)_-_27.jpg,https://upload.wikimedia.org/wikipedia/commons/d/d6/The_Phantom_of_the_Opera_%281925%29_-_27.jpg,Category:Universal Pictures publicity photos,LOWRES
The Phantom of the Opera (1925) - 28.jpg,https://commons.wikimedia.org/wiki/File:The_Phantom_of_the_Opera_(1925)_-_28.jpg,https://upload.wikimedia.org/wikipedia/commons/f/f4/The_Phantom_of_the_Opera_%281925%29_-_28.jpg,Category:Universal Pictures publicity photos,TRUE
The Phantom of the Opera (1925) - 29.jpg,https://commons.wikimedia.org/wiki/File:The_Phantom_of_the_Opera_(1925)_-_29.jpg,https://upload.wikimedia.org/wikipedia/commons/4/4f/The_Phantom_of_the_Opera_%281925%29_-_29.jpg,Category:Universal Pictures publicity photos,2026-09-16
The Phantom of the Opera (1925) - 30.jpg,https://commons.wikimedia.org/wiki/File:The_Phantom_of_the_Opera_(1925)_-_30.jpg,https://upload.wikimedia.org/wikipedia/commons/e/e8/The_Phantom_of_the_Opera_%281925%29_-_30.jpg,Category:Universal Pictures publicity photos,TRUE
The Phantom of the Opera (1925) - 5.jpg,https://commons.wikimedia.org/wiki/File:The_Phantom_of_the_Opera_(1925)_-_5.jpg,https://upload.wikimedia.org/wikipedia/commons/4/41/The_Phantom_of_the_Opera_%281925%29_-_5.jpg,Category:Universal Pictures publicity photos,TRUE
The Phantom of the Opera (1925) - 6.jpg,https://commons.wikimedia.org/wiki/File:The_Phantom_of_the_Opera_(1925)_-_6.jpg,https://upload.wikimedia.org/wikipedia/commons/8/80/The_Phantom_of_the_Opera_%281925%29_-_6.jpg,Category:Universal Pictures publicity photos,TRUE
The Phantom of the Opera (1925) - 7.jpg,https://commons.wikimedia.org/wiki/File:The_Phantom_of_the_Opera_(1925)_-_7.jpg,https://upload.wikimedia.org/wikipedia/commons/1/1f/The_Phantom_of_the_Opera_%281925%29_-_7.jpg,Category:Universal Pictures publicity photos,TRUE
The Phantom of the Opera (1925) - 8.jpg,https://commons.wikimedia.org/wiki/File:The_Phantom_of_the_Opera_(1925)_-_8.jpg,https://upload.wikimedia.org/wikipedia/commons/4/42/The_Phantom_of_the_Opera_%281925%29_-_8.jpg,Category:Universal Pictures publicity photos,TRUE
The Phantom of the Opera (1925) still.jpg,https://commons.wikimedia.org/wiki/File:The_Phantom_of_the_Opera_(1925)_still.jpg,https://upload.wikimedia.org/wikipedia/commons/1/1a/The_Phantom_of_the_Opera_%281925%29_still.jpg,Category:Universal Pictures publicity photos,TRUE
The Phantom of the Opera (SAYRE 14095).jpg,https://commons.wikimedia.org/wiki/File:The_Phantom_of_the_Opera_(SAYRE_14095).jpg,https://upload.wikimedia.org/wikipedia/commons/9/9c/The_Phantom_of_the_Opera_%28SAYRE_14095%29.jpg,Category:Universal Pictures publicity photos,2026-09-14
The Phantom of the Opera (SAYRE 14381).jpg,https://commons.wikimedia.org/wiki/File:The_Phantom_of_the_Opera_(SAYRE_14381).jpg,https://upload.wikimedia.org/wikipedia/commons/3/30/The_Phantom_of_the_Opera_%28SAYRE_14381%29.jpg,Category:Universal Pictures publicity photos,2026-09-24
The Phantom of the Opera (SAYRE 14798).jpg,https://commons.wikimedia.org/wiki/File:The_Phantom_of_the_Opera_(SAYRE_14798).jpg,https://upload.wikimedia.org/wikipedia/commons/d/d4/The_Phantom_of_the_Opera_%28SAYRE_14798%29.jpg,Category:Universal Pictures publicity photos,TRUE
Phantom-Lady-1.jpg,https://commons.wikimedia.org/wiki/File:Phantom-Lady-1.jpg,https://upload.wikimedia.org/wikipedia/commons/f/f0/Phantom-Lady-1.jpg,Category:Universal Pictures publicity photos,TRUE
Phantom-Lady-2.jpg,https://commons.wikimedia.org/wiki/File:Phantom-Lady-2.jpg,https://upload.wikimedia.org/wikipedia/commons/7/75/Phantom-Lady-2.jpg,Category:Universal Pictures publicity photos,TRUE
The Prayer of a Horse (Cinema 1915) (3109217379).jpg,https://commons.wikimedia.org/wiki/File:The_Prayer_of_a_Horse_(Cinema_1915)_(3109217379).jpg,https://upload.wikimedia.org/wikipedia/commons/b/b1/The_Prayer_of_a_Horse_%28Cinema_1915%29_%283109217379%29.jpg,Category:Universal Pictures publicity photos,TRUE
Reverse side of Edmond O'Brien promo portrait with stamp of Ray Jones & Universal Pictures verification.jpg,https://commons.wikimedia.org/wiki/File:Reverse_side_of_Edmond_O%27Brien_promo_portrait_with_stamp_of_Ray_Jones_%26_Universal_Pictures_verification.jpg,https://upload.wikimedia.org/wikipedia/commons/1/18/Reverse_side_of_Edmond_O%27Brien_promo_portrait_with_stamp_of_Ray_Jones_%26_Universal_Pictures_verification.jpg,Category:Universal Pictures publicity photos,TRUE
Rock Hudson and Dorothy Malone in Written on the Wind.jpeg,https://commons.wikimedia.org/wiki/File:Rock_Hudson_and_Dorothy_Malone_in_Written_on_the_Wind.jpeg,https://upload.wikimedia.org/wikipedia/commons/9/96/Rock_Hudson_and_Dorothy_Malone_in_Written_on_the_Wind.jpeg,Category:Universal Pictures publicity photos,TRUE
Rock Hudson and Lauren Bacall in Written on the Wind still.jpg,https://commons.wikimedia.org/wiki/File:Rock_Hudson_and_Lauren_Bacall_in_Written_on_the_Wind_still.jpg,https://upload.wikimedia.org/wikipedia/commons/4/41/Rock_Hudson_and_Lauren_Bacall_in_Written_on_the_Wind_still.jpg,Category:Universal Pictures publicity photos,TRUE
Rock Hudson and Lauren Bacall in Written on the Wind.jpg,https://commons.wikimedia.org/wiki/File:Rock_Hudson_and_Lauren_Bacall_in_Written_on_the_Wind.jpg,https://upload.wikimedia.org/wikipedia/commons/1/19/Rock_Hudson_and_Lauren_Bacall_in_Written_on_the_Wind.jpg,Category:Universal Pictures publicity photos,TRUE
"Rock Hudson by Ray Jones, c. 1955 (cropped).jpg","https://commons.wikimedia.org/wiki/File:Rock_Hudson_by_Ray_Jones,_c._1955_(cropped).jpg",https://upload.wikimedia.org/wikipedia/commons/c/c0/Rock_Hudson_by_Ray_Jones%2C_c._1955_%28cropped%29.jpg,Category:Universal Pictures publicity photos,2026-09-09
"Rock Hudson by Ray Jones, c. 1955.jpg","https://commons.wikimedia.org/wiki/File:Rock_Hudson_by_Ray_Jones,_c._1955.jpg",https://upload.wikimedia.org/wikipedia/commons/8/87/Rock_Hudson_by_Ray_Jones%2C_c._1955.jpg,Category:Universal Pictures publicity photos,2026-09-17
Roscoe Karns by Jack Freulich.jpg,https://commons.wikimedia.org/wiki/File:Roscoe_Karns_by_Jack_Freulich.jpg,https://upload.wikimedia.org/wikipedia/commons/c/c9/Roscoe_Karns_by_Jack_Freulich.jpg,Category:Universal Pictures publicity photos,TRUE
Russell Gleason in Homicide Squad.jpg,https://commons.wikimedia.org/wiki/File:Russell_Gleason_in_Homicide_Squad.jpg,https://upload.wikimedia.org/wikipedia/commons/5/51/Russell_Gleason_in_Homicide_Squad.jpg,Category:Universal Pictures publicity photos,TRUE
Scene from September Mourn.jpg,https://commons.wikimedia.org/wiki/File:Scene_from_September_Mourn.jpg,https://upload.wikimedia.org/wikipedia/commons/5/54/Scene_from_September_Mourn.jpg,Category:Universal Pictures publicity photos,TRUE
Shadow of a Doubt 1943 film set Still.jpg,https://commons.wikimedia.org/wiki/File:Shadow_of_a_Doubt_1943_film_set_Still.jpg,https://upload.wikimedia.org/wikipedia/commons/0/02/Shadow_of_a_Doubt_1943_film_set_Still.jpg,Category:Universal Pictures publicity photos,TRUE
Sherlock Holmes and the Secret Weapon 2.jpg,https://commons.wikimedia.org/wiki/File:Sherlock_Holmes_and_the_Secret_Weapon_2.jpg,https://upload.wikimedia.org/wikipedia/commons/6/66/Sherlock_Holmes_and_the_Secret_Weapon_2.jpg,Category:Universal Pictures publicity photos,TRUE
"Scene in 1916 film ""Shoes"".jpeg",https://commons.wikimedia.org/wiki/File:Scene_in_1916_film_%22Shoes%22.jpeg,https://upload.wikimedia.org/wikipedia/commons/0/0d/Scene_in_1916_film_%22Shoes%22.jpeg,Category:Universal Pictures publicity photos,LOWRES
Scene with actresses Mattie Witting and Mary MacLaren in 1916 film Shoes.jpeg,https://commons.wikimedia.org/wiki/File:Scene_with_actresses_Mattie_Witting_and_Mary_MacLaren_in_1916_film_Shoes.jpeg,https://upload.wikimedia.org/wikipedia/commons/9/99/Scene_with_actresses_Mattie_Witting_and_Mary_MacLaren_in_1916_film_Shoes.jpeg,Category:Universal Pictures publicity photos,2026-09-17
Shoes 1916 still.jpg,https://commons.wikimedia.org/wiki/File:Shoes_1916_still.jpg,https://upload.wikimedia.org/wikipedia/commons/2/22/Shoes_1916_still.jpg,Category:Universal Pictures publicity photos,TRUE
Shoes 1916.jpg,https://commons.wikimedia.org/wiki/File:Shoes_1916.jpg,https://upload.wikimedia.org/wikipedia/commons/1/13/Shoes_1916.jpg,Category:Universal Pictures publicity photos,TRUE
Dawn Lyn and Gregory Peck Shoot Out press still.jpg,https://commons.wikimedia.org/wiki/File:Dawn_Lyn_and_Gregory_Peck_Shoot_Out_press_still.jpg,https://upload.wikimedia.org/wikipedia/commons/a/a1/Dawn_Lyn_and_Gregory_Peck_Shoot_Out_press_still.jpg,Category:Universal Pictures publicity photos,2026-09-03
The Silent Battle still.jpg,https://commons.wikimedia.org/wiki/File:The_Silent_Battle_still.jpg,https://upload.wikimedia.org/wikipedia/commons/4/46/The_Silent_Battle_still.jpg,Category:Universal Pictures publicity photos,LOWRES
Rudolph Valentino and Carmel Myers.jpg,https://commons.wikimedia.org/wiki/File:Rudolph_Valentino_and_Carmel_Myers.jpg,https://upload.wikimedia.org/wikipedia/commons/a/a4/Rudolph_Valentino_and_Carmel_Myers.jpg,Category:Universal Pictures publicity photos,LOWRES
Still from A Society Sensation 01.jpg,https://commons.wikimedia.org/wiki/File:Still_from_A_Society_Sensation_01.jpg,https://upload.wikimedia.org/wikipedia/commons/3/3b/Still_from_A_Society_Sensation_01.jpg,Category:Universal Pictures publicity photos,TRUE
Still from A Society Sensation 02.jpg,https://commons.wikimedia.org/wiki/File:Still_from_A_Society_Sensation_02.jpg,https://upload.wikimedia.org/wikipedia/commons/d/d0/Still_from_A_Society_Sensation_02.jpg,Category:Universal Pictures publicity photos,TRUE
Still from A Society Sensation 03.jpg,https://commons.wikimedia.org/wiki/File:Still_from_A_Society_Sensation_03.jpg,https://upload.wikimedia.org/wikipedia/commons/7/74/Still_from_A_Society_Sensation_03.jpg,Category:Universal Pictures publicity photos,LOWRES
Stills from A Society Sensation.jpg,https://commons.wikimedia.org/wiki/File:Stills_from_A_Society_Sensation.jpg,https://upload.wikimedia.org/wikipedia/commons/2/23/Stills_from_A_Society_Sensation.jpg,Category:Universal Pictures publicity photos,2026-09-08
Still from 1913 film Lady Babbie with actors Barbara Tennant and O. A. C. Lund.jpeg,https://commons.wikimedia.org/wiki/File:Still_from_1913_film_Lady_Babbie_with_actors_Barbara_Tennant_and_O._A._C._Lund.jpeg,https://upload.wikimedia.org/wikipedia/commons/f/f7/Still_from_1913_film_Lady_Babbie_with_actors_Barbara_Tennant_and_O._A._C._Lund.jpeg,Category:Universal Pictures publicity photos,TRUE
Stuart Holmes in The Man Who Laughs.jpg,https://commons.wikimedia.org/wiki/File:Stuart_Holmes_in_The_Man_Who_Laughs.jpg,https://upload.wikimedia.org/wikipedia/commons/0/01/Stuart_Holmes_in_The_Man_Who_Laughs.jpg,Category:Universal Pictures publicity photos,TRUE
Studio publicity Moore Juanita.jpg,https://commons.wikimedia.org/wiki/File:Studio_publicity_Moore_Juanita.jpg,https://upload.wikimedia.org/wikipedia/commons/2/2e/Studio_publicity_Moore_Juanita.jpg,Category:Universal Pictures publicity photos,TRUE
Basil Rathbone-Barbara O'Neil in The Sun Never Sets.jpg,https://commons.wikimedia.org/wiki/File:Basil_Rathbone-Barbara_O%27Neil_in_The_Sun_Never_Sets.jpg,https://upload.wikimedia.org/wikipedia/commons/5/56/Basil_Rathbone-Barbara_O%27Neil_in_The_Sun_Never_Sets.jpg,Category:Universal Pictures publicity photos,TRUE
"A scene from ""Sundown Trail"" (SAYRE 13289).jpg",https://commons.wikimedia.org/wiki/File:A_scene_from_%22Sundown_Trail%22_(SAYRE_13289).jpg,https://upload.wikimedia.org/wikipedia/commons/b/bd/A_scene_from_%22Sundown_Trail%22_%28SAYRE_13289%29.jpg,Category:Universal Pictures publicity photos,TRUE
Susan Kohner and Juanita Moore.jpeg,https://commons.wikimedia.org/wiki/File:Susan_Kohner_and_Juanita_Moore.jpeg,https://upload.wikimedia.org/wikipedia/commons/1/1a/Susan_Kohner_and_Juanita_Moore.jpeg,Category:Universal Pictures publicity photos,2026-09-24
Susan Kohner in Imitation of Life.jpeg,https://commons.wikimedia.org/wiki/File:Susan_Kohner_in_Imitation_of_Life.jpeg,https://upload.wikimedia.org/wikipedia/commons/1/13/Susan_Kohner_in_Imitation_of_Life.jpeg,Category:Universal Pictures publicity photos,TRUE
Temptation and the Man.jpg,https://commons.wikimedia.org/wiki/File:Temptation_and_the_Man.jpg,https://upload.wikimedia.org/wikipedia/commons/f/f0/Temptation_and_the_Man.jpg,Category:Universal Pictures publicity photos,2026-09-14
Teresa-Wright-1942-1.jpg,https://commons.wikimedia.org/wiki/File:Teresa-Wright-1942-1.jpg,https://upload.wikimedia.org/wikipedia/commons/1/17/Teresa-Wright-1942-1.jpg,Category:Universal Pictures publicity photos,TRUE
Teresa-Wright-1942-2 (cropped).jpg,https://commons.wikimedia.org/wiki/File:Teresa-Wright-1942-2_(cropped).jpg,https://upload.wikimedia.org/wikipedia/commons/7/75/Teresa-Wright-1942-2_%28cropped%29.jpg,Category:Universal Pictures publicity photos,TRUE
Teresa-Wright-1942-2.jpg,https://commons.wikimedia.org/wiki/File:Teresa-Wright-1942-2.jpg,https://upload.wikimedia.org/wikipedia/commons/d/d7/Teresa-Wright-1942-2.jpg,Category:Universal Pictures publicity photos,2026-09-15
Teresa-Wright-1942-3.jpg,https://commons.wikimedia.org/wiki/File:Teresa-Wright-1942-3.jpg,https://upload.wikimedia.org/wikipedia/commons/0/08/Teresa-Wright-1942-3.jpg,Category:Universal Pictures publicity photos,2026-09-21
Terror by Night 1946.jpg,https://commons.wikimedia.org/wiki/File:Terror_by_Night_1946.jpg,https://upload.wikimedia.org/wikipedia/commons/4/49/Terror_by_Night_1946.jpg,Category:Universal Pictures publicity photos,LOWRES
The Battle of Bull Run (1913).jpg,https://commons.wikimedia.org/wiki/File:The_Battle_of_Bull_Run_(1913).jpg,https://upload.wikimedia.org/wikipedia/commons/3/3b/The_Battle_of_Bull_Run_%281913%29.jpg,Category:Universal Pictures publicity photos,TRUE
The Brox Sisters and the Rhythm Boys in King of Jazz.jpg,https://commons.wikimedia.org/wiki/File:The_Brox_Sisters_and_the_Rhythm_Boys_in_King_of_Jazz.jpg,https://upload.wikimedia.org/wikipedia/commons/6/65/The_Brox_Sisters_and_the_Rhythm_Boys_in_King_of_Jazz.jpg,Category:Universal Pictures publicity photos,TRUE
The Heart of Lincoln 1915 Francis Ford.jpg,https://commons.wikimedia.org/wiki/File:The_Heart_of_Lincoln_1915_Francis_Ford.jpg,https://upload.wikimedia.org/wikipedia/commons/3/31/The_Heart_of_Lincoln_1915_Francis_Ford.jpg,Category:Universal Pictures publicity photos,LOWRES
The Ramblin’ Kid ‘First night on the ranch’ P 71.jpg,https://commons.wikimedia.org/wiki/File:The_Ramblin%E2%80%99_Kid_%E2%80%98First_night_on_the_ranch%E2%80%99_P_71.jpg,https://upload.wikimedia.org/wikipedia/commons/f/f0/The_Ramblin%E2%80%99_Kid_%E2%80%98First_night_on_the_ranch%E2%80%99_P_71.jpg,Category:Universal Pictures publicity photos,2026-09-24
The Ramblin’ Kid ‘Gold dust maverick’ P 105.jpg,https://commons.wikimedia.org/wiki/File:The_Ramblin%E2%80%99_Kid_%E2%80%98Gold_dust_maverick%E2%80%99_P_105.jpg,https://upload.wikimedia.org/wikipedia/commons/8/8d/The_Ramblin%E2%80%99_Kid_%E2%80%98Gold_dust_maverick%E2%80%99_P_105.jpg,Category:Universal Pictures publicity photos,TRUE
The Ramblin’ Kid ‘I like a man with intelligence’ P 8.jpg,https://commons.wikimedia.org/wiki/File:The_Ramblin%E2%80%99_Kid_%E2%80%98I_like_a_man_with_intelligence%E2%80%99_P_8.jpg,https://upload.wikimedia.org/wikipedia/commons/f/f8/The_Ramblin%E2%80%99_Kid_%E2%80%98I_like_a_man_with_intelligence%E2%80%99_P_8.jpg,Category:Universal Pictures publicity photos,TRUE
The Ramblin’ Kid ‘No explanation necessary’ P 339.jpg,https://commons.wikimedia.org/wiki/File:The_Ramblin%E2%80%99_Kid_%E2%80%98No_explanation_necessary%E2%80%99_P_339.jpg,https://upload.wikimedia.org/wikipedia/commons/3/34/The_Ramblin%E2%80%99_Kid_%E2%80%98No_explanation_necessary%E2%80%99_P_339.jpg,Category:Universal Pictures publicity photos,FALSE
"The Ramblin’ Kid ‘Some chicken, eh?’ P 303.jpg","https://commons.wikimedia.org/wiki/File:The_Ramblin%E2%80%99_Kid_%E2%80%98Some_chicken,_eh%3F%E2%80%99_P_303.jpg",https://upload.wikimedia.org/wikipedia/commons/f/f9/The_Ramblin%E2%80%99_Kid_%E2%80%98Some_chicken%2C_eh%3F%E2%80%99_P_303.jpg,Category:Universal Pictures publicity photos,2026-09-24
The Ramblin’ Kid ‘The kid pretends to be drunk’ P 139.jpg,https://commons.wikimedia.org/wiki/File:The_Ramblin%E2%80%99_Kid_%E2%80%98The_kid_pretends_to_be_drunk%E2%80%99_P_139.jpg,https://upload.wikimedia.org/wikipedia/commons/f/fa/The_Ramblin%E2%80%99_Kid_%E2%80%98The_kid_pretends_to_be_drunk%E2%80%99_P_139.jpg,Category:Universal Pictures publicity photos,2026-09-24
"The Ramblin’ Kid ‘You won, kid’ P 253.jpg","https://commons.wikimedia.org/wiki/File:The_Ramblin%E2%80%99_Kid_%E2%80%98You_won,_kid%E2%80%99_P_253.jpg",https://upload.wikimedia.org/wikipedia/commons/7/7a/The_Ramblin%E2%80%99_Kid_%E2%80%98You_won%2C_kid%E2%80%99_P_253.jpg,Category:Universal Pictures publicity photos,2026-09-17
"The Ramblin’ Kid, Hoot Gibson with Laura La Plante ‘No explanation necessary’ P 339 (cropped).jpg","https://commons.wikimedia.org/wiki/File:The_Ramblin%E2%80%99_Kid,_Hoot_Gibson_with_Laura_La_Plante_%E2%80%98No_explanation_necessary%E2%80%99_P_339_(cropped).jpg",https://upload.wikimedia.org/wikipedia/commons/d/d8/The_Ramblin%E2%80%99_Kid%2C_Hoot_Gibson_with_Laura_La_Plante_%E2%80%98No_explanation_necessary%E2%80%99_P_339_%28cropped%29.jpg,Category:Universal Pictures publicity photos,LOWRES
The Rhythm Boys in King of Jazz.jpg,https://commons.wikimedia.org/wiki/File:The_Rhythm_Boys_in_King_of_Jazz.jpg,https://upload.wikimedia.org/wikipedia/commons/f/f3/The_Rhythm_Boys_in_King_of_Jazz.jpg,Category:Universal Pictures publicity photos,TRUE
The Thing 1982 publicity still.jpg,https://commons.wikimedia.org/wiki/File:The_Thing_1982_publicity_still.jpg,https://upload.wikimedia.org/wikipedia/commons/9/92/The_Thing_1982_publicity_still.jpg,Category:Universal Pictures publicity photos,TRUE
The Three Godfathers 3.jpg,https://commons.wikimedia.org/wiki/File:The_Three_Godfathers_3.jpg,https://upload.wikimedia.org/wikipedia/commons/1/15/The_Three_Godfathers_3.jpg,Category:Universal Pictures publicity photos,LOWRES
The Woman in Green (1945) 3.jpg,https://commons.wikimedia.org/wiki/File:The_Woman_in_Green_(1945)_3.jpg,https://upload.wikimedia.org/wikipedia/commons/2/2c/The_Woman_in_Green_%281945%29_3.jpg,Category:Universal Pictures publicity photos,2026-09-21
The-Killers-1946-McGraw-Conrad.jpg,https://commons.wikimedia.org/wiki/File:The-Killers-1946-McGraw-Conrad.jpg,https://upload.wikimedia.org/wikipedia/commons/2/23/The-Killers-1946-McGraw-Conrad.jpg,Category:Universal Pictures publicity photos,TRUE
The Three Godfathers 2.jpg,https://commons.wikimedia.org/wiki/File:The_Three_Godfathers_2.jpg,https://upload.wikimedia.org/wikipedia/commons/9/92/The_Three_Godfathers_2.jpg,Category:Universal Pictures publicity photos,2026-09-24
Tippi Hedren & Rod Taylor The Birds Still.jpg,https://commons.wikimedia.org/wiki/File:Tippi_Hedren_%26_Rod_Taylor_The_Birds_Still.jpg,https://upload.wikimedia.org/wikipedia/commons/f/fa/Tippi_Hedren_%26_Rod_Taylor_The_Birds_Still.jpg,Category:Universal Pictures publicity photos,LOWRES
Touch-of-Evil-1851-26.jpg,https://commons.wikimedia.org/wiki/File:Touch-of-Evil-1851-26.jpg,https://upload.wikimedia.org/wikipedia/commons/0/00/Touch-of-Evil-1851-26.jpg,Category:Universal Pictures publicity photos,TRUE
Touch-of-Evil-Leigh-Heston.jpg,https://commons.wikimedia.org/wiki/File:Touch-of-Evil-Leigh-Heston.jpg,https://upload.wikimedia.org/wikipedia/commons/d/dc/Touch-of-Evil-Leigh-Heston.jpg,Category:Universal Pictures publicity photos,2026-09-14
Touch-of-Evil-Orson-Welles-cropped.jpg,https://commons.wikimedia.org/wiki/File:Touch-of-Evil-Orson-Welles-cropped.jpg,https://upload.wikimedia.org/wikipedia/commons/b/b3/Touch-of-Evil-Orson-Welles-cropped.jpg,Category:Universal Pictures publicity photos,LOWRES
Touch-of-Evil-Orson-Welles.jpg,https://commons.wikimedia.org/wiki/File:Touch-of-Evil-Orson-Welles.jpg,https://upload.wikimedia.org/wikipedia/commons/a/ac/Touch-of-Evil-Orson-Welles.jpg,Category:Universal Pictures publicity photos,TRUE
Trifling with Honor (SAYRE 14624).jpg,https://commons.wikimedia.org/wiki/File:Trifling_with_Honor_(SAYRE_14624).jpg,https://upload.wikimedia.org/wikipedia/commons/1/19/Trifling_with_Honor_%28SAYRE_14624%29.jpg,Category:Universal Pictures publicity photos,TRUE
"Turhan Bey with Universal Studios mailroom workers,1953.jpg","https://commons.wikimedia.org/wiki/File:Turhan_Bey_with_Universal_Studios_mailroom_workers,1953.jpg",https://upload.wikimedia.org/wikipedia/commons/0/01/Turhan_Bey_with_Universal_Studios_mailroom_workers%2C1953.jpg,Category:Universal Pictures publicity photos,TRUE
Adolph Milar and others in Uncle Tom's Cabin.jpg,https://commons.wikimedia.org/wiki/File:Adolph_Milar_and_others_in_Uncle_Tom%27s_Cabin.jpg,https://upload.wikimedia.org/wikipedia/commons/5/57/Adolph_Milar_and_others_in_Uncle_Tom%27s_Cabin.jpg,Category:Universal Pictures publicity photos,FALSE
Arthur Edmund Carewe and Margarita Fischer in Uncle Tom's Cabin.jpg,https://commons.wikimedia.org/wiki/File:Arthur_Edmund_Carewe_and_Margarita_Fischer_in_Uncle_Tom%27s_Cabin.jpg,https://upload.wikimedia.org/wikipedia/commons/a/a1/Arthur_Edmund_Carewe_and_Margarita_Fischer_in_Uncle_Tom%27s_Cabin.jpg,Category:Universal Pictures publicity photos,TRUE
"Eulalie Jensen, George Siegmann, and Bill Dyer in Uncle Tom's Cabin.jpg","https://commons.wikimedia.org/wiki/File:Eulalie_Jensen,_George_Siegmann,_and_Bill_Dyer_in_Uncle_Tom%27s_Cabin.jpg",https://upload.wikimedia.org/wikipedia/commons/e/e6/Eulalie_Jensen%2C_George_Siegmann%2C_and_Bill_Dyer_in_Uncle_Tom%27s_Cabin.jpg,Category:Universal Pictures publicity photos,TRUE
George Siegmann and James B. Lowe in Uncle Tom's Cabin.jpg,https://commons.wikimedia.org/wiki/File:George_Siegmann_and_James_B._Lowe_in_Uncle_Tom%27s_Cabin.jpg,https://upload.wikimedia.org/wikipedia/commons/9/9c/George_Siegmann_and_James_B._Lowe_in_Uncle_Tom%27s_Cabin.jpg,Category:Universal Pictures publicity photos,TRUE
George Siegmann and Margarita Fischer in Uncle Tom's Cabin.jpg,https://commons.wikimedia.org/wiki/File:George_Siegmann_and_Margarita_Fischer_in_Uncle_Tom%27s_Cabin.jpg,https://upload.wikimedia.org/wikipedia/commons/3/3b/George_Siegmann_and_Margarita_Fischer_in_Uncle_Tom%27s_Cabin.jpg,Category:Universal Pictures publicity photos,TRUE
"Gertrude Howard, James B. Lowe, and Margarita Fischer in Uncle Tom's Cabin.jpg","https://commons.wikimedia.org/wiki/File:Gertrude_Howard,_James_B._Lowe,_and_Margarita_Fischer_in_Uncle_Tom%27s_Cabin.jpg",https://upload.wikimedia.org/wikipedia/commons/5/57/Gertrude_Howard%2C_James_B._Lowe%2C_and_Margarita_Fischer_in_Uncle_Tom%27s_Cabin.jpg,Category:Universal Pictures publicity photos,2026-09-20
James B. Lowe and Mararita Fischer in Uncle Tom's Cabin.jpg,https://commons.wikimedia.org/wiki/File:James_B._Lowe_and_Mararita_Fischer_in_Uncle_Tom%27s_Cabin.jpg,https://upload.wikimedia.org/wikipedia/commons/4/49/James_B._Lowe_and_Mararita_Fischer_in_Uncle_Tom%27s_Cabin.jpg,Category:Universal Pictures publicity photos,TRUE
James B. Lowe and Virginia Grey in Uncle Tom's Cabin.jpg,https://commons.wikimedia.org/wiki/File:James_B._Lowe_and_Virginia_Grey_in_Uncle_Tom%27s_Cabin.jpg,https://upload.wikimedia.org/wikipedia/commons/e/e1/James_B._Lowe_and_Virginia_Grey_in_Uncle_Tom%27s_Cabin.jpg,Category:Universal Pictures publicity photos,2026-09-24
John Roche and Virginia Grey in Uncle Tom's Cabin.jpg,https://commons.wikimedia.org/wiki/File:John_Roche_and_Virginia_Grey_in_Uncle_Tom%27s_Cabin.jpg,https://upload.wikimedia.org/wikipedia/commons/a/ac/John_Roche_and_Virginia_Grey_in_Uncle_Tom%27s_Cabin.jpg,Category:Universal Pictures publicity photos,TRUE
"Lucien Littlefield, Margarita Fischer, and George Siegmann in Uncle Tom's Cabin.jpg","https://commons.wikimedia.org/wiki/File:Lucien_Littlefield,_Margarita_Fischer,_and_George_Siegmann_in_Uncle_Tom%27s_Cabin.jpg",https://upload.wikimedia.org/wikipedia/commons/9/94/Lucien_Littlefield%2C_Margarita_Fischer%2C_and_George_Siegmann_in_Uncle_Tom%27s_Cabin.jpg,Category:Universal Pictures publicity photos,FALSE
Margarita Fischer and Arthur Edmund Carewe in Uncle Tom's Cabin.jpg,https://commons.wikimedia.org/wiki/File:Margarita_Fischer_and_Arthur_Edmund_Carewe_in_Uncle_Tom%27s_Cabin.jpg,https://upload.wikimedia.org/wikipedia/commons/0/00/Margarita_Fischer_and_Arthur_Edmund_Carewe_in_Uncle_Tom%27s_Cabin.jpg,Category:Universal Pictures publicity photos,TRUE
Margarita Fischer in Uncle Tom's Cabin.jpg,https://commons.wikimedia.org/wiki/File:Margarita_Fischer_in_Uncle_Tom%27s_Cabin.jpg,https://upload.wikimedia.org/wikipedia/commons/9/93/Margarita_Fischer_in_Uncle_Tom%27s_Cabin.jpg,Category:Universal Pictures publicity photos,TRUE
Mona Ray and Virginia Grey in Uncle Tom's Cabin.jpg,https://commons.wikimedia.org/wiki/File:Mona_Ray_and_Virginia_Grey_in_Uncle_Tom%27s_Cabin.jpg,https://upload.wikimedia.org/wikipedia/commons/2/2a/Mona_Ray_and_Virginia_Grey_in_Uncle_Tom%27s_Cabin.jpg,Category:Universal Pictures publicity photos,TRUE
Virginia Grey and James B. Lowe in Uncle Tom's Cabin.jpg,https://commons.wikimedia.org/wiki/File:Virginia_Grey_and_James_B._Lowe_in_Uncle_Tom%27s_Cabin.jpg,https://upload.wikimedia.org/wikipedia/commons/1/12/Virginia_Grey_and_James_B._Lowe_in_Uncle_Tom%27s_Cabin.jpg,Category:Universal Pictures publicity photos,FALSE
"Virginia Grey, John Roche, and James B. Lowe in Uncle Tom's Cabin.jpg","https://commons.wikimedia.org/wiki/File:Virginia_Grey,_John_Roche,_and_James_B._Lowe_in_Uncle_Tom%27s_Cabin.jpg",https://upload.wikimedia.org/wikipedia/commons/3/38/Virginia_Grey%2C_John_Roche%2C_and_James_B._Lowe_in_Uncle_Tom%27s_Cabin.jpg,Category:Universal Pictures publicity photos,TRUE
Uncle Tom's Cabin (1927) - 1.jpg,https://commons.wikimedia.org/wiki/File:Uncle_Tom%27s_Cabin_(1927)_-_1.jpg,https://upload.wikimedia.org/wikipedia/commons/b/ba/Uncle_Tom%27s_Cabin_%281927%29_-_1.jpg,Category:Universal Pictures publicity photos,TRUE
Uncle Tom's Cabin (1927) - 2.jpg,https://commons.wikimedia.org/wiki/File:Uncle_Tom%27s_Cabin_(1927)_-_2.jpg,https://upload.wikimedia.org/wikipedia/commons/d/db/Uncle_Tom%27s_Cabin_%281927%29_-_2.jpg,Category:Universal Pictures publicity photos,TRUE
Uncle Tom's Cabin (1927) - 3.jpg,https://commons.wikimedia.org/wiki/File:Uncle_Tom%27s_Cabin_(1927)_-_3.jpg,https://upload.wikimedia.org/wikipedia/commons/9/98/Uncle_Tom%27s_Cabin_%281927%29_-_3.jpg,Category:Universal Pictures publicity photos,LOWRES
Uncle Tom's Cabin (1927) - 4.jpg,https://commons.wikimedia.org/wiki/File:Uncle_Tom%27s_Cabin_(1927)_-_4.jpg,https://upload.wikimedia.org/wikipedia/commons/4/4f/Uncle_Tom%27s_Cabin_%281927%29_-_4.jpg,Category:Universal Pictures publicity photos,TRUE
Uncle Tom's Cabin (1927) - 5.jpg,https://commons.wikimedia.org/wiki/File:Uncle_Tom%27s_Cabin_(1927)_-_5.jpg,https://upload.wikimedia.org/wikipedia/commons/0/0c/Uncle_Tom%27s_Cabin_%281927%29_-_5.jpg,Category:Universal Pictures publicity photos,LOWRES
Uncle Tom's Cabin (1927) - 6.jpg,https://commons.wikimedia.org/wiki/File:Uncle_Tom%27s_Cabin_(1927)_-_6.jpg,https://upload.wikimedia.org/wikipedia/commons/f/fb/Uncle_Tom%27s_Cabin_%281927%29_-_6.jpg,Category:Universal Pictures publicity photos,TRUE
Up the Ladder (SAYRE 14178).jpg,https://commons.wikimedia.org/wiki/File:Up_the_Ladder_(SAYRE_14178).jpg,https://upload.wikimedia.org/wikipedia/commons/b/b8/Up_the_Ladder_%28SAYRE_14178%29.jpg,Category:Universal Pictures publicity photos,TRUE
Valerie Hobson by Jack Freulich.jpg,https://commons.wikimedia.org/wiki/File:Valerie_Hobson_by_Jack_Freulich.jpg,https://upload.wikimedia.org/wikipedia/commons/9/91/Valerie_Hobson_by_Jack_Freulich.jpg,Category:Universal Pictures publicity photos,TRUE
The Way of the World still.jpg,https://commons.wikimedia.org/wiki/File:The_Way_of_the_World_still.jpg,https://upload.wikimedia.org/wikipedia/commons/5/58/The_Way_of_the_World_still.jpg,Category:Universal Pictures publicity photos,TRUE
What Love Can Do.jpg,https://commons.wikimedia.org/wiki/File:What_Love_Can_Do.jpg,https://upload.wikimedia.org/wikipedia/commons/d/dc/What_Love_Can_Do.jpg,Category:Universal Pictures publicity photos,LOWRES
Whit Bissell 1947 Brute Force.jpg,https://commons.wikimedia.org/wiki/File:Whit_Bissell_1947_Brute_Force.jpg,https://upload.wikimedia.org/wikipedia/commons/e/e0/Whit_Bissell_1947_Brute_Force.jpg,Category:Universal Pictures publicity photos,TRUE
Wild Honey (1922) - 1.jpg,https://commons.wikimedia.org/wiki/File:Wild_Honey_(1922)_-_1.jpg,https://upload.wikimedia.org/wikipedia/commons/2/26/Wild_Honey_%281922%29_-_1.jpg,Category:Universal Pictures publicity photos,TRUE
Wild Honey (1922) - 10.jpg,https://commons.wikimedia.org/wiki/File:Wild_Honey_(1922)_-_10.jpg,https://upload.wikimedia.org/wikipedia/commons/f/f0/Wild_Honey_%281922%29_-_10.jpg,Category:Universal Pictures publicity photos,TRUE
Wild Honey (1922) - 2.jpg,https://commons.wikimedia.org/wiki/File:Wild_Honey_(1922)_-_2.jpg,https://upload.wikimedia.org/wikipedia/commons/9/91/Wild_Honey_%281922%29_-_2.jpg,Category:Universal Pictures publicity photos,TRUE
Wild Honey (1922) - 3.jpg,https://commons.wikimedia.org/wiki/File:Wild_Honey_(1922)_-_3.jpg,https://upload.wikimedia.org/wikipedia/commons/d/d7/Wild_Honey_%281922%29_-_3.jpg,Category:Universal Pictures publicity photos,LOWRES
Wild Honey (1922) - 4.jpg,https://commons.wikimedia.org/wiki/File:Wild_Honey_(1922)_-_4.jpg,https://upload.wikimedia.org/wikipedia/commons/d/de/Wild_Honey_%281922%29_-_4.jpg,Category:Universal Pictures publicity photos,TRUE
Wild Honey (1922) - 5.jpg,https://commons.wikimedia.org/wiki/File:Wild_Honey_(1922)_-_5.jpg,https://upload.wikimedia.org/wikipedia/commons/3/3d/Wild_Honey_%281922%29_-_5.jpg,Category:Universal Pictures publicity photos,LOWRES
Wild Honey (1922) - 6.jpg,https://commons.wikimedia.org/wiki/File:Wild_Honey_(1922)_-_6.jpg,https://upload.wikimedia.org/wikipedia/commons/4/44/Wild_Honey_%281922%29_-_6.jpg,Category:Universal Pictures publicity photos,LOWRES
Wild Honey (1922) - 7.jpg,https://commons.wikimedia.org/wiki/File:Wild_Honey_(1922)_-_7.jpg,https://upload.wikimedia.org/wikipedia/commons/a/a7/Wild_Honey_%281922%29_-_7.jpg,Category:Universal Pictures publicity photos,TRUE
Wild Honey (1922) - 8.jpg,https://commons.wikimedia.org/wiki/File:Wild_Honey_(1922)_-_8.jpg,https://upload.wikimedia.org/wikipedia/commons/a/aa/Wild_Honey_%281922%29_-_8.jpg,Category:Universal Pictures publicity photos,TRUE
William Hall c1937 by Ray Jones.jpg,https://commons.wikimedia.org/wiki/File:William_Hall_c1937_by_Ray_Jones.jpg,https://upload.wikimedia.org/wikipedia/commons/e/ec/William_Hall_c1937_by_Ray_Jones.jpg,Category:Universal Pictures publicity photos,LOWRES
A Woman's Faith (SAYRE 13971).jpg,https://commons.wikimedia.org/wiki/File:A_Woman%27s_Faith_(SAYRE_13971).jpg,https://upload.wikimedia.org/wikipedia/commons/7/70/A_Woman%27s_Faith_%28SAYRE_13971%29.jpg,Category:Universal Pictures publicity photos,TRUE
Anthony Quinn & Gregory Peck The World in His Arms press photo still.jpg,https://commons.wikimedia.org/wiki/File:Anthony_Quinn_%26_Gregory_Peck_The_World_in_His_Arms_press_photo_still.jpg,https://upload.wikimedia.org/wikipedia/commons/4/4c/Anthony_Quinn_%26_Gregory_Peck_The_World_in_His_Arms_press_photo_still.jpg,Category:Universal Pictures publicity photos,LOWRES
"(L-to-R) George Chakiris, Yvette Mimieux, & James Darren - ""Diamond Head"" (1962) promotional photo.jpg","https://commons.wikimedia.org/wiki/File:(L-to-R)_George_Chakiris,_Yvette_Mimieux,_%26_James_Darren_-_%22Diamond_Head%22_(1962)_promotional_photo.jpg",https://upload.wikimedia.org/wikipedia/commons/6/6b/%28L-to-R%29_George_Chakiris%2C_Yvette_Mimieux%2C_%26_James_Darren_-_%22Diamond_Head%22_%281962%29_promotional_photo.jpg,Category:Columbia Pictures publicity photos,FALSE
A Man's Castle (1933).jpg,https://commons.wikimedia.org/wiki/File:A_Man%27s_Castle_(1933).jpg,https://upload.wikimedia.org/wikipedia/commons/0/08/A_Man%27s_Castle_%281933%29.jpg,Category:Columbia Pictures publicity photos,TRUE
"Adele Jergens by Ned Scott, 1945.jpg","https://commons.wikimedia.org/wiki/File:Adele_Jergens_by_Ned_Scott,_1945.jpg",https://upload.wikimedia.org/wikipedia/commons/e/ea/Adele_Jergens_by_Ned_Scott%2C_1945.jpg,Category:Columbia Pictures publicity photos,LOWRES
Adventures-of-Rusty.jpg,https://commons.wikimedia.org/wiki/File:Adventures-of-Rusty.jpg,https://upload.wikimedia.org/wikipedia/commons/b/bf/Adventures-of-Rusty.jpg,Category:Columbia Pictures publicity photos,TRUE
American Madness still.jpeg,https://commons.wikimedia.org/wiki/File:American_Madness_still.jpeg,https://upload.wikimedia.org/wikipedia/commons/3/35/American_Madness_still.jpeg,Category:Columbia Pictures publicity photos,TRUE
James Stewart & Ben Gazzara Anatomy of a Murder Still.jpg,https://commons.wikimedia.org/wiki/File:James_Stewart_%26_Ben_Gazzara_Anatomy_of_a_Murder_Still.jpg,https://upload.wikimedia.org/wikipedia/commons/3/3b/James_Stewart_%26_Ben_Gazzara_Anatomy_of_a_Murder_Still.jpg,Category:Columbia Pictures publicity photos,LOWRES
"Ann Miller and William Wright by Edward Cronenweth, 1945.jpg","https://commons.wikimedia.org/wiki/File:Ann_Miller_and_William_Wright_by_Edward_Cronenweth,_1945.jpg",https://upload.wikimedia.org/wikipedia/commons/2/27/Ann_Miller_and_William_Wright_by_Edward_Cronenweth%2C_1945.jpg,Category:Columbia Pictures publicity photos,2026-09-21
"Ann Miller by Ned Scott, May 1946.jpg","https://commons.wikimedia.org/wiki/File:Ann_Miller_by_Ned_Scott,_May_1946.jpg",https://upload.wikimedia.org/wikipedia/commons/8/8e/Ann_Miller_by_Ned_Scott%2C_May_1946.jpg,Category:Columbia Pictures publicity photos,2026-09-15
"Ann Miller rubs lotion into her bare feet, 1944 (cropped).jpg","https://commons.wikimedia.org/wiki/File:Ann_Miller_rubs_lotion_into_her_bare_feet,_1944_(cropped).jpg",https://upload.wikimedia.org/wikipedia/commons/8/83/Ann_Miller_rubs_lotion_into_her_bare_feet%2C_1944_%28cropped%29.jpg,Category:Columbia Pictures publicity photos,TRUE
"Ann Miller rubs lotion into her bare feet, 1944.jpg","https://commons.wikimedia.org/wiki/File:Ann_Miller_rubs_lotion_into_her_bare_feet,_1944.jpg",https://upload.wikimedia.org/wikipedia/commons/f/f2/Ann_Miller_rubs_lotion_into_her_bare_feet%2C_1944.jpg,Category:Columbia Pictures publicity photos,TRUE
"Ann Savage cultivates her own Victory Garden, 1944.jpg","https://commons.wikimedia.org/wiki/File:Ann_Savage_cultivates_her_own_Victory_Garden,_1944.jpg",https://upload.wikimedia.org/wikipedia/commons/6/6a/Ann_Savage_cultivates_her_own_Victory_Garden%2C_1944.jpg,Category:Columbia Pictures publicity photos,2026-09-21
Arline Judge by A. L. Whitey Schafer.jpg,https://commons.wikimedia.org/wiki/File:Arline_Judge_by_A._L._Whitey_Schafer.jpg,https://upload.wikimedia.org/wikipedia/commons/b/b9/Arline_Judge_by_A._L._Whitey_Schafer.jpg,Category:Columbia Pictures publicity photos,TRUE
Astaire-Hayworth-dancing.JPG,https://commons.wikimedia.org/wiki/File:Astaire-Hayworth-dancing.JPG,https://upload.wikimedia.org/wikipedia/commons/4/42/Astaire-Hayworth-dancing.JPG,Category:Columbia Pictures publicity photos,TRUE
The Awful Truth 1937.jpg,https://commons.wikimedia.org/wiki/File:The_Awful_Truth_1937.jpg,https://upload.wikimedia.org/wikipedia/commons/d/d5/The_Awful_Truth_1937.jpg,Category:Columbia Pictures publicity photos,TRUE
Barbara Britton-Randolph Scott-Dorothy Hart in Gunfighters.jpg,https://commons.wikimedia.org/wiki/File:Barbara_Britton-Randolph_Scott-Dorothy_Hart_in_Gunfighters.jpg,https://upload.wikimedia.org/wikipedia/commons/3/3c/Barbara_Britton-Randolph_Scott-Dorothy_Hart_in_Gunfighters.jpg,Category:Columbia Pictures publicity photos,TRUE
Barbara Stanwyck - early still.JPG,https://commons.wikimedia.org/wiki/File:Barbara_Stanwyck_-_early_still.JPG,https://upload.wikimedia.org/wikipedia/commons/3/3e/Barbara_Stanwyck_-_early_still.JPG,Category:Columbia Pictures publicity photos,TRUE
The Barefoot Boy (1923) - 2.jpg,https://commons.wikimedia.org/wiki/File:The_Barefoot_Boy_(1923)_-_2.jpg,https://upload.wikimedia.org/wikipedia/commons/9/9a/The_Barefoot_Boy_%281923%29_-_2.jpg,Category:Columbia Pictures publicity photos,TRUE
John Bowers and Tully Marshall in The Barefoot Boy.jpg,https://commons.wikimedia.org/wiki/File:John_Bowers_and_Tully_Marshall_in_The_Barefoot_Boy.jpg,https://upload.wikimedia.org/wikipedia/commons/f/f5/John_Bowers_and_Tully_Marshall_in_The_Barefoot_Boy.jpg,Category:Columbia Pictures publicity photos,2026-09-11
"Bill Hayes as Doug Williams ""Days of our Lives"" (1976 Columbia publicity photo).jpg",https://commons.wikimedia.org/wiki/File:Bill_Hayes_as_Doug_Williams_%22Days_of_our_Lives%22_(1976_Columbia_publicity_photo).jpg,https://upload.wikimedia.org/wikipedia/commons/c/cd/Bill_Hayes_as_Doug_Williams_%22Days_of_our_Lives%22_%281976_Columbia_publicity_photo%29.jpg,Category:Columbia Pictures publicity photos,2026-09-23
Boris Karloff by A. L. Whitey Schafer.jpg,https://commons.wikimedia.org/wiki/File:Boris_Karloff_by_A._L._Whitey_Schafer.jpg,https://upload.wikimedia.org/wikipedia/commons/3/32/Boris_Karloff_by_A._L._Whitey_Schafer.jpg,Category:Columbia Pictures publicity photos,LOWRES
Goldie Hawn - 1970.jpg,https://commons.wikimedia.org/wiki/File:Goldie_Hawn_-_1970.jpg,https://upload.wikimedia.org/wikipedia/commons/7/73/Goldie_Hawn_-_1970.jpg,Category:Columbia Pictures publicity photos,2026-09-23
Capra-signed 1930s.jpg,https://commons.wikimedia.org/wiki/File:Capra-signed_1930s.jpg,https://upload.wikimedia.org/wikipedia/commons/a/ab/Capra-signed_1930s.jpg,Category:Columbia Pictures publicity photos,LOWRES
Carole Lombard Brief Moment still.jpg,https://commons.wikimedia.org/wiki/File:Carole_Lombard_Brief_Moment_still.jpg,https://upload.wikimedia.org/wikipedia/commons/0/06/Carole_Lombard_Brief_Moment_still.jpg,Category:Columbia Pictures publicity photos,LOWRES
"Chakiris ""Diamond Head"" (1962) promo squared crop.jpg",https://commons.wikimedia.org/wiki/File:Chakiris_%22Diamond_Head%22_(1962)_promo_squared_crop.jpg,https://upload.wikimedia.org/wikipedia/commons/f/f4/Chakiris_%22Diamond_Head%22_%281962%29_promo_squared_crop.jpg,Category:Columbia Pictures publicity photos,TRUE
Claire Trevor.jpg,https://commons.wikimedia.org/wiki/File:Claire_Trevor.jpg,https://upload.wikimedia.org/wikipedia/commons/8/83/Claire_Trevor.jpg,Category:Columbia Pictures publicity photos,TRUE
Claudia-McNeil.jpg,https://commons.wikimedia.org/wiki/File:Claudia-McNeil.jpg,https://upload.wikimedia.org/wikipedia/commons/2/22/Claudia-McNeil.jpg,Category:Columbia Pictures publicity photos,TRUE
"David Cassidy ""Man Undercover"" (1978 Columbia publicity photo).jpg",https://commons.wikimedia.org/wiki/File:David_Cassidy_%22Man_Undercover%22_(1978_Columbia_publicity_photo).jpg,https://upload.wikimedia.org/wikipedia/commons/f/fc/David_Cassidy_%22Man_Undercover%22_%281978_Columbia_publicity_photo%29.jpg,Category:Columbia Pictures publicity photos,FALSE
Glenn Ford-Claire Trevor in The Desperadoes.jpg,https://commons.wikimedia.org/wiki/File:Glenn_Ford-Claire_Trevor_in_The_Desperadoes.jpg,https://upload.wikimedia.org/wikipedia/commons/9/92/Glenn_Ford-Claire_Trevor_in_The_Desperadoes.jpg,Category:Columbia Pictures publicity photos,TRUE
Marguerite Chapman-Glenn Ford in Destroyer.jpg,https://commons.wikimedia.org/wiki/File:Marguerite_Chapman-Glenn_Ford_in_Destroyer.jpg,https://upload.wikimedia.org/wikipedia/commons/e/ec/Marguerite_Chapman-Glenn_Ford_in_Destroyer.jpg,Category:Columbia Pictures publicity photos,TRUE
"Diana Douglas with a Bhudda statue, 1952.jpg","https://commons.wikimedia.org/wiki/File:Diana_Douglas_with_a_Bhudda_statue,_1952.jpg",https://upload.wikimedia.org/wikipedia/commons/c/ce/Diana_Douglas_with_a_Bhudda_statue%2C_1952.jpg,Category:Columbia Pictures publicity photos,LOWRES
Dorothy Malone and Randolph Scott star in The Nevadan in 1950.jpg,https://commons.wikimedia.org/wiki/File:Dorothy_Malone_and_Randolph_Scott_star_in_The_Nevadan_in_1950.jpg,https://upload.wikimedia.org/wikipedia/commons/9/90/Dorothy_Malone_and_Randolph_Scott_star_in_The_Nevadan_in_1950.jpg,Category:Columbia Pictures publicity photos,LOWRES
Rita Hayworth and Larry Parks by Ned Scott. 1947.jpg,https://commons.wikimedia.org/wiki/File:Rita_Hayworth_and_Larry_Parks_by_Ned_Scott._1947.jpg,https://upload.wikimedia.org/wikipedia/commons/d/dc/Rita_Hayworth_and_Larry_Parks_by_Ned_Scott._1947.jpg,Category:Columbia Pictures publicity photos,TRUE
The Eternal Woman (1929) 1.jpg,https://commons.wikimedia.org/wiki/File:The_Eternal_Woman_(1929)_1.jpg,https://upload.wikimedia.org/wikipedia/commons/6/63/The_Eternal_Woman_%281929%29_1.jpg,Category:Columbia Pictures publicity photos,LOWRES
"Eve Knew Her Apples by Edward Cronenweth, 1945.jpg","https://commons.wikimedia.org/wiki/File:Eve_Knew_Her_Apples_by_Edward_Cronenweth,_1945.jpg",https://upload.wikimedia.org/wikipedia/commons/c/c5/Eve_Knew_Her_Apples_by_Edward_Cronenweth%2C_1945.jpg,Category:Columbia Pictures publicity photos,TRUE
Evelyn Keyes by A. L. Whitey Schafer.jpg,https://commons.wikimedia.org/wiki/File:Evelyn_Keyes_by_A._L._Whitey_Schafer.jpg,https://upload.wikimedia.org/wikipedia/commons/5/59/Evelyn_Keyes_by_A._L._Whitey_Schafer.jpg,Category:Columbia Pictures publicity photos,LOWRES
Fay Wray by A. L. Whitey Schafer2.jpg,https://commons.wikimedia.org/wiki/File:Fay_Wray_by_A._L._Whitey_Schafer2.jpg,https://upload.wikimedia.org/wikipedia/commons/8/85/Fay_Wray_by_A._L._Whitey_Schafer2.jpg,Category:Columbia Pictures publicity photos,LOWRES
Willard Parker in The Fighting Guardsman.jpg,https://commons.wikimedia.org/wiki/File:Willard_Parker_in_The_Fighting_Guardsman.jpg,https://upload.wikimedia.org/wikipedia/commons/0/07/Willard_Parker_in_The_Fighting_Guardsman.jpg,Category:Columbia Pictures publicity photos,TRUE
Karen Black Five Easy Pieces 1970.jpg,https://commons.wikimedia.org/wiki/File:Karen_Black_Five_Easy_Pieces_1970.jpg,https://upload.wikimedia.org/wikipedia/commons/d/d2/Karen_Black_Five_Easy_Pieces_1970.jpg,Category:Columbia Pictures publicity photos,LOWRES
Donald Cook and Mary Brian on set of Fog.jpg,https://commons.wikimedia.org/wiki/File:Donald_Cook_and_Mary_Brian_on_set_of_Fog.jpg,https://upload.wikimedia.org/wikipedia/commons/e/e9/Donald_Cook_and_Mary_Brian_on_set_of_Fog.jpg,Category:Columbia Pictures publicity photos,TRUE
Frank Sinatra (1957 Pal Joey publicity photo).jpg,https://commons.wikimedia.org/wiki/File:Frank_Sinatra_(1957_Pal_Joey_publicity_photo).jpg,https://upload.wikimedia.org/wikipedia/commons/4/43/Frank_Sinatra_%281957_Pal_Joey_publicity_photo%29.jpg,Category:Columbia Pictures publicity photos,2026-09-06
"Frank Sinatra (1957 Pal Joey publicity photo, looking over shoulder - cropped).jpg","https://commons.wikimedia.org/wiki/File:Frank_Sinatra_(1957_Pal_Joey_publicity_photo,_looking_over_shoulder_-_cropped).jpg",https://upload.wikimedia.org/wikipedia/commons/2/2f/Frank_Sinatra_%281957_Pal_Joey_publicity_photo%2C_looking_over_shoulder_-_cropped%29.jpg,Category:Columbia Pictures publicity photos,LOWRES
"Frank Sinatra (1957 Pal Joey publicity photo, looking over shoulder).jpg","https://commons.wikimedia.org/wiki/File:Frank_Sinatra_(1957_Pal_Joey_publicity_photo,_looking_over_shoulder).jpg",https://upload.wikimedia.org/wikipedia/commons/8/88/Frank_Sinatra_%281957_Pal_Joey_publicity_photo%2C_looking_over_shoulder%29.jpg,Category:Columbia Pictures publicity photos,2026-09-06
"Frank Sinatra (1957 Pal Joey publicity photo, seated).jpg","https://commons.wikimedia.org/wiki/File:Frank_Sinatra_(1957_Pal_Joey_publicity_photo,_seated).jpg",https://upload.wikimedia.org/wikipedia/commons/a/ab/Frank_Sinatra_%281957_Pal_Joey_publicity_photo%2C_seated%29.jpg,Category:Columbia Pictures publicity photos,2026-09-06
Fred MacMurray-Marguerite Chapman in Pardon My Past.jpg,https://commons.wikimedia.org/wiki/File:Fred_MacMurray-Marguerite_Chapman_in_Pardon_My_Past.jpg,https://upload.wikimedia.org/wikipedia/commons/f/ff/Fred_MacMurray-Marguerite_Chapman_in_Pardon_My_Past.jpg,Category:Columbia Pictures publicity photos,TRUE
Fritz Lang and Gloria Grahame on set of Human Desire.jpg,https://commons.wikimedia.org/wiki/File:Fritz_Lang_and_Gloria_Grahame_on_set_of_Human_Desire.jpg,https://upload.wikimedia.org/wikipedia/commons/c/cc/Fritz_Lang_and_Gloria_Grahame_on_set_of_Human_Desire.jpg,Category:Columbia Pictures publicity photos,LOWRES
Gilda-Calleia-Ford.jpg,https://commons.wikimedia.org/wiki/File:Gilda-Calleia-Ford.jpg,https://upload.wikimedia.org/wikipedia/commons/a/a9/Gilda-Calleia-Ford.jpg,Category:Columbia Pictures publicity photos,2026-09-10
Glenn Ford - 1955.jpg,https://commons.wikimedia.org/wiki/File:Glenn_Ford_-_1955.jpg,https://upload.wikimedia.org/wikipedia/commons/d/df/Glenn_Ford_-_1955.jpg,Category:Columbia Pictures publicity photos,LOWRES
William Holden-Cobb-Golden Boy.jpg,https://commons.wikimedia.org/wiki/File:William_Holden-Cobb-Golden_Boy.jpg,https://upload.wikimedia.org/wikipedia/commons/e/e3/William_Holden-Cobb-Golden_Boy.jpg,Category:Columbia Pictures publicity photos,TRUE
Peck Niven 1961.jpg,https://commons.wikimedia.org/wiki/File:Peck_Niven_1961.jpg,https://upload.wikimedia.org/wikipedia/commons/7/73/Peck_Niven_1961.jpg,Category:Columbia Pictures publicity photos,2026-09-16
Hayworth-Blondie-on-a-Budget.jpg,https://commons.wikimedia.org/wiki/File:Hayworth-Blondie-on-a-Budget.jpg,https://upload.wikimedia.org/wikipedia/commons/f/fb/Hayworth-Blondie-on-a-Budget.jpg,Category:Columbia Pictures publicity photos,LOWRES
Hayworth-Gilda-1946-Color.jpg,https://commons.wikimedia.org/wiki/File:Hayworth-Gilda-1946-Color.jpg,https://upload.wikimedia.org/wikipedia/commons/1/12/Hayworth-Gilda-1946-Color.jpg,Category:Columbia Pictures publicity photos,LOWRES
Hayworth-Lady-from-Shanghai-Fashion.jpg,https://commons.wikimedia.org/wiki/File:Hayworth-Lady-from-Shanghai-Fashion.jpg,https://upload.wikimedia.org/wikipedia/commons/9/91/Hayworth-Lady-from-Shanghai-Fashion.jpg,Category:Columbia Pictures publicity photos,TRUE
Hepburn Connery Robin and Marian Still 1976.jpg,https://commons.wikimedia.org/wiki/File:Hepburn_Connery_Robin_and_Marian_Still_1976.jpg,https://upload.wikimedia.org/wikipedia/commons/4/40/Hepburn_Connery_Robin_and_Marian_Still_1976.jpg,Category:Columbia Pictures publicity photos,TRUE
His Girl Friday still 2.jpg,https://commons.wikimedia.org/wiki/File:His_Girl_Friday_still_2.jpg,https://upload.wikimedia.org/wikipedia/commons/6/6c/His_Girl_Friday_still_2.jpg,Category:Columbia Pictures publicity photos,TRUE
His-Girl-Friday-Grant-Russell.jpg,https://commons.wikimedia.org/wiki/File:His-Girl-Friday-Grant-Russell.jpg,https://upload.wikimedia.org/wikipedia/commons/9/98/His-Girl-Friday-Grant-Russell.jpg,Category:Columbia Pictures publicity photos,TRUE
HisgirlFriday.jpg,https://commons.wikimedia.org/wiki/File:HisgirlFriday.jpg,https://upload.wikimedia.org/wikipedia/commons/8/8d/HisgirlFriday.jpg,Category:Columbia Pictures publicity photos,2026-09-07
Cary Grant Katharine Hepburn Holiday.jpg,https://commons.wikimedia.org/wiki/File:Cary_Grant_Katharine_Hepburn_Holiday.jpg,https://upload.wikimedia.org/wikipedia/commons/a/a7/Cary_Grant_Katharine_Hepburn_Holiday.jpg,Category:Columbia Pictures publicity photos,TRUE
Holiday-Nolan-Grant-Hepburn.jpg,https://commons.wikimedia.org/wiki/File:Holiday-Nolan-Grant-Hepburn.jpg,https://upload.wikimedia.org/wikipedia/commons/a/a1/Holiday-Nolan-Grant-Hepburn.jpg,Category:Columbia Pictures publicity photos,FALSE
Ian MacDonald in The Adventures of Martin Eden.jpg,https://commons.wikimedia.org/wiki/File:Ian_MacDonald_in_The_Adventures_of_Martin_Eden.jpg,https://upload.wikimedia.org/wikipedia/commons/a/a9/Ian_MacDonald_in_The_Adventures_of_Martin_Eden.jpg,Category:Columbia Pictures publicity photos,TRUE
"Ida Lupino - Lust for Gold, 1949.jpg","https://commons.wikimedia.org/wiki/File:Ida_Lupino_-_Lust_for_Gold,_1949.jpg",https://upload.wikimedia.org/wikipedia/commons/9/90/Ida_Lupino_-_Lust_for_Gold%2C_1949.jpg,Category:Columbia Pictures publicity photos,TRUE
Ingrid Bergman Cactus Flower.jpg,https://commons.wikimedia.org/wiki/File:Ingrid_Bergman_Cactus_Flower.jpg,https://upload.wikimedia.org/wikipedia/commons/7/76/Ingrid_Bergman_Cactus_Flower.jpg,Category:Columbia Pictures publicity photos,LOWRES
"Irene Dunne wears a pretty winter wardrobe in 'Together Again', 1947.jpg","https://commons.wikimedia.org/wiki/File:Irene_Dunne_wears_a_pretty_winter_wardrobe_in_%27Together_Again%27,_1947.jpg",https://upload.wikimedia.org/wikipedia/commons/8/8b/Irene_Dunne_wears_a_pretty_winter_wardrobe_in_%27Together_Again%27%2C_1947.jpg,Category:Columbia Pictures publicity photos,LOWRES
James Stewart & Jean Arthur Mr. Smith Goes to Washington Still.jpg,https://commons.wikimedia.org/wiki/File:James_Stewart_%26_Jean_Arthur_Mr._Smith_Goes_to_Washington_Still.jpg,https://upload.wikimedia.org/wikipedia/commons/8/87/James_Stewart_%26_Jean_Arthur_Mr._Smith_Goes_to_Washington_Still.jpg,Category:Columbia Pictures publicity photos,LOWRES
James Stewart - 1959.jpg,https://commons.wikimedia.org/wiki/File:James_Stewart_-_1959.jpg,https://upload.wikimedia.org/wikipedia/commons/0/0b/James_Stewart_-_1959.jpg,Category:Columbia Pictures publicity photos,LOWRES
"James Stewart, George C. Scott, Joseph N. Welch, and Brooks West Anatomy of a Murder.jpg","https://commons.wikimedia.org/wiki/File:James_Stewart,_George_C._Scott,_Joseph_N._Welch,_and_Brooks_West_Anatomy_of_a_Murder.jpg",https://upload.wikimedia.org/wikipedia/commons/e/e0/James_Stewart%2C_George_C._Scott%2C_Joseph_N._Welch%2C_and_Brooks_West_Anatomy_of_a_Murder.jpg,Category:Columbia Pictures publicity photos,2026-08-31
Jean Arthur - signed.jpg,https://commons.wikimedia.org/wiki/File:Jean_Arthur_-_signed.jpg,https://upload.wikimedia.org/wikipedia/commons/1/1c/Jean_Arthur_-_signed.jpg,Category:Columbia Pictures publicity photos,TRUE
Jean Arthur - Smith.JPG,https://commons.wikimedia.org/wiki/File:Jean_Arthur_-_Smith.JPG,https://upload.wikimedia.org/wikipedia/commons/0/02/Jean_Arthur_-_Smith.JPG,Category:Columbia Pictures publicity photos,TRUE
Joan Merrill by A. L. Whitey Schafer.jpg,https://commons.wikimedia.org/wiki/File:Joan_Merrill_by_A._L._Whitey_Schafer.jpg,https://upload.wikimedia.org/wikipedia/commons/1/1c/Joan_Merrill_by_A._L._Whitey_Schafer.jpg,Category:Columbia Pictures publicity photos,TRUE
"John Barrymore, Carole Lombard Twentieth Century still.jpg","https://commons.wikimedia.org/wiki/File:John_Barrymore,_Carole_Lombard_Twentieth_Century_still.jpg",https://upload.wikimedia.org/wikipedia/commons/0/09/John_Barrymore%2C_Carole_Lombard_Twentieth_Century_still.jpg,Category:Columbia Pictures publicity photos,2026-09-02
John Derek - still.jpg,https://commons.wikimedia.org/wiki/File:John_Derek_-_still.jpg,https://upload.wikimedia.org/wikipedia/commons/9/95/John_Derek_-_still.jpg,Category:Columbia Pictures publicity photos,LOWRES
Katharine Hepburn promo pic 2.jpg,https://commons.wikimedia.org/wiki/File:Katharine_Hepburn_promo_pic_2.jpg,https://upload.wikimedia.org/wikipedia/commons/3/39/Katharine_Hepburn_promo_pic_2.jpg,Category:Columbia Pictures publicity photos,TRUE
"Kim Novak is in 'Phffft', 1954.jpg","https://commons.wikimedia.org/wiki/File:Kim_Novak_is_in_%27Phffft%27,_1954.jpg",https://upload.wikimedia.org/wikipedia/commons/1/19/Kim_Novak_is_in_%27Phffft%27%2C_1954.jpg,Category:Columbia Pictures publicity photos,2026-09-07
Lady-for-a-Day-William-Robson.jpg,https://commons.wikimedia.org/wiki/File:Lady-for-a-Day-William-Robson.jpg,https://upload.wikimedia.org/wikipedia/commons/f/f4/Lady-for-a-Day-William-Robson.jpg,Category:Columbia Pictures publicity photos,LOWRES
Leopold Dilg and Nora Shelley.jpg,https://commons.wikimedia.org/wiki/File:Leopold_Dilg_and_Nora_Shelley.jpg,https://upload.wikimedia.org/wikipedia/commons/c/cc/Leopold_Dilg_and_Nora_Shelley.jpg,Category:Columbia Pictures publicity photos,TRUE
"Leslie Uggams ""Fantasy"" (1983 Columbia press photo).jpg",https://commons.wikimedia.org/wiki/File:Leslie_Uggams_%22Fantasy%22_(1983_Columbia_press_photo).jpg,https://upload.wikimedia.org/wikipedia/commons/4/48/Leslie_Uggams_%22Fantasy%22_%281983_Columbia_press_photo%29.jpg,Category:Columbia Pictures publicity photos,TRUE
Lew Ayres by A. L. Whitey Schafer 2.jpg,https://commons.wikimedia.org/wiki/File:Lew_Ayres_by_A._L._Whitey_Schafer_2.jpg,https://upload.wikimedia.org/wikipedia/commons/6/64/Lew_Ayres_by_A._L._Whitey_Schafer_2.jpg,Category:Columbia Pictures publicity photos,2026-09-07
Lew Ayres by A. L. Whitey Schafer.jpg,https://commons.wikimedia.org/wiki/File:Lew_Ayres_by_A._L._Whitey_Schafer.jpg,https://upload.wikimedia.org/wikipedia/commons/8/83/Lew_Ayres_by_A._L._Whitey_Schafer.jpg,Category:Columbia Pictures publicity photos,FALSE
Lizabeth Scott-publicity.JPG,https://commons.wikimedia.org/wiki/File:Lizabeth_Scott-publicity.JPG,https://upload.wikimedia.org/wikipedia/commons/c/c4/Lizabeth_Scott-publicity.JPG,Category:Columbia Pictures publicity photos,2026-09-10
Lois maxwell in The Dark Past movie.jpg,https://commons.wikimedia.org/wiki/File:Lois_maxwell_in_The_Dark_Past_movie.jpg,https://upload.wikimedia.org/wikipedia/commons/a/a2/Lois_maxwell_in_The_Dark_Past_movie.jpg,Category:Columbia Pictures publicity photos,TRUE
John Howard-Ruth Ford.jpg,https://commons.wikimedia.org/wiki/File:John_Howard-Ruth_Ford.jpg,https://upload.wikimedia.org/wikipedia/commons/e/e0/John_Howard-Ruth_Ford.jpg,Category:Columbia Pictures publicity photos,TRUE
Spencer Tracy Loretta Young Man's Castle.jpg,https://commons.wikimedia.org/wiki/File:Spencer_Tracy_Loretta_Young_Man%27s_Castle.jpg,https://upload.wikimedia.org/wikipedia/commons/1/19/Spencer_Tracy_Loretta_Young_Man%27s_Castle.jpg,Category:Columbia Pictures publicity photos,LOWRES
Man's Castle (1933).jpg,https://commons.wikimedia.org/wiki/File:Man%27s_Castle_(1933).jpg,https://upload.wikimedia.org/wikipedia/commons/a/ab/Man%27s_Castle_%281933%29.jpg,Category:Columbia Pictures publicity photos,TRUE
Marilyn-by Cronenweth-Reverse.JPG,https://commons.wikimedia.org/wiki/File:Marilyn-by_Cronenweth-Reverse.JPG,https://upload.wikimedia.org/wikipedia/commons/5/5e/Marilyn-by_Cronenweth-Reverse.JPG,Category:Columbia Pictures publicity photos,TRUE
Marilyn-by Cronenweth.JPG,https://commons.wikimedia.org/wiki/File:Marilyn-by_Cronenweth.JPG,https://upload.wikimedia.org/wikipedia/commons/4/41/Marilyn-by_Cronenweth.JPG,Category:Columbia Pictures publicity photos,LOWRES
Lew Cody Laura LaPlante Meet the Wife 1931.jpg,https://commons.wikimedia.org/wiki/File:Lew_Cody_Laura_LaPlante_Meet_the_Wife_1931.jpg,https://upload.wikimedia.org/wikipedia/commons/9/9b/Lew_Cody_Laura_LaPlante_Meet_the_Wife_1931.jpg,Category:Columbia Pictures publicity photos,TRUE
Melvyn Douglas by A. L. Whitey Schafer.jpg,https://commons.wikimedia.org/wiki/File:Melvyn_Douglas_by_A._L._Whitey_Schafer.jpg,https://upload.wikimedia.org/wikipedia/commons/4/48/Melvyn_Douglas_by_A._L._Whitey_Schafer.jpg,Category:Columbia Pictures publicity photos,LOWRES
Melvyn Douglas vintage 1940s studio portrait (cropped).jpg,https://commons.wikimedia.org/wiki/File:Melvyn_Douglas_vintage_1940s_studio_portrait_(cropped).jpg,https://upload.wikimedia.org/wikipedia/commons/8/8f/Melvyn_Douglas_vintage_1940s_studio_portrait_%28cropped%29.jpg,Category:Columbia Pictures publicity photos,TRUE
Melvyn Douglas vintage 1940s studio portrait (cropped2).jpg,https://commons.wikimedia.org/wiki/File:Melvyn_Douglas_vintage_1940s_studio_portrait_(cropped2).jpg,https://upload.wikimedia.org/wikipedia/commons/9/91/Melvyn_Douglas_vintage_1940s_studio_portrait_%28cropped2%29.jpg,Category:Columbia Pictures publicity photos,TRUE
Melvyn Douglas vintage 1940s studio portrait.jpg,https://commons.wikimedia.org/wiki/File:Melvyn_Douglas_vintage_1940s_studio_portrait.jpg,https://upload.wikimedia.org/wikipedia/commons/7/75/Melvyn_Douglas_vintage_1940s_studio_portrait.jpg,Category:Columbia Pictures publicity photos,TRUE
James Stewart on the set of Mr Smith Goes to Washington (2) (cropped).jpg,https://commons.wikimedia.org/wiki/File:James_Stewart_on_the_set_of_Mr_Smith_Goes_to_Washington_(2)_(cropped).jpg,https://upload.wikimedia.org/wikipedia/commons/5/55/James_Stewart_on_the_set_of_Mr_Smith_Goes_to_Washington_%282%29_%28cropped%29.jpg,Category:Columbia Pictures publicity photos,2026-08-31
James Stewart on the set of Mr Smith Goes to Washington (2).jpg,https://commons.wikimedia.org/wiki/File:James_Stewart_on_the_set_of_Mr_Smith_Goes_to_Washington_(2).jpg,https://upload.wikimedia.org/wikipedia/commons/7/71/James_Stewart_on_the_set_of_Mr_Smith_Goes_to_Washington_%282%29.jpg,Category:Columbia Pictures publicity photos,2026-08-31
James Stewart on the set of Mr Smith Goes to Washington (3).jpg,https://commons.wikimedia.org/wiki/File:James_Stewart_on_the_set_of_Mr_Smith_Goes_to_Washington_(3).jpg,https://upload.wikimedia.org/wikipedia/commons/d/df/James_Stewart_on_the_set_of_Mr_Smith_Goes_to_Washington_%283%29.jpg,Category:Columbia Pictures publicity photos,2026-08-31
Nina Foch 1945 Escape in the Fog.jpg,https://commons.wikimedia.org/wiki/File:Nina_Foch_1945_Escape_in_the_Fog.jpg,https://upload.wikimedia.org/wikipedia/commons/0/05/Nina_Foch_1945_Escape_in_the_Fog.jpg,Category:Columbia Pictures publicity photos,TRUE
Nora and Michael in Talk of the Town.jpg,https://commons.wikimedia.org/wiki/File:Nora_and_Michael_in_Talk_of_the_Town.jpg,https://upload.wikimedia.org/wikipedia/commons/a/ab/Nora_and_Michael_in_Talk_of_the_Town.jpg,Category:Columbia Pictures publicity photos,TRUE
"Pal Joey promo photo (Hayworth, Sinatra, Novak).jpg","https://commons.wikimedia.org/wiki/File:Pal_Joey_promo_photo_(Hayworth,_Sinatra,_Novak).jpg",https://upload.wikimedia.org/wikipedia/commons/1/12/Pal_Joey_promo_photo_%28Hayworth%2C_Sinatra%2C_Novak%29.jpg,Category:Columbia Pictures publicity photos,TRUE
Patricia Medina-Siren of Bagdad-Promo-Van Pelt.jpg,https://commons.wikimedia.org/wiki/File:Patricia_Medina-Siren_of_Bagdad-Promo-Van_Pelt.jpg,https://upload.wikimedia.org/wikipedia/commons/3/39/Patricia_Medina-Siren_of_Bagdad-Promo-Van_Pelt.jpg,Category:Columbia Pictures publicity photos,FALSE
Ricky Nelson - publicity.JPG,https://commons.wikimedia.org/wiki/File:Ricky_Nelson_-_publicity.JPG,https://upload.wikimedia.org/wikipedia/commons/2/2e/Ricky_Nelson_-_publicity.JPG,Category:Columbia Pictures publicity photos,LOWRES
Rita Hayworth - 1940.JPG,https://commons.wikimedia.org/wiki/File:Rita_Hayworth_-_1940.JPG,https://upload.wikimedia.org/wikipedia/commons/c/c7/Rita_Hayworth_-_1940.JPG,Category:Columbia Pictures publicity photos,LOWRES
Rita Hayworth as 'Gilda'. Photo by Edward Cronenweth.jpg,https://commons.wikimedia.org/wiki/File:Rita_Hayworth_as_%27Gilda%27._Photo_by_Edward_Cronenweth.jpg,https://upload.wikimedia.org/wikipedia/commons/b/b3/Rita_Hayworth_as_%27Gilda%27._Photo_by_Edward_Cronenweth.jpg,Category:Columbia Pictures publicity photos,TRUE
"Rita Hayworth between scenes of 'Down to Earth' with Larry Parks and Roland Culver, 1947.jpg","https://commons.wikimedia.org/wiki/File:Rita_Hayworth_between_scenes_of_%27Down_to_Earth%27_with_Larry_Parks_and_Roland_Culver,_1947.jpg",https://upload.wikimedia.org/wikipedia/commons/3/37/Rita_Hayworth_between_scenes_of_%27Down_to_Earth%27_with_Larry_Parks_and_Roland_Culver%2C_1947.jpg,Category:Columbia Pictures publicity photos,LOWRES
"Rita Hayworth by A. L. Whitey Schafer, 1940.jpg","https://commons.wikimedia.org/wiki/File:Rita_Hayworth_by_A._L._Whitey_Schafer,_1940.jpg",https://upload.wikimedia.org/wikipedia/commons/e/ec/Rita_Hayworth_by_A._L._Whitey_Schafer%2C_1940.jpg,Category:Columbia Pictures publicity photos,LOWRES
"Rita Hayworth serves up spaghetti, 1941.jpg","https://commons.wikimedia.org/wiki/File:Rita_Hayworth_serves_up_spaghetti,_1941.jpg",https://upload.wikimedia.org/wikipedia/commons/e/e6/Rita_Hayworth_serves_up_spaghetti%2C_1941.jpg,Category:Columbia Pictures publicity photos,LOWRES
Rita Hayworth – Angels Over Broadway.jpg,https://commons.wikimedia.org/wiki/File:Rita_Hayworth_%E2%80%93_Angels_Over_Broadway.jpg,https://upload.wikimedia.org/wikipedia/commons/a/a8/Rita_Hayworth_%E2%80%93_Angels_Over_Broadway.jpg,Category:Columbia Pictures publicity photos,TRUE
Rita Hayworth-publicity.JPG,https://commons.wikimedia.org/wiki/File:Rita_Hayworth-publicity.JPG,https://upload.wikimedia.org/wikipedia/commons/3/33/Rita_Hayworth-publicity.JPG,Category:Columbia Pictures publicity photos,LOWRES
Rita-Hayworth-haircut-1946.jpg,https://commons.wikimedia.org/wiki/File:Rita-Hayworth-haircut-1946.jpg,https://upload.wikimedia.org/wikipedia/commons/7/7c/Rita-Hayworth-haircut-1946.jpg,Category:Columbia Pictures publicity photos,2026-09-23
Rita-Hayworth-Rebecca-1946.jpg,https://commons.wikimedia.org/wiki/File:Rita-Hayworth-Rebecca-1946.jpg,https://upload.wikimedia.org/wikipedia/commons/8/86/Rita-Hayworth-Rebecca-1946.jpg,Category:Columbia Pictures publicity photos,TRUE
"Roland Culver, 1947 (crop).jpg","https://commons.wikimedia.org/wiki/File:Roland_Culver,_1947_(crop).jpg",https://upload.wikimedia.org/wikipedia/commons/6/69/Roland_Culver%2C_1947_%28crop%29.jpg,Category:Columbia Pictures publicity photos,LOWRES
Rosalind Russell by A. L. Whitey Schafer 2.jpg,https://commons.wikimedia.org/wiki/File:Rosalind_Russell_by_A._L._Whitey_Schafer_2.jpg,https://upload.wikimedia.org/wikipedia/commons/4/4d/Rosalind_Russell_by_A._L._Whitey_Schafer_2.jpg,Category:Columbia Pictures publicity photos,TRUE
"Shirley Temple and Jerome Courtland in 'Kiss And Tell', 1945.jpg","https://commons.wikimedia.org/wiki/File:Shirley_Temple_and_Jerome_Courtland_in_%27Kiss_And_Tell%27,_1945.jpg",https://upload.wikimedia.org/wikipedia/commons/e/e7/Shirley_Temple_and_Jerome_Courtland_in_%27Kiss_And_Tell%27%2C_1945.jpg,Category:Columbia Pictures publicity photos,FALSE
"Signe Hasso by Ned Scott, Nov 1947.jpg","https://commons.wikimedia.org/wiki/File:Signe_Hasso_by_Ned_Scott,_Nov_1947.jpg",https://upload.wikimedia.org/wikipedia/commons/c/c0/Signe_Hasso_by_Ned_Scott%2C_Nov_1947.jpg,Category:Columbia Pictures publicity photos,2026-09-09
Sirocco film still.jpg,https://commons.wikimedia.org/wiki/File:Sirocco_film_still.jpg,https://upload.wikimedia.org/wikipedia/commons/6/61/Sirocco_film_still.jpg,Category:Columbia Pictures publicity photos,TRUE
So This Is Africa still.jpg,https://commons.wikimedia.org/wiki/File:So_This_Is_Africa_still.jpg,https://upload.wikimedia.org/wikipedia/commons/8/8f/So_This_Is_Africa_still.jpg,Category:Columbia Pictures publicity photos,TRUE
TheSpiderReturns.jpg,https://commons.wikimedia.org/wiki/File:TheSpiderReturns.jpg,https://upload.wikimedia.org/wikipedia/commons/d/da/TheSpiderReturns.jpg,Category:Columbia Pictures publicity photos,TRUE
TheSpiderReturns2.jpg,https://commons.wikimedia.org/wiki/File:TheSpiderReturns2.jpg,https://upload.wikimedia.org/wikipedia/commons/1/15/TheSpiderReturns2.jpg,Category:Columbia Pictures publicity photos,TRUE
TheSpiderReturns3.jpg,https://commons.wikimedia.org/wiki/File:TheSpiderReturns3.jpg,https://upload.wikimedia.org/wikipedia/commons/3/36/TheSpiderReturns3.jpg,Category:Columbia Pictures publicity photos,TRUE
Stanley Kramer.JPG,https://commons.wikimedia.org/wiki/File:Stanley_Kramer.JPG,https://upload.wikimedia.org/wikipedia/commons/5/58/Stanley_Kramer.JPG,Category:Columbia Pictures publicity photos,TRUE
Susan Douglas Rubeš (1951).jpg,https://commons.wikimedia.org/wiki/File:Susan_Douglas_Rube%C5%A1_(1951).jpg,https://upload.wikimedia.org/wikipedia/commons/f/f8/Susan_Douglas_Rube%C5%A1_%281951%29.jpg,Category:Columbia Pictures publicity photos,2026-09-23
Tala Birrell & Ralph Bellamy by A. L. Whitey Schafer.jpg,https://commons.wikimedia.org/wiki/File:Tala_Birrell_%26_Ralph_Bellamy_by_A._L._Whitey_Schafer.jpg,https://upload.wikimedia.org/wikipedia/commons/c/c5/Tala_Birrell_%26_Ralph_Bellamy_by_A._L._Whitey_Schafer.jpg,Category:Columbia Pictures publicity photos,TRUE
Colman-Arthur-publicity.jpg,https://commons.wikimedia.org/wiki/File:Colman-Arthur-publicity.jpg,https://upload.wikimedia.org/wikipedia/commons/e/e7/Colman-Arthur-publicity.jpg,Category:Columbia Pictures publicity photos,TRUE
Jean Arthur - 1942.JPG,https://commons.wikimedia.org/wiki/File:Jean_Arthur_-_1942.JPG,https://upload.wikimedia.org/wikipedia/commons/6/67/Jean_Arthur_-_1942.JPG,Category:Columbia Pictures publicity photos,LOWRES
Ted Donaldson.jpg,https://commons.wikimedia.org/wiki/File:Ted_Donaldson.jpg,https://upload.wikimedia.org/wikipedia/commons/1/13/Ted_Donaldson.jpg,Category:Columbia Pictures publicity photos,LOWRES
The Dark Past 1948 movie publicity still.jpg,https://commons.wikimedia.org/wiki/File:The_Dark_Past_1948_movie_publicity_still.jpg,https://upload.wikimedia.org/wikipedia/commons/c/c7/The_Dark_Past_1948_movie_publicity_still.jpg,Category:Columbia Pictures publicity photos,FALSE
To the Ends of the Earth (1948) Press Photo of Maylia Fong (2).jpg,https://commons.wikimedia.org/wiki/File:To_the_Ends_of_the_Earth_(1948)_Press_Photo_of_Maylia_Fong_(2).jpg,https://upload.wikimedia.org/wikipedia/commons/f/fd/To_the_Ends_of_the_Earth_%281948%29_Press_Photo_of_Maylia_Fong_%282%29.jpg,Category:Columbia Pictures publicity photos,LOWRES
Florence Marly Humphrey Bogart Tokyo Joe.jpg,https://commons.wikimedia.org/wiki/File:Florence_Marly_Humphrey_Bogart_Tokyo_Joe.jpg,https://upload.wikimedia.org/wikipedia/commons/5/50/Florence_Marly_Humphrey_Bogart_Tokyo_Joe.jpg,Category:Columbia Pictures publicity photos,LOWRES
Tonight-and-Every-Night-LIFE-1.jpg,https://commons.wikimedia.org/wiki/File:Tonight-and-Every-Night-LIFE-1.jpg,https://upload.wikimedia.org/wikipedia/commons/f/f8/Tonight-and-Every-Night-LIFE-1.jpg,Category:Columbia Pictures publicity photos,TRUE
Tonight-and-Every-Night-LIFE-2.jpg,https://commons.wikimedia.org/wiki/File:Tonight-and-Every-Night-LIFE-2.jpg,https://upload.wikimedia.org/wikipedia/commons/8/8b/Tonight-and-Every-Night-LIFE-2.jpg,Category:Columbia Pictures publicity photos,TRUE
Tonight-and-Every-Night-LIFE-3.jpg,https://commons.wikimedia.org/wiki/File:Tonight-and-Every-Night-LIFE-3.jpg,https://upload.wikimedia.org/wikipedia/commons/1/1e/Tonight-and-Every-Night-LIFE-3.jpg,Category:Columbia Pictures publicity photos,TRUE
Tonight-and-Every-Night-LIFE-4.jpg,https://commons.wikimedia.org/wiki/File:Tonight-and-Every-Night-LIFE-4.jpg,https://upload.wikimedia.org/wikipedia/commons/a/af/Tonight-and-Every-Night-LIFE-4.jpg,Category:Columbia Pictures publicity photos,TRUE
Tonight-and-Every-Night-LIFE-5.jpg,https://commons.wikimedia.org/wiki/File:Tonight-and-Every-Night-LIFE-5.jpg,https://upload.wikimedia.org/wikipedia/commons/b/ba/Tonight-and-Every-Night-LIFE-5.jpg,Category:Columbia Pictures publicity photos,TRUE
Tonight-and-Every-Night-LIFE-6.jpg,https://commons.wikimedia.org/wiki/File:Tonight-and-Every-Night-LIFE-6.jpg,https://upload.wikimedia.org/wikipedia/commons/7/7f/Tonight-and-Every-Night-LIFE-6.jpg,Category:Columbia Pictures publicity photos,TRUE
Tracy Hepburn Still.jpg,https://commons.wikimedia.org/wiki/File:Tracy_Hepburn_Still.jpg,https://upload.wikimedia.org/wikipedia/commons/c/c1/Tracy_Hepburn_Still.jpg,Category:Columbia Pictures publicity photos,LOWRES
Carole Lombard and John Barrymore.jpg,https://commons.wikimedia.org/wiki/File:Carole_Lombard_and_John_Barrymore.jpg,https://upload.wikimedia.org/wikipedia/commons/6/6b/Carole_Lombard_and_John_Barrymore.jpg,Category:Columbia Pictures publicity photos,2026-09-02
Twentieth Century Still.jpg,https://commons.wikimedia.org/wiki/File:Twentieth_Century_Still.jpg,https://upload.wikimedia.org/wikipedia/commons/2/22/Twentieth_Century_Still.jpg,Category:Columbia Pictures publicity photos,TRUE
Virginia-Van-Upp-1946.jpg,https://commons.wikimedia.org/wiki/File:Virginia-Van-Upp-1946.jpg,https://upload.wikimedia.org/wikipedia/commons/8/8b/Virginia-Van-Upp-1946.jpg,Category:Columbia Pictures publicity photos,2026-09-15
Welles-Hayworth-1946-Cut.jpg,https://commons.wikimedia.org/wiki/File:Welles-Hayworth-1946-Cut.jpg,https://upload.wikimedia.org/wikipedia/commons/c/cb/Welles-Hayworth-1946-Cut.jpg,Category:Columbia Pictures publicity photos,LOWRES
Welles-Wilson-Hayworth-Lady-from-Shanghai.jpg,https://commons.wikimedia.org/wiki/File:Welles-Wilson-Hayworth-Lady-from-Shanghai.jpg,https://upload.wikimedia.org/wikipedia/commons/c/c9/Welles-Wilson-Hayworth-Lady-from-Shanghai.jpg,Category:Columbia Pictures publicity photos,TRUE
The Wife's Relations.jpg,https://commons.wikimedia.org/wiki/File:The_Wife%27s_Relations.jpg,https://upload.wikimedia.org/wikipedia/commons/c/cc/The_Wife%27s_Relations.jpg,Category:Columbia Pictures publicity photos,TRUE
"William Wright by Edward Cronenweth, 1945.jpg","https://commons.wikimedia.org/wiki/File:William_Wright_by_Edward_Cronenweth,_1945.jpg",https://upload.wikimedia.org/wikipedia/commons/1/1e/William_Wright_by_Edward_Cronenweth%2C_1945.jpg,Category:Columbia Pictures publicity photos,2026-09-15
"Astaire, Fred - Never Get Rich.jpg","https://commons.wikimedia.org/wiki/File:Astaire,_Fred_-_Never_Get_Rich.jpg",https://upload.wikimedia.org/wikipedia/commons/6/69/Astaire%2C_Fred_-_Never_Get_Rich.jpg,Category:Columbia Pictures publicity photos,TRUE
Zoltan Korda - Sahara (1943) still cropped.jpg,https://commons.wikimedia.org/wiki/File:Zoltan_Korda_-_Sahara_(1943)_still_cropped.jpg,https://upload.wikimedia.org/wikipedia/commons/a/ab/Zoltan_Korda_-_Sahara_%281943%29_still_cropped.jpg,Category:Columbia Pictures publicity photos,TRUE
